place_type,place_name,category,region,state,city_tier,latitude,longitude,nearest_weather_city,fiscal_year,year,month,month_name,quarter,season,is_peak_season,avg_temp_c,avg_precip_mm,popularity_percentile,domestic_visitors_est,foreign_visitors_est,total_visitors_est,crowd_level,month_sin,month_cos,distance_to_airport_km,festival_day_count,is_festival_month,school_vacation_intensity,usd_inr_rate
Attraction,Baga Beach,Beach,Unknown,Goa,Tier-2/Leisure,15.5553,73.7517,Mumbai,,2022,1,Jan,1,Winter,1,24.6,0.1,0.901,673219.0,50672.0,723891.0,Low,0.49999999999999994,0.8660254037844387,21.3,2,1,0,78.6
Attraction,Baga Beach,Beach,Unknown,Goa,Tier-2/Leisure,15.5553,73.7517,Mumbai,,2022,2,Feb,1,Winter,1,25.7,0.0,0.901,704067.0,52994.0,757061.0,Medium,0.8660254037844386,0.5000000000000001,21.3,0,0,0,78.6
Attraction,Baga Beach,Beach,Unknown,Goa,Tier-2/Leisure,15.5553,73.7517,Mumbai,,2022,3,Mar,1,Summer,1,27.8,0.3,0.901,581248.0,43750.0,624998.0,Low,1.0,6.123233995736766e-17,21.3,1,1,0,78.6
Attraction,Baga Beach,Beach,Unknown,Goa,Tier-2/Leisure,15.5553,73.7517,Mumbai,,2022,4,Apr,2,Summer,0,29.1,0.3,0.901,440534.0,33159.0,473693.0,Low,0.8660254037844387,-0.4999999999999998,21.3,0,0,1,78.6
Attraction,Baga Beach,Beach,Unknown,Goa,Tier-2/Leisure,15.5553,73.7517,Mumbai,,2022,5,May,2,Summer,0,30.2,1.6,0.901,420958.0,31685.0,452643.0,Low,0.49999999999999994,-0.8660254037844387,21.3,0,0,3,78.6
Attraction,Baga Beach,Beach,Unknown,Goa,Tier-2/Leisure,15.5553,73.7517,Mumbai,,2022,6,Jun,2,Summer,0,29.2,19.8,0.901,455029.0,34249.0,489278.0,Low,1.2246467991473532e-16,-1.0,21.3,0,0,2,78.6
Attraction,Baga Beach,Beach,Unknown,Goa,Tier-2/Leisure,15.5553,73.7517,Mumbai,,2022,7,Jul,3,Monsoon,0,28.0,29.3,0.901,544982.0,41020.0,586002.0,Low,-0.4999999999999997,-0.8660254037844388,21.3,0,0,0,78.6
Attraction,Baga Beach,Beach,Unknown,Goa,Tier-2/Leisure,15.5553,73.7517,Mumbai,,2022,8,Aug,3,Monsoon,0,27.7,17.0,0.901,449220.0,33812.0,483032.0,Low,-0.8660254037844385,-0.5000000000000004,21.3,3,1,0,78.6
Attraction,Baga Beach,Beach,Unknown,Goa,Tier-2/Leisure,15.5553,73.7517,Mumbai,,2022,9,Sep,3,Monsoon,0,27.9,15.1,0.901,462672.0,34825.0,497497.0,Low,-1.0,-1.8369701987210297e-16,21.3,1,1,0,78.6
Attraction,Baga Beach,Beach,Unknown,Goa,Tier-2/Leisure,15.5553,73.7517,Mumbai,,2022,10,Oct,4,Autumn,1,28.9,4.7,0.901,572888.0,43121.0,616009.0,Low,-0.8660254037844386,0.5000000000000001,21.3,2,1,1,78.6
Attraction,Baga Beach,Beach,Unknown,Goa,Tier-2/Leisure,15.5553,73.7517,Mumbai,,2022,11,Nov,4,Autumn,1,28.2,0.8,0.901,656510.0,49415.0,705925.0,Low,-0.5000000000000004,0.8660254037844384,21.3,0,0,0,78.6
Attraction,Baga Beach,Beach,Unknown,Goa,Tier-2/Leisure,15.5553,73.7517,Mumbai,,2022,12,Dec,4,Winter,1,25.9,0.9,0.901,722395.0,54374.0,776769.0,Medium,-2.4492935982947064e-16,1.0,21.3,1,1,2,78.6
Attraction,Darjeeling,Hill Station,Unknown,West Bengal,Tier-2/Leisure,27.0378,88.2631,Bhubaneswar,,2022,1,Jan,1,Winter,1,26.1,2.1,0.979,8016577.0,603398.0,8619975.0,High,0.49999999999999994,0.8660254037844387,346.3,2,1,0,78.6
Attraction,Darjeeling,Hill Station,Unknown,West Bengal,Tier-2/Leisure,27.0378,88.2631,Bhubaneswar,,2022,2,Feb,1,Winter,1,26.1,2.1,0.979,8383912.0,631047.0,9014959.0,High,0.8660254037844386,0.5000000000000001,346.3,0,0,0,78.6
Attraction,Darjeeling,Hill Station,Unknown,West Bengal,Tier-2/Leisure,27.0378,88.2631,Bhubaneswar,,2022,3,Mar,1,Summer,1,26.1,2.1,0.979,6921408.0,520966.0,7442374.0,High,1.0,6.123233995736766e-17,346.3,1,1,0,78.6
Attraction,Darjeeling,Hill Station,Unknown,West Bengal,Tier-2/Leisure,27.0378,88.2631,Bhubaneswar,,2022,4,Apr,2,Summer,0,26.1,2.1,0.979,5245811.0,394846.0,5640657.0,High,0.8660254037844387,-0.4999999999999998,346.3,0,0,1,78.6
Attraction,Darjeeling,Hill Station,Unknown,West Bengal,Tier-2/Leisure,27.0378,88.2631,Bhubaneswar,,2022,5,May,2,Summer,0,26.1,2.1,0.979,5012701.0,377300.0,5390001.0,High,0.49999999999999994,-0.8660254037844387,346.3,0,0,3,78.6
Attraction,Darjeeling,Hill Station,Unknown,West Bengal,Tier-2/Leisure,27.0378,88.2631,Bhubaneswar,,2022,6,Jun,2,Summer,0,26.1,2.1,0.979,5418408.0,407837.0,5826245.0,High,1.2246467991473532e-16,-1.0,346.3,0,0,2,78.6
Attraction,Darjeeling,Hill Station,Unknown,West Bengal,Tier-2/Leisure,27.0378,88.2631,Bhubaneswar,,2022,7,Jul,3,Monsoon,0,26.1,2.1,0.979,6489550.0,488461.0,6978011.0,High,-0.4999999999999997,-0.8660254037844388,346.3,0,0,0,78.6
Attraction,Darjeeling,Hill Station,Unknown,West Bengal,Tier-2/Leisure,27.0378,88.2631,Bhubaneswar,,2022,8,Aug,3,Monsoon,0,26.1,2.1,0.979,5349236.0,402631.0,5751867.0,High,-0.8660254037844385,-0.5000000000000004,346.3,3,1,0,78.6
Attraction,Darjeeling,Hill Station,Unknown,West Bengal,Tier-2/Leisure,27.0378,88.2631,Bhubaneswar,,2022,9,Sep,3,Monsoon,0,26.1,2.1,0.979,5509424.0,414688.0,5924112.0,High,-1.0,-1.8369701987210297e-16,346.3,1,1,0,78.6
Attraction,Darjeeling,Hill Station,Unknown,West Bengal,Tier-2/Leisure,27.0378,88.2631,Bhubaneswar,,2022,10,Oct,4,Autumn,1,26.1,2.1,0.979,6821862.0,513474.0,7335336.0,High,-0.8660254037844386,0.5000000000000001,346.3,2,1,1,78.6
Attraction,Darjeeling,Hill Station,Unknown,West Bengal,Tier-2/Leisure,27.0378,88.2631,Bhubaneswar,,2022,11,Nov,4,Autumn,1,26.1,2.1,0.979,7817608.0,588422.0,8406030.0,High,-0.5000000000000004,0.8660254037844384,346.3,0,0,0,78.6
Attraction,Darjeeling,Hill Station,Unknown,West Bengal,Tier-2/Leisure,27.0378,88.2631,Bhubaneswar,,2022,12,Dec,4,Winter,1,26.1,2.1,0.979,8602160.0,647474.0,9249634.0,High,-2.4492935982947064e-16,1.0,346.3,1,1,2,78.6
Attraction,Gokarna Main Beach,Beach,Unknown,Karnataka,Tier-2/Leisure,14.5437,74.3136,Bangalore,,2022,1,Jan,1,Winter,1,21.5,0.1,1.0,13837281.0,1041516.0,14878797.0,High,0.49999999999999994,0.8660254037844387,106.5,2,1,0,78.6
Attraction,Gokarna Main Beach,Beach,Unknown,Karnataka,Tier-2/Leisure,14.5437,74.3136,Bangalore,,2022,2,Feb,1,Winter,1,23.7,0.4,1.0,14471332.0,1089240.0,15560572.0,High,0.8660254037844386,0.5000000000000001,106.5,0,0,0,78.6
Attraction,Gokarna Main Beach,Beach,Unknown,Karnataka,Tier-2/Leisure,14.5437,74.3136,Bangalore,,2022,3,Mar,1,Summer,1,26.4,1.2,1.0,11946927.0,899231.0,12846158.0,High,1.0,6.123233995736766e-17,106.5,1,1,0,78.6
Attraction,Gokarna Main Beach,Beach,Unknown,Karnataka,Tier-2/Leisure,14.5437,74.3136,Bangalore,,2022,4,Apr,2,Summer,0,27.4,4.6,1.0,9054707.0,681537.0,9736244.0,High,0.8660254037844387,-0.4999999999999998,106.5,0,0,1,78.6
Attraction,Gokarna Main Beach,Beach,Unknown,Karnataka,Tier-2/Leisure,14.5437,74.3136,Bangalore,,2022,5,May,2,Summer,0,26.4,5.8,1.0,8652340.0,651251.0,9303591.0,High,0.49999999999999994,-0.8660254037844387,106.5,0,0,3,78.6
Attraction,Gokarna Main Beach,Beach,Unknown,Karnataka,Tier-2/Leisure,14.5437,74.3136,Bangalore,,2022,6,Jun,2,Summer,0,24.3,4.2,1.0,9352623.0,703961.0,10056584.0,High,1.2246467991473532e-16,-1.0,106.5,0,0,2,78.6
Attraction,Gokarna Main Beach,Beach,Unknown,Karnataka,Tier-2/Leisure,14.5437,74.3136,Bangalore,,2022,7,Jul,3,Monsoon,0,23.3,4.8,1.0,11201505.0,843124.0,12044629.0,High,-0.4999999999999997,-0.8660254037844388,106.5,0,0,0,78.6
Attraction,Gokarna Main Beach,Beach,Unknown,Karnataka,Tier-2/Leisure,14.5437,74.3136,Bangalore,,2022,8,Aug,3,Monsoon,0,23.1,5.7,1.0,9233227.0,694974.0,9928201.0,High,-0.8660254037844385,-0.5000000000000004,106.5,3,1,0,78.6
Attraction,Gokarna Main Beach,Beach,Unknown,Karnataka,Tier-2/Leisure,14.5437,74.3136,Bangalore,,2022,9,Sep,3,Monsoon,0,23.6,8.0,1.0,9509725.0,715786.0,10225511.0,High,-1.0,-1.8369701987210297e-16,106.5,1,1,0,78.6
Attraction,Gokarna Main Beach,Beach,Unknown,Karnataka,Tier-2/Leisure,14.5437,74.3136,Bangalore,,2022,10,Oct,4,Autumn,1,23.2,8.0,1.0,11775103.0,886298.0,12661401.0,High,-0.8660254037844386,0.5000000000000001,106.5,2,1,1,78.6
Attraction,Gokarna Main Beach,Beach,Unknown,Karnataka,Tier-2/Leisure,14.5437,74.3136,Bangalore,,2022,11,Nov,4,Autumn,1,22.1,3.7,1.0,13493843.0,1015666.0,14509509.0,High,-0.5000000000000004,0.8660254037844384,106.5,0,0,0,78.6
Attraction,Gokarna Main Beach,Beach,Unknown,Karnataka,Tier-2/Leisure,14.5437,74.3136,Bangalore,,2022,12,Dec,4,Winter,1,21.0,1.2,1.0,14848044.0,1117595.0,15965639.0,High,-2.4492935982947064e-16,1.0,106.5,1,1,2,78.6
Attraction,Golden Beach Puri,Beach,Unknown,Odisha,Tier-2/Leisure,19.7947,85.8253,Bhubaneswar,,2022,1,Jan,1,Winter,1,26.1,2.1,0.908,739091.0,55630.0,794721.0,Medium,0.49999999999999994,0.8660254037844387,50.0,2,1,0,78.6
Attraction,Golden Beach Puri,Beach,Unknown,Odisha,Tier-2/Leisure,19.7947,85.8253,Bhubaneswar,,2022,2,Feb,1,Winter,1,26.1,2.1,0.908,772957.0,58180.0,831137.0,Medium,0.8660254037844386,0.5000000000000001,50.0,0,0,0,78.6
Attraction,Golden Beach Puri,Beach,Unknown,Odisha,Tier-2/Leisure,19.7947,85.8253,Bhubaneswar,,2022,3,Mar,1,Summer,1,26.1,2.1,0.908,638121.0,48031.0,686152.0,Low,1.0,6.123233995736766e-17,50.0,1,1,0,78.6
Attraction,Golden Beach Puri,Beach,Unknown,Odisha,Tier-2/Leisure,19.7947,85.8253,Bhubaneswar,,2022,4,Apr,2,Summer,0,26.1,2.1,0.908,483639.0,36403.0,520042.0,Low,0.8660254037844387,-0.4999999999999998,50.0,0,0,1,78.6
Attraction,Golden Beach Puri,Beach,Unknown,Odisha,Tier-2/Leisure,19.7947,85.8253,Bhubaneswar,,2022,5,May,2,Summer,0,26.1,2.1,0.908,462148.0,34785.0,496933.0,Low,0.49999999999999994,-0.8660254037844387,50.0,0,0,3,78.6
Attraction,Golden Beach Puri,Beach,Unknown,Odisha,Tier-2/Leisure,19.7947,85.8253,Bhubaneswar,,2022,6,Jun,2,Summer,0,26.1,2.1,0.908,499551.0,37601.0,537152.0,Low,1.2246467991473532e-16,-1.0,50.0,0,0,2,78.6
Attraction,Golden Beach Puri,Beach,Unknown,Odisha,Tier-2/Leisure,19.7947,85.8253,Bhubaneswar,,2022,7,Jul,3,Monsoon,0,26.1,2.1,0.908,598306.0,45034.0,643340.0,Low,-0.4999999999999997,-0.8660254037844388,50.0,0,0,0,78.6
Attraction,Golden Beach Puri,Beach,Unknown,Odisha,Tier-2/Leisure,19.7947,85.8253,Bhubaneswar,,2022,8,Aug,3,Monsoon,0,26.1,2.1,0.908,493174.0,37121.0,530295.0,Low,-0.8660254037844385,-0.5000000000000004,50.0,3,1,0,78.6
Attraction,Golden Beach Puri,Beach,Unknown,Odisha,Tier-2/Leisure,19.7947,85.8253,Bhubaneswar,,2022,9,Sep,3,Monsoon,0,26.1,2.1,0.908,507943.0,38232.0,546175.0,Low,-1.0,-1.8369701987210297e-16,50.0,1,1,0,78.6
Attraction,Golden Beach Puri,Beach,Unknown,Odisha,Tier-2/Leisure,19.7947,85.8253,Bhubaneswar,,2022,10,Oct,4,Autumn,1,26.1,2.1,0.908,628943.0,47340.0,676283.0,Low,-0.8660254037844386,0.5000000000000001,50.0,2,1,1,78.6
Attraction,Golden Beach Puri,Beach,Unknown,Odisha,Tier-2/Leisure,19.7947,85.8253,Bhubaneswar,,2022,11,Nov,4,Autumn,1,26.1,2.1,0.908,720746.0,54250.0,774996.0,Medium,-0.5000000000000004,0.8660254037844384,50.0,0,0,0,78.6
Attraction,Golden Beach Puri,Beach,Unknown,Odisha,Tier-2/Leisure,19.7947,85.8253,Bhubaneswar,,2022,12,Dec,4,Winter,1,26.1,2.1,0.908,793079.0,59694.0,852773.0,Medium,-2.4492935982947064e-16,1.0,50.0,1,1,2,78.6
Attraction,Jim Corbett National Park,Wildlife Sanctuary,Unknown,Uttarakhand,Tier-2/Leisure,29.5522,78.8832,Lucknow,,2022,1,Jan,1,Winter,1,14.1,1.4,0.95,2562191.0,192853.0,2755044.0,Medium,0.49999999999999994,0.8660254037844387,205.7,2,1,0,78.6
Attraction,Jim Corbett National Park,Wildlife Sanctuary,Unknown,Uttarakhand,Tier-2/Leisure,29.5522,78.8832,Lucknow,,2022,2,Feb,1,Winter,1,18.4,1.5,0.95,2679595.0,201690.0,2881285.0,Medium,0.8660254037844386,0.5000000000000001,205.7,0,0,0,78.6
Attraction,Jim Corbett National Park,Wildlife Sanctuary,Unknown,Uttarakhand,Tier-2/Leisure,29.5522,78.8832,Lucknow,,2022,3,Mar,1,Summer,1,23.9,0.8,0.95,2212162.0,166507.0,2378669.0,Medium,1.0,6.123233995736766e-17,205.7,1,1,0,78.6
Attraction,Jim Corbett National Park,Wildlife Sanctuary,Unknown,Uttarakhand,Tier-2/Leisure,29.5522,78.8832,Lucknow,,2022,4,Apr,2,Summer,0,30.0,0.4,0.95,1676622.0,126197.0,1802819.0,Medium,0.8660254037844387,-0.4999999999999998,205.7,0,0,1,78.6
Attraction,Jim Corbett National Park,Wildlife Sanctuary,Unknown,Uttarakhand,Tier-2/Leisure,29.5522,78.8832,Lucknow,,2022,5,May,2,Summer,0,32.6,3.1,0.95,1602118.0,120589.0,1722707.0,Medium,0.49999999999999994,-0.8660254037844387,205.7,0,0,3,78.6
Attraction,Jim Corbett National Park,Wildlife Sanctuary,Unknown,Uttarakhand,Tier-2/Leisure,29.5522,78.8832,Lucknow,,2022,6,Jun,2,Summer,0,32.6,4.8,0.95,1731786.0,130349.0,1862135.0,Medium,1.2246467991473532e-16,-1.0,205.7,0,0,2,78.6
Attraction,Jim Corbett National Park,Wildlife Sanctuary,Unknown,Uttarakhand,Tier-2/Leisure,29.5522,78.8832,Lucknow,,2022,7,Jul,3,Monsoon,0,30.1,9.7,0.95,2074135.0,156118.0,2230253.0,Medium,-0.4999999999999997,-0.8660254037844388,205.7,0,0,0,78.6
Attraction,Jim Corbett National Park,Wildlife Sanctuary,Unknown,Uttarakhand,Tier-2/Leisure,29.5522,78.8832,Lucknow,,2022,8,Aug,3,Monsoon,0,29.5,9.7,0.95,1709678.0,128685.0,1838363.0,Medium,-0.8660254037844385,-0.5000000000000004,205.7,3,1,0,78.6
Attraction,Jim Corbett National Park,Wildlife Sanctuary,Unknown,Uttarakhand,Tier-2/Leisure,29.5522,78.8832,Lucknow,,2022,9,Sep,3,Monsoon,0,28.8,9.7,0.95,1760876.0,132539.0,1893415.0,Medium,-1.0,-1.8369701987210297e-16,205.7,1,1,0,78.6
Attraction,Jim Corbett National Park,Wildlife Sanctuary,Unknown,Uttarakhand,Tier-2/Leisure,29.5522,78.8832,Lucknow,,2022,10,Oct,4,Autumn,1,26.0,1.7,0.95,2180346.0,164112.0,2344458.0,Medium,-0.8660254037844386,0.5000000000000001,205.7,2,1,1,78.6
Attraction,Jim Corbett National Park,Wildlife Sanctuary,Unknown,Uttarakhand,Tier-2/Leisure,29.5522,78.8832,Lucknow,,2022,11,Nov,4,Autumn,1,20.7,0.4,0.95,2498598.0,188066.0,2686664.0,Medium,-0.5000000000000004,0.8660254037844384,205.7,0,0,0,78.6
Attraction,Jim Corbett National Park,Wildlife Sanctuary,Unknown,Uttarakhand,Tier-2/Leisure,29.5522,78.8832,Lucknow,,2022,12,Dec,4,Winter,1,15.8,0.9,0.95,2749350.0,206940.0,2956290.0,Medium,-2.4492935982947064e-16,1.0,205.7,1,1,2,78.6
Attraction,Kaziranga National Park,Wildlife Sanctuary,Unknown,Assam,Tier-2/Leisure,26.6445,93.3525,Bhubaneswar,,2022,1,Jan,1,Winter,1,26.1,2.1,0.915,786022.0,59163.0,845185.0,Medium,0.49999999999999994,0.8660254037844387,185.9,2,1,0,78.6
Attraction,Kaziranga National Park,Wildlife Sanctuary,Unknown,Assam,Tier-2/Leisure,26.6445,93.3525,Bhubaneswar,,2022,2,Feb,1,Winter,1,26.1,2.1,0.915,822038.0,61874.0,883912.0,Medium,0.8660254037844386,0.5000000000000001,185.9,0,0,0,78.6
Attraction,Kaziranga National Park,Wildlife Sanctuary,Unknown,Assam,Tier-2/Leisure,26.6445,93.3525,Bhubaneswar,,2022,3,Mar,1,Summer,1,26.1,2.1,0.915,678641.0,51080.0,729721.0,Low,1.0,6.123233995736766e-17,185.9,1,1,0,78.6
Attraction,Kaziranga National Park,Wildlife Sanctuary,Unknown,Assam,Tier-2/Leisure,26.6445,93.3525,Bhubaneswar,,2022,4,Apr,2,Summer,0,26.1,2.1,0.915,514350.0,38714.0,553064.0,Low,0.8660254037844387,-0.4999999999999998,185.9,0,0,1,78.6
Attraction,Kaziranga National Park,Wildlife Sanctuary,Unknown,Assam,Tier-2/Leisure,26.6445,93.3525,Bhubaneswar,,2022,5,May,2,Summer,0,26.1,2.1,0.915,491493.0,36994.0,528487.0,Low,0.49999999999999994,-0.8660254037844387,185.9,0,0,3,78.6
Attraction,Kaziranga National Park,Wildlife Sanctuary,Unknown,Assam,Tier-2/Leisure,26.6445,93.3525,Bhubaneswar,,2022,6,Jun,2,Summer,0,26.1,2.1,0.915,531273.0,39988.0,571261.0,Low,1.2246467991473532e-16,-1.0,185.9,0,0,2,78.6
Attraction,Kaziranga National Park,Wildlife Sanctuary,Unknown,Assam,Tier-2/Leisure,26.6445,93.3525,Bhubaneswar,,2022,7,Jul,3,Monsoon,0,26.1,2.1,0.915,636298.0,47893.0,684191.0,Low,-0.4999999999999997,-0.8660254037844388,185.9,0,0,0,78.6
Attraction,Kaziranga National Park,Wildlife Sanctuary,Unknown,Assam,Tier-2/Leisure,26.6445,93.3525,Bhubaneswar,,2022,8,Aug,3,Monsoon,0,26.1,2.1,0.915,524490.0,39478.0,563968.0,Low,-0.8660254037844385,-0.5000000000000004,185.9,3,1,0,78.6
Attraction,Kaziranga National Park,Wildlife Sanctuary,Unknown,Assam,Tier-2/Leisure,26.6445,93.3525,Bhubaneswar,,2022,9,Sep,3,Monsoon,0,26.1,2.1,0.915,540196.0,40660.0,580856.0,Low,-1.0,-1.8369701987210297e-16,185.9,1,1,0,78.6
Attraction,Kaziranga National Park,Wildlife Sanctuary,Unknown,Assam,Tier-2/Leisure,26.6445,93.3525,Bhubaneswar,,2022,10,Oct,4,Autumn,1,26.1,2.1,0.915,668880.0,50346.0,719226.0,Low,-0.8660254037844386,0.5000000000000001,185.9,2,1,1,78.6
Attraction,Kaziranga National Park,Wildlife Sanctuary,Unknown,Assam,Tier-2/Leisure,26.6445,93.3525,Bhubaneswar,,2022,11,Nov,4,Autumn,1,26.1,2.1,0.915,766513.0,57694.0,824207.0,Medium,-0.5000000000000004,0.8660254037844384,185.9,0,0,0,78.6
Attraction,Kaziranga National Park,Wildlife Sanctuary,Unknown,Assam,Tier-2/Leisure,26.6445,93.3525,Bhubaneswar,,2022,12,Dec,4,Winter,1,26.1,2.1,0.915,843437.0,63485.0,906922.0,Medium,-2.4492935982947064e-16,1.0,185.9,1,1,2,78.6
Attraction,Madikeri (Coorg),Hill Station,Unknown,Karnataka,Tier-2/Leisure,12.4244,75.7382,Bangalore,,2022,1,Jan,1,Winter,1,21.5,0.1,0.965,3262197.0,245542.0,3507739.0,High,0.49999999999999994,0.8660254037844387,210.3,2,1,0,78.6
Attraction,Madikeri (Coorg),Hill Station,Unknown,Karnataka,Tier-2/Leisure,12.4244,75.7382,Bangalore,,2022,2,Feb,1,Winter,1,23.7,0.4,0.965,3411677.0,256793.0,3668470.0,High,0.8660254037844386,0.5000000000000001,210.3,0,0,0,78.6
Attraction,Madikeri (Coorg),Hill Station,Unknown,Karnataka,Tier-2/Leisure,12.4244,75.7382,Bangalore,,2022,3,Mar,1,Summer,1,26.4,1.2,0.965,2816538.0,211998.0,3028536.0,High,1.0,6.123233995736766e-17,210.3,1,1,0,78.6
Attraction,Madikeri (Coorg),Hill Station,Unknown,Karnataka,Tier-2/Leisure,12.4244,75.7382,Bangalore,,2022,4,Apr,2,Summer,0,27.4,4.6,0.965,2134685.0,160675.0,2295360.0,Medium,0.8660254037844387,-0.4999999999999998,210.3,0,0,1,78.6
Attraction,Madikeri (Coorg),Hill Station,Unknown,Karnataka,Tier-2/Leisure,12.4244,75.7382,Bangalore,,2022,5,May,2,Summer,0,26.4,5.8,0.965,2039826.0,153535.0,2193361.0,Medium,0.49999999999999994,-0.8660254037844387,210.3,0,0,3,78.6
Attraction,Madikeri (Coorg),Hill Station,Unknown,Karnataka,Tier-2/Leisure,12.4244,75.7382,Bangalore,,2022,6,Jun,2,Summer,0,24.3,4.2,0.965,2204920.0,165962.0,2370882.0,Medium,1.2246467991473532e-16,-1.0,210.3,0,0,2,78.6
Attraction,Madikeri (Coorg),Hill Station,Unknown,Karnataka,Tier-2/Leisure,12.4244,75.7382,Bangalore,,2022,7,Jul,3,Monsoon,0,23.3,4.8,0.965,2640802.0,198770.0,2839572.0,Medium,-0.4999999999999997,-0.8660254037844388,210.3,0,0,0,78.6
Attraction,Madikeri (Coorg),Hill Station,Unknown,Karnataka,Tier-2/Leisure,12.4244,75.7382,Bangalore,,2022,8,Aug,3,Monsoon,0,23.1,5.7,0.965,2176772.0,163843.0,2340615.0,Medium,-0.8660254037844385,-0.5000000000000004,210.3,3,1,0,78.6
Attraction,Madikeri (Coorg),Hill Station,Unknown,Karnataka,Tier-2/Leisure,12.4244,75.7382,Bangalore,,2022,9,Sep,3,Monsoon,0,23.6,8.0,0.965,2241958.0,168749.0,2410707.0,Medium,-1.0,-1.8369701987210297e-16,210.3,1,1,0,78.6
Attraction,Madikeri (Coorg),Hill Station,Unknown,Karnataka,Tier-2/Leisure,12.4244,75.7382,Bangalore,,2022,10,Oct,4,Autumn,1,23.2,8.0,0.965,2776030.0,208948.0,2984978.0,High,-0.8660254037844386,0.5000000000000001,210.3,2,1,1,78.6
Attraction,Madikeri (Coorg),Hill Station,Unknown,Karnataka,Tier-2/Leisure,12.4244,75.7382,Bangalore,,2022,11,Nov,4,Autumn,1,22.1,3.7,0.965,3181230.0,239447.0,3420677.0,High,-0.5000000000000004,0.8660254037844384,210.3,0,0,0,78.6
Attraction,Madikeri (Coorg),Hill Station,Unknown,Karnataka,Tier-2/Leisure,12.4244,75.7382,Bangalore,,2022,12,Dec,4,Winter,1,21.0,1.2,0.965,3500488.0,263478.0,3763966.0,High,-2.4492935982947064e-16,1.0,210.3,1,1,2,78.6
Attraction,Mahabalipuram Beach,Beach,Unknown,Tamil Nadu,Tier-2/Leisure,12.6121,80.1969,Chennai,,2022,1,Jan,1,Winter,1,25.0,1.3,0.972,5128482.0,386015.0,5514497.0,High,0.49999999999999994,0.8660254037844387,42.6,2,1,0,78.6
Attraction,Mahabalipuram Beach,Beach,Unknown,Tamil Nadu,Tier-2/Leisure,12.6121,80.1969,Chennai,,2022,2,Feb,1,Winter,1,26.2,0.9,0.972,5363478.0,403703.0,5767181.0,High,0.8660254037844386,0.5000000000000001,42.6,0,0,0,78.6
Attraction,Mahabalipuram Beach,Beach,Unknown,Tamil Nadu,Tier-2/Leisure,12.6121,80.1969,Chennai,,2022,3,Mar,1,Summer,1,28.3,0.9,0.972,4427864.0,333280.0,4761144.0,High,1.0,6.123233995736766e-17,42.6,1,1,0,78.6
Attraction,Mahabalipuram Beach,Beach,Unknown,Tamil Nadu,Tier-2/Leisure,12.6121,80.1969,Chennai,,2022,4,Apr,2,Summer,0,30.3,1.4,0.972,3355926.0,252597.0,3608523.0,High,0.8660254037844387,-0.4999999999999998,42.6,0,0,1,78.6
Attraction,Mahabalipuram Beach,Beach,Unknown,Tamil Nadu,Tier-2/Leisure,12.6121,80.1969,Chennai,,2022,5,May,2,Summer,0,31.7,3.2,0.972,3206798.0,241372.0,3448170.0,High,0.49999999999999994,-0.8660254037844387,42.6,0,0,3,78.6
Attraction,Mahabalipuram Beach,Beach,Unknown,Tamil Nadu,Tier-2/Leisure,12.6121,80.1969,Chennai,,2022,6,Jun,2,Summer,0,31.4,3.6,0.972,3466342.0,260908.0,3727250.0,High,1.2246467991473532e-16,-1.0,42.6,0,0,2,78.6
Attraction,Mahabalipuram Beach,Beach,Unknown,Tamil Nadu,Tier-2/Leisure,12.6121,80.1969,Chennai,,2022,7,Jul,3,Monsoon,0,30.3,5.0,0.972,4151590.0,312485.0,4464075.0,High,-0.4999999999999997,-0.8660254037844388,42.6,0,0,0,78.6
Attraction,Mahabalipuram Beach,Beach,Unknown,Tamil Nadu,Tier-2/Leisure,12.6121,80.1969,Chennai,,2022,8,Aug,3,Monsoon,0,29.6,6.0,0.972,3422091.0,257577.0,3679668.0,High,-0.8660254037844385,-0.5000000000000004,42.6,3,1,0,78.6
Attraction,Mahabalipuram Beach,Beach,Unknown,Tamil Nadu,Tier-2/Leisure,12.6121,80.1969,Chennai,,2022,9,Sep,3,Monsoon,0,29.2,6.0,0.972,3524569.0,265290.0,3789859.0,High,-1.0,-1.8369701987210297e-16,42.6,1,1,0,78.6
Attraction,Mahabalipuram Beach,Beach,Unknown,Tamil Nadu,Tier-2/Leisure,12.6121,80.1969,Chennai,,2022,10,Oct,4,Autumn,1,27.9,13.3,0.972,4364181.0,328487.0,4692668.0,High,-0.8660254037844386,0.5000000000000001,42.6,2,1,1,78.6
Attraction,Mahabalipuram Beach,Beach,Unknown,Tamil Nadu,Tier-2/Leisure,12.6121,80.1969,Chennai,,2022,11,Nov,4,Autumn,1,26.3,16.4,0.972,5001194.0,376434.0,5377628.0,High,-0.5000000000000004,0.8660254037844384,42.6,0,0,0,78.6
Attraction,Mahabalipuram Beach,Beach,Unknown,Tamil Nadu,Tier-2/Leisure,12.6121,80.1969,Chennai,,2022,12,Dec,4,Winter,1,25.3,8.7,0.972,5503099.0,414212.0,5917311.0,High,-2.4492935982947064e-16,1.0,42.6,1,1,2,78.6
Attraction,Manali Hill Station,Hill Station,Unknown,Himachal Pradesh,Tier-2/Leisure,32.2204,77.1926,Delhi,,2022,1,Jan,1,Winter,1,13.4,1.5,0.929,940017.0,70754.0,1010771.0,Medium,0.49999999999999994,0.8660254037844387,233.0,2,1,0,78.6
Attraction,Manali Hill Station,Hill Station,Unknown,Himachal Pradesh,Tier-2/Leisure,32.2204,77.1926,Delhi,,2022,2,Feb,1,Winter,1,17.3,1.7,0.929,983090.0,73996.0,1057086.0,Medium,0.8660254037844386,0.5000000000000001,233.0,0,0,0,78.6
Attraction,Manali Hill Station,Hill Station,Unknown,Himachal Pradesh,Tier-2/Leisure,32.2204,77.1926,Delhi,,2022,3,Mar,1,Summer,1,23.1,1.8,0.929,811598.0,61088.0,872686.0,Medium,1.0,6.123233995736766e-17,233.0,1,1,0,78.6
Attraction,Manali Hill Station,Hill Station,Unknown,Himachal Pradesh,Tier-2/Leisure,32.2204,77.1926,Delhi,,2022,4,Apr,2,Summer,0,29.3,0.6,0.929,615120.0,46299.0,661419.0,Low,0.8660254037844387,-0.4999999999999998,233.0,0,0,1,78.6
Attraction,Manali Hill Station,Hill Station,Unknown,Himachal Pradesh,Tier-2/Leisure,32.2204,77.1926,Delhi,,2022,5,May,2,Summer,0,32.8,2.1,0.929,587785.0,44242.0,632027.0,Low,0.49999999999999994,-0.8660254037844387,233.0,0,0,3,78.6
Attraction,Manali Hill Station,Hill Station,Unknown,Himachal Pradesh,Tier-2/Leisure,32.2204,77.1926,Delhi,,2022,6,Jun,2,Summer,0,33.3,3.7,0.929,635357.0,47823.0,683180.0,Low,1.2246467991473532e-16,-1.0,233.0,0,0,2,78.6
Attraction,Manali Hill Station,Hill Station,Unknown,Himachal Pradesh,Tier-2/Leisure,32.2204,77.1926,Delhi,,2022,7,Jul,3,Monsoon,0,31.1,8.7,0.929,760959.0,57277.0,818236.0,Medium,-0.4999999999999997,-0.8660254037844388,233.0,0,0,0,78.6
Attraction,Manali Hill Station,Hill Station,Unknown,Himachal Pradesh,Tier-2/Leisure,32.2204,77.1926,Delhi,,2022,8,Aug,3,Monsoon,0,30.2,9.2,0.929,627247.0,47212.0,674459.0,Low,-0.8660254037844385,-0.5000000000000004,233.0,3,1,0,78.6
Attraction,Manali Hill Station,Hill Station,Unknown,Himachal Pradesh,Tier-2/Leisure,32.2204,77.1926,Delhi,,2022,9,Sep,3,Monsoon,0,29.2,7.3,0.929,646030.0,48626.0,694656.0,Low,-1.0,-1.8369701987210297e-16,233.0,1,1,0,78.6
Attraction,Manali Hill Station,Hill Station,Unknown,Himachal Pradesh,Tier-2/Leisure,32.2204,77.1926,Delhi,,2022,10,Oct,4,Autumn,1,25.6,0.9,0.929,799926.0,60209.0,860135.0,Medium,-0.8660254037844386,0.5000000000000001,233.0,2,1,1,78.6
Attraction,Manali Hill Station,Hill Station,Unknown,Himachal Pradesh,Tier-2/Leisure,32.2204,77.1926,Delhi,,2022,11,Nov,4,Autumn,1,19.7,0.2,0.929,916686.0,68998.0,985684.0,Medium,-0.5000000000000004,0.8660254037844384,233.0,0,0,0,78.6
Attraction,Manali Hill Station,Hill Station,Unknown,Himachal Pradesh,Tier-2/Leisure,32.2204,77.1926,Delhi,,2022,12,Dec,4,Winter,1,14.7,0.6,0.929,1008682.0,75922.0,1084604.0,Medium,-2.4492935982947064e-16,1.0,233.0,1,1,2,78.6
Attraction,Marina Beach,Beach,Unknown,Tamil Nadu,Tier-2/Leisure,13.05,80.2824,Chennai,,2022,1,Jan,1,Winter,1,25.0,1.3,0.993,12181667.0,916900.0,13098567.0,High,0.49999999999999994,0.8660254037844387,13.6,2,1,0,78.6
Attraction,Marina Beach,Beach,Unknown,Tamil Nadu,Tier-2/Leisure,13.05,80.2824,Chennai,,2022,2,Feb,1,Winter,1,26.2,0.9,0.993,12739854.0,958914.0,13698768.0,High,0.8660254037844386,0.5000000000000001,13.6,0,0,0,78.6
Attraction,Marina Beach,Beach,Unknown,Tamil Nadu,Tier-2/Leisure,13.05,80.2824,Chennai,,2022,3,Mar,1,Summer,1,28.3,0.9,0.993,10517492.0,791639.0,11309131.0,High,1.0,6.123233995736766e-17,13.6,1,1,0,78.6
Attraction,Marina Beach,Beach,Unknown,Tamil Nadu,Tier-2/Leisure,13.05,80.2824,Chennai,,2022,4,Apr,2,Summer,0,30.3,1.4,0.993,7971322.0,599992.0,8571314.0,High,0.8660254037844387,-0.4999999999999998,13.6,0,0,1,78.6
Attraction,Marina Beach,Beach,Unknown,Tamil Nadu,Tier-2/Leisure,13.05,80.2824,Chennai,,2022,5,May,2,Summer,0,31.7,3.2,0.993,7617098.0,573330.0,8190428.0,High,0.49999999999999994,-0.8660254037844387,13.6,0,0,3,78.6
Attraction,Marina Beach,Beach,Unknown,Tamil Nadu,Tier-2/Leisure,13.05,80.2824,Chennai,,2022,6,Jun,2,Summer,0,31.4,3.6,0.993,8233593.0,619733.0,8853326.0,High,1.2246467991473532e-16,-1.0,13.6,0,0,2,78.6
Attraction,Marina Beach,Beach,Unknown,Tamil Nadu,Tier-2/Leisure,13.05,80.2824,Chennai,,2022,7,Jul,3,Monsoon,0,30.3,5.0,0.993,9861258.0,742245.0,10603503.0,High,-0.4999999999999997,-0.8660254037844388,13.6,0,0,0,78.6
Attraction,Marina Beach,Beach,Unknown,Tamil Nadu,Tier-2/Leisure,13.05,80.2824,Chennai,,2022,8,Aug,3,Monsoon,0,29.6,6.0,0.993,8128483.0,611821.0,8740304.0,High,-0.8660254037844385,-0.5000000000000004,13.6,3,1,0,78.6
Attraction,Marina Beach,Beach,Unknown,Tamil Nadu,Tier-2/Leisure,13.05,80.2824,Chennai,,2022,9,Sep,3,Monsoon,0,29.2,6.0,0.993,8371898.0,630143.0,9002041.0,High,-1.0,-1.8369701987210297e-16,13.6,1,1,0,78.6
Attraction,Marina Beach,Beach,Unknown,Tamil Nadu,Tier-2/Leisure,13.05,80.2824,Chennai,,2022,10,Oct,4,Autumn,1,27.9,13.3,0.993,10366226.0,780254.0,11146480.0,High,-0.8660254037844386,0.5000000000000001,13.6,2,1,1,78.6
Attraction,Marina Beach,Beach,Unknown,Tamil Nadu,Tier-2/Leisure,13.05,80.2824,Chennai,,2022,11,Nov,4,Autumn,1,26.3,16.4,0.993,11879322.0,894142.0,12773464.0,High,-0.5000000000000004,0.8660254037844384,13.6,0,0,0,78.6
Attraction,Marina Beach,Beach,Unknown,Tamil Nadu,Tier-2/Leisure,13.05,80.2824,Chennai,,2022,12,Dec,4,Winter,1,25.3,8.7,0.993,13071494.0,983876.0,14055370.0,High,-2.4492935982947064e-16,1.0,13.6,1,1,2,78.6
Attraction,Munnar Hill Station,Hill Station,Unknown,Kerala,Tier-2/Leisure,10.0853,77.0607,Chennai,,2022,1,Jan,1,Winter,1,25.0,1.3,0.894,599376.0,45114.0,644490.0,Low,0.49999999999999994,0.8660254037844387,72.5,2,1,0,78.6
Attraction,Munnar Hill Station,Hill Station,Unknown,Kerala,Tier-2/Leisure,10.0853,77.0607,Chennai,,2022,2,Feb,1,Winter,1,26.2,0.9,0.894,626840.0,47182.0,674022.0,Low,0.8660254037844386,0.5000000000000001,72.5,0,0,0,78.6
Attraction,Munnar Hill Station,Hill Station,Unknown,Kerala,Tier-2/Leisure,10.0853,77.0607,Chennai,,2022,3,Mar,1,Summer,1,28.3,0.9,0.894,517493.0,38951.0,556444.0,Low,1.0,6.123233995736766e-17,72.5,1,1,0,78.6
Attraction,Munnar Hill Station,Hill Station,Unknown,Kerala,Tier-2/Leisure,10.0853,77.0607,Chennai,,2022,4,Apr,2,Summer,0,30.3,1.4,0.894,392214.0,29521.0,421735.0,Low,0.8660254037844387,-0.4999999999999998,72.5,0,0,1,78.6
Attraction,Munnar Hill Station,Hill Station,Unknown,Kerala,Tier-2/Leisure,10.0853,77.0607,Chennai,,2022,5,May,2,Summer,0,31.7,3.2,0.894,374784.0,28210.0,402994.0,Low,0.49999999999999994,-0.8660254037844387,72.5,0,0,3,78.6
Attraction,Munnar Hill Station,Hill Station,Unknown,Kerala,Tier-2/Leisure,10.0853,77.0607,Chennai,,2022,6,Jun,2,Summer,0,31.4,3.6,0.894,405118.0,30493.0,435611.0,Low,1.2246467991473532e-16,-1.0,72.5,0,0,2,78.6
Attraction,Munnar Hill Station,Hill Station,Unknown,Kerala,Tier-2/Leisure,10.0853,77.0607,Chennai,,2022,7,Jul,3,Monsoon,0,30.3,5.0,0.894,485204.0,36521.0,521725.0,Low,-0.4999999999999997,-0.8660254037844388,72.5,0,0,0,78.6
Attraction,Munnar Hill Station,Hill Station,Unknown,Kerala,Tier-2/Leisure,10.0853,77.0607,Chennai,,2022,8,Aug,3,Monsoon,0,29.6,6.0,0.894,399946.0,30104.0,430050.0,Low,-0.8660254037844385,-0.5000000000000004,72.5,3,1,0,78.6
Attraction,Munnar Hill Station,Hill Station,Unknown,Kerala,Tier-2/Leisure,10.0853,77.0607,Chennai,,2022,9,Sep,3,Monsoon,0,29.2,6.0,0.894,411923.0,31005.0,442928.0,Low,-1.0,-1.8369701987210297e-16,72.5,1,1,0,78.6
Attraction,Munnar Hill Station,Hill Station,Unknown,Kerala,Tier-2/Leisure,10.0853,77.0607,Chennai,,2022,10,Oct,4,Autumn,1,27.9,13.3,0.894,510050.0,38391.0,548441.0,Low,-0.8660254037844386,0.5000000000000001,72.5,2,1,1,78.6
Attraction,Munnar Hill Station,Hill Station,Unknown,Kerala,Tier-2/Leisure,10.0853,77.0607,Chennai,,2022,11,Nov,4,Autumn,1,26.3,16.4,0.894,584499.0,43995.0,628494.0,Low,-0.5000000000000004,0.8660254037844384,72.5,0,0,0,78.6
Attraction,Munnar Hill Station,Hill Station,Unknown,Kerala,Tier-2/Leisure,10.0853,77.0607,Chennai,,2022,12,Dec,4,Winter,1,25.3,8.7,0.894,643158.0,48410.0,691568.0,Low,-2.4492935982947064e-16,1.0,72.5,1,1,2,78.6
Attraction,Mussoorie,Hill Station,Unknown,Uttarakhand,Tier-2/Leisure,30.4547,78.082,Lucknow,,2022,1,Jan,1,Winter,1,14.1,1.4,0.887,480791.0,36189.0,516980.0,Low,0.49999999999999994,0.8660254037844387,231.5,2,1,0,78.6
Attraction,Mussoorie,Hill Station,Unknown,Uttarakhand,Tier-2/Leisure,30.4547,78.082,Lucknow,,2022,2,Feb,1,Winter,1,18.4,1.5,0.887,502822.0,37847.0,540669.0,Low,0.8660254037844386,0.5000000000000001,231.5,0,0,0,78.6
Attraction,Mussoorie,Hill Station,Unknown,Uttarakhand,Tier-2/Leisure,30.4547,78.082,Lucknow,,2022,3,Mar,1,Summer,1,23.9,0.8,0.887,415108.0,31245.0,446353.0,Low,1.0,6.123233995736766e-17,231.5,1,1,0,78.6
Attraction,Mussoorie,Hill Station,Unknown,Uttarakhand,Tier-2/Leisure,30.4547,78.082,Lucknow,,2022,4,Apr,2,Summer,0,30.0,0.4,0.887,314615.0,23681.0,338296.0,Low,0.8660254037844387,-0.4999999999999998,231.5,0,0,1,78.6
Attraction,Mussoorie,Hill Station,Unknown,Uttarakhand,Tier-2/Leisure,30.4547,78.082,Lucknow,,2022,5,May,2,Summer,0,32.6,3.1,0.887,300635.0,22628.0,323263.0,Low,0.49999999999999994,-0.8660254037844387,231.5,0,0,3,78.6
Attraction,Mussoorie,Hill Station,Unknown,Uttarakhand,Tier-2/Leisure,30.4547,78.082,Lucknow,,2022,6,Jun,2,Summer,0,32.6,4.8,0.887,324967.0,24460.0,349427.0,Low,1.2246467991473532e-16,-1.0,231.5,0,0,2,78.6
Attraction,Mussoorie,Hill Station,Unknown,Uttarakhand,Tier-2/Leisure,30.4547,78.082,Lucknow,,2022,7,Jul,3,Monsoon,0,30.1,9.7,0.887,389208.0,29295.0,418503.0,Low,-0.4999999999999997,-0.8660254037844388,231.5,0,0,0,78.6
Attraction,Mussoorie,Hill Station,Unknown,Uttarakhand,Tier-2/Leisure,30.4547,78.082,Lucknow,,2022,8,Aug,3,Monsoon,0,29.5,9.7,0.887,320818.0,24148.0,344966.0,Low,-0.8660254037844385,-0.5000000000000004,231.5,3,1,0,78.6
Attraction,Mussoorie,Hill Station,Unknown,Uttarakhand,Tier-2/Leisure,30.4547,78.082,Lucknow,,2022,9,Sep,3,Monsoon,0,28.8,9.7,0.887,330425.0,24871.0,355296.0,Low,-1.0,-1.8369701987210297e-16,231.5,1,1,0,78.6
Attraction,Mussoorie,Hill Station,Unknown,Uttarakhand,Tier-2/Leisure,30.4547,78.082,Lucknow,,2022,10,Oct,4,Autumn,1,26.0,1.7,0.887,409139.0,30795.0,439934.0,Low,-0.8660254037844386,0.5000000000000001,231.5,2,1,1,78.6
Attraction,Mussoorie,Hill Station,Unknown,Uttarakhand,Tier-2/Leisure,30.4547,78.082,Lucknow,,2022,11,Nov,4,Autumn,1,20.7,0.4,0.887,468858.0,35290.0,504148.0,Low,-0.5000000000000004,0.8660254037844384,231.5,0,0,0,78.6
Attraction,Mussoorie,Hill Station,Unknown,Uttarakhand,Tier-2/Leisure,30.4547,78.082,Lucknow,,2022,12,Dec,4,Winter,1,15.8,0.9,0.887,515911.0,38832.0,554743.0,Low,-2.4492935982947064e-16,1.0,231.5,1,1,2,78.6
Attraction,Nainital Lake,Lake,Unknown,Uttarakhand,Tier-2/Leisure,29.3869,79.4598,Lucknow,,2022,1,Jan,1,Winter,1,14.1,1.4,0.943,2081400.0,156664.0,2238064.0,Medium,0.49999999999999994,0.8660254037844387,247.4,2,1,0,78.6
Attraction,Nainital Lake,Lake,Unknown,Uttarakhand,Tier-2/Leisure,29.3869,79.4598,Lucknow,,2022,2,Feb,1,Winter,1,18.4,1.5,0.943,2176773.0,163843.0,2340616.0,Medium,0.8660254037844386,0.5000000000000001,247.4,0,0,0,78.6
Attraction,Nainital Lake,Lake,Unknown,Uttarakhand,Tier-2/Leisure,29.3869,79.4598,Lucknow,,2022,3,Mar,1,Summer,1,23.9,0.8,0.943,1797053.0,135262.0,1932315.0,Medium,1.0,6.123233995736766e-17,247.4,1,1,0,78.6
Attraction,Nainital Lake,Lake,Unknown,Uttarakhand,Tier-2/Leisure,29.3869,79.4598,Lucknow,,2022,4,Apr,2,Summer,0,30.0,0.4,0.943,1362006.0,102517.0,1464523.0,Medium,0.8660254037844387,-0.4999999999999998,247.4,0,0,1,78.6
Attraction,Nainital Lake,Lake,Unknown,Uttarakhand,Tier-2/Leisure,29.3869,79.4598,Lucknow,,2022,5,May,2,Summer,0,32.6,3.1,0.943,1301482.0,97961.0,1399443.0,Medium,0.49999999999999994,-0.8660254037844387,247.4,0,0,3,78.6
Attraction,Nainital Lake,Lake,Unknown,Uttarakhand,Tier-2/Leisure,29.3869,79.4598,Lucknow,,2022,6,Jun,2,Summer,0,32.6,4.8,0.943,1406818.0,105890.0,1512708.0,Medium,1.2246467991473532e-16,-1.0,247.4,0,0,2,78.6
Attraction,Nainital Lake,Lake,Unknown,Uttarakhand,Tier-2/Leisure,29.3869,79.4598,Lucknow,,2022,7,Jul,3,Monsoon,0,30.1,9.7,0.943,1684927.0,126822.0,1811749.0,Medium,-0.4999999999999997,-0.8660254037844388,247.4,0,0,0,78.6
Attraction,Nainital Lake,Lake,Unknown,Uttarakhand,Tier-2/Leisure,29.3869,79.4598,Lucknow,,2022,8,Aug,3,Monsoon,0,29.5,9.7,0.943,1388859.0,104538.0,1493397.0,Medium,-0.8660254037844385,-0.5000000000000004,247.4,3,1,0,78.6
Attraction,Nainital Lake,Lake,Unknown,Uttarakhand,Tier-2/Leisure,29.3869,79.4598,Lucknow,,2022,9,Sep,3,Monsoon,0,28.8,9.7,0.943,1430450.0,107668.0,1538118.0,Medium,-1.0,-1.8369701987210297e-16,247.4,1,1,0,78.6
Attraction,Nainital Lake,Lake,Unknown,Uttarakhand,Tier-2/Leisure,29.3869,79.4598,Lucknow,,2022,10,Oct,4,Autumn,1,26.0,1.7,0.943,1771207.0,133317.0,1904524.0,Medium,-0.8660254037844386,0.5000000000000001,247.4,2,1,1,78.6
Attraction,Nainital Lake,Lake,Unknown,Uttarakhand,Tier-2/Leisure,29.3869,79.4598,Lucknow,,2022,11,Nov,4,Autumn,1,20.7,0.4,0.943,2029740.0,152776.0,2182516.0,Medium,-0.5000000000000004,0.8660254037844384,247.4,0,0,0,78.6
Attraction,Nainital Lake,Lake,Unknown,Uttarakhand,Tier-2/Leisure,29.3869,79.4598,Lucknow,,2022,12,Dec,4,Winter,1,15.8,0.9,0.943,2233438.0,168108.0,2401546.0,Medium,-2.4492935982947064e-16,1.0,247.4,1,1,2,78.6
Attraction,Ooty Hill Station,Hill Station,Unknown,Tamil Nadu,Tier-2/Leisure,11.4102,76.695,Chennai,,2022,1,Jan,1,Winter,1,25.0,1.3,0.957,3203778.0,241145.0,3444923.0,High,0.49999999999999994,0.8660254037844387,56.8,2,1,0,78.6
Attraction,Ooty Hill Station,Hill Station,Unknown,Tamil Nadu,Tier-2/Leisure,11.4102,76.695,Chennai,,2022,2,Feb,1,Winter,1,26.2,0.9,0.957,3350582.0,252194.0,3602776.0,High,0.8660254037844386,0.5000000000000001,56.8,0,0,0,78.6
Attraction,Ooty Hill Station,Hill Station,Unknown,Tamil Nadu,Tier-2/Leisure,11.4102,76.695,Chennai,,2022,3,Mar,1,Summer,1,28.3,0.9,0.957,2766100.0,208201.0,2974301.0,Medium,1.0,6.123233995736766e-17,56.8,1,1,0,78.6
Attraction,Ooty Hill Station,Hill Station,Unknown,Tamil Nadu,Tier-2/Leisure,11.4102,76.695,Chennai,,2022,4,Apr,2,Summer,0,30.3,1.4,0.957,2096458.0,157798.0,2254256.0,Medium,0.8660254037844387,-0.4999999999999998,56.8,0,0,1,78.6
Attraction,Ooty Hill Station,Hill Station,Unknown,Tamil Nadu,Tier-2/Leisure,11.4102,76.695,Chennai,,2022,5,May,2,Summer,0,31.7,3.2,0.957,2003297.0,150786.0,2154083.0,Medium,0.49999999999999994,-0.8660254037844387,56.8,0,0,3,78.6
Attraction,Ooty Hill Station,Hill Station,Unknown,Tamil Nadu,Tier-2/Leisure,11.4102,76.695,Chennai,,2022,6,Jun,2,Summer,0,31.4,3.6,0.957,2165435.0,162990.0,2328425.0,Medium,1.2246467991473532e-16,-1.0,56.8,0,0,2,78.6
Attraction,Ooty Hill Station,Hill Station,Unknown,Tamil Nadu,Tier-2/Leisure,11.4102,76.695,Chennai,,2022,7,Jul,3,Monsoon,0,30.3,5.0,0.957,2593511.0,195210.0,2788721.0,Medium,-0.4999999999999997,-0.8660254037844388,56.8,0,0,0,78.6
Attraction,Ooty Hill Station,Hill Station,Unknown,Tamil Nadu,Tier-2/Leisure,11.4102,76.695,Chennai,,2022,8,Aug,3,Monsoon,0,29.6,6.0,0.957,2137791.0,160909.0,2298700.0,Medium,-0.8660254037844385,-0.5000000000000004,56.8,3,1,0,78.6
Attraction,Ooty Hill Station,Hill Station,Unknown,Tamil Nadu,Tier-2/Leisure,11.4102,76.695,Chennai,,2022,9,Sep,3,Monsoon,0,29.2,6.0,0.957,2201809.0,165728.0,2367537.0,Medium,-1.0,-1.8369701987210297e-16,56.8,1,1,0,78.6
Attraction,Ooty Hill Station,Hill Station,Unknown,Tamil Nadu,Tier-2/Leisure,11.4102,76.695,Chennai,,2022,10,Oct,4,Autumn,1,27.9,13.3,0.957,2726317.0,205207.0,2931524.0,Medium,-0.8660254037844386,0.5000000000000001,56.8,2,1,1,78.6
Attraction,Ooty Hill Station,Hill Station,Unknown,Tamil Nadu,Tier-2/Leisure,11.4102,76.695,Chennai,,2022,11,Nov,4,Autumn,1,26.3,16.4,0.957,3124262.0,235159.0,3359421.0,High,-0.5000000000000004,0.8660254037844384,56.8,0,0,0,78.6
Attraction,Ooty Hill Station,Hill Station,Unknown,Tamil Nadu,Tier-2/Leisure,11.4102,76.695,Chennai,,2022,12,Dec,4,Winter,1,25.3,8.7,0.957,3437803.0,258759.0,3696562.0,High,-2.4492935982947064e-16,1.0,56.8,1,1,2,78.6
Attraction,Ranthambore National Park,Wildlife Sanctuary,Unknown,Rajasthan,Tier-2/Leisure,25.9776,76.5533,Jodhpur,,2022,1,Jan,1,Winter,1,21.5,0.1,0.986,10184736.0,766593.0,10951329.0,High,0.49999999999999994,0.8660254037844387,119.6,2,1,0,78.6
Attraction,Ranthambore National Park,Wildlife Sanctuary,Unknown,Rajasthan,Tier-2/Leisure,25.9776,76.5533,Jodhpur,,2022,2,Feb,1,Winter,1,23.7,0.4,0.986,10651420.0,801720.0,11453140.0,High,0.8660254037844386,0.5000000000000001,119.6,0,0,0,78.6
Attraction,Ranthambore National Park,Wildlife Sanctuary,Unknown,Rajasthan,Tier-2/Leisure,25.9776,76.5533,Jodhpur,,2022,3,Mar,1,Summer,1,26.4,1.2,0.986,8793368.0,661866.0,9455234.0,High,1.0,6.123233995736766e-17,119.6,1,1,0,78.6
Attraction,Ranthambore National Park,Wildlife Sanctuary,Unknown,Rajasthan,Tier-2/Leisure,25.9776,76.5533,Jodhpur,,2022,4,Apr,2,Summer,0,27.4,4.6,0.986,6664590.0,501636.0,7166226.0,High,0.8660254037844387,-0.4999999999999998,119.6,0,0,1,78.6
Attraction,Ranthambore National Park,Wildlife Sanctuary,Unknown,Rajasthan,Tier-2/Leisure,25.9776,76.5533,Jodhpur,,2022,5,May,2,Summer,0,26.4,5.8,0.986,6368434.0,479344.0,6847778.0,High,0.49999999999999994,-0.8660254037844387,119.6,0,0,3,78.6
Attraction,Ranthambore National Park,Wildlife Sanctuary,Unknown,Rajasthan,Tier-2/Leisure,25.9776,76.5533,Jodhpur,,2022,6,Jun,2,Summer,0,24.3,4.2,0.986,6883867.0,518140.0,7402007.0,High,1.2246467991473532e-16,-1.0,119.6,0,0,2,78.6
Attraction,Ranthambore National Park,Wildlife Sanctuary,Unknown,Rajasthan,Tier-2/Leisure,25.9776,76.5533,Jodhpur,,2022,7,Jul,3,Monsoon,0,23.3,4.8,0.986,8244709.0,620570.0,8865279.0,High,-0.4999999999999997,-0.8660254037844388,119.6,0,0,0,78.6
Attraction,Ranthambore National Park,Wildlife Sanctuary,Unknown,Rajasthan,Tier-2/Leisure,25.9776,76.5533,Jodhpur,,2022,8,Aug,3,Monsoon,0,23.1,5.7,0.986,6795987.0,511526.0,7307513.0,High,-0.8660254037844385,-0.5000000000000004,119.6,3,1,0,78.6
Attraction,Ranthambore National Park,Wildlife Sanctuary,Unknown,Rajasthan,Tier-2/Leisure,25.9776,76.5533,Jodhpur,,2022,9,Sep,3,Monsoon,0,23.6,8.0,0.986,6999500.0,526844.0,7526344.0,High,-1.0,-1.8369701987210297e-16,119.6,1,1,0,78.6
Attraction,Ranthambore National Park,Wildlife Sanctuary,Unknown,Rajasthan,Tier-2/Leisure,25.9776,76.5533,Jodhpur,,2022,10,Oct,4,Autumn,1,23.2,8.0,0.986,8666899.0,652347.0,9319246.0,High,-0.8660254037844386,0.5000000000000001,119.6,2,1,1,78.6
Attraction,Ranthambore National Park,Wildlife Sanctuary,Unknown,Rajasthan,Tier-2/Leisure,25.9776,76.5533,Jodhpur,,2022,11,Nov,4,Autumn,1,22.1,3.7,0.986,9931954.0,747566.0,10679520.0,High,-0.5000000000000004,0.8660254037844384,119.6,0,0,0,78.6
Attraction,Ranthambore National Park,Wildlife Sanctuary,Unknown,Rajasthan,Tier-2/Leisure,25.9776,76.5533,Jodhpur,,2022,12,Dec,4,Winter,1,21.0,1.2,0.986,10928694.0,822590.0,11751284.0,High,-2.4492935982947064e-16,1.0,119.6,1,1,2,78.6
Attraction,Shimla Hill Station,Hill Station,Unknown,Himachal Pradesh,Tier-2/Leisure,31.1048,77.1734,Delhi,,2022,1,Jan,1,Winter,1,13.4,1.5,0.879,474485.0,35714.0,510199.0,Low,0.49999999999999994,0.8660254037844387,235.3,2,1,0,78.6
Attraction,Shimla Hill Station,Hill Station,Unknown,Himachal Pradesh,Tier-2/Leisure,31.1048,77.1734,Delhi,,2022,2,Feb,1,Winter,1,17.3,1.7,0.879,496227.0,37350.0,533577.0,Low,0.8660254037844386,0.5000000000000001,235.3,0,0,0,78.6
Attraction,Shimla Hill Station,Hill Station,Unknown,Himachal Pradesh,Tier-2/Leisure,31.1048,77.1734,Delhi,,2022,3,Mar,1,Summer,1,23.1,1.8,0.879,409664.0,30835.0,440499.0,Low,1.0,6.123233995736766e-17,235.3,1,1,0,78.6
Attraction,Shimla Hill Station,Hill Station,Unknown,Himachal Pradesh,Tier-2/Leisure,31.1048,77.1734,Delhi,,2022,4,Apr,2,Summer,0,29.3,0.6,0.879,310489.0,23370.0,333859.0,Low,0.8660254037844387,-0.4999999999999998,235.3,0,0,1,78.6
Attraction,Shimla Hill Station,Hill Station,Unknown,Himachal Pradesh,Tier-2/Leisure,31.1048,77.1734,Delhi,,2022,5,May,2,Summer,0,32.8,2.1,0.879,296691.0,22332.0,319023.0,Low,0.49999999999999994,-0.8660254037844387,235.3,0,0,3,78.6
Attraction,Shimla Hill Station,Hill Station,Unknown,Himachal Pradesh,Tier-2/Leisure,31.1048,77.1734,Delhi,,2022,6,Jun,2,Summer,0,33.3,3.7,0.879,320704.0,24139.0,344843.0,Low,1.2246467991473532e-16,-1.0,235.3,0,0,2,78.6
Attraction,Shimla Hill Station,Hill Station,Unknown,Himachal Pradesh,Tier-2/Leisure,31.1048,77.1734,Delhi,,2022,7,Jul,3,Monsoon,0,31.1,8.7,0.879,384103.0,28911.0,413014.0,Low,-0.4999999999999997,-0.8660254037844388,235.3,0,0,0,78.6
Attraction,Shimla Hill Station,Hill Station,Unknown,Himachal Pradesh,Tier-2/Leisure,31.1048,77.1734,Delhi,,2022,8,Aug,3,Monsoon,0,30.2,9.2,0.879,316610.0,23831.0,340441.0,Low,-0.8660254037844385,-0.5000000000000004,235.3,3,1,0,78.6
Attraction,Shimla Hill Station,Hill Station,Unknown,Himachal Pradesh,Tier-2/Leisure,31.1048,77.1734,Delhi,,2022,9,Sep,3,Monsoon,0,29.2,7.3,0.879,326091.0,24545.0,350636.0,Low,-1.0,-1.8369701987210297e-16,235.3,1,1,0,78.6
Attraction,Shimla Hill Station,Hill Station,Unknown,Himachal Pradesh,Tier-2/Leisure,31.1048,77.1734,Delhi,,2022,10,Oct,4,Autumn,1,25.6,0.9,0.879,403772.0,30391.0,434163.0,Low,-0.8660254037844386,0.5000000000000001,235.3,2,1,1,78.6
Attraction,Shimla Hill Station,Hill Station,Unknown,Himachal Pradesh,Tier-2/Leisure,31.1048,77.1734,Delhi,,2022,11,Nov,4,Autumn,1,19.7,0.2,0.879,462708.0,34828.0,497536.0,Low,-0.5000000000000004,0.8660254037844384,235.3,0,0,0,78.6
Attraction,Shimla Hill Station,Hill Station,Unknown,Himachal Pradesh,Tier-2/Leisure,31.1048,77.1734,Delhi,,2022,12,Dec,4,Winter,1,14.7,0.6,0.879,509144.0,38323.0,547467.0,Low,-2.4492935982947064e-16,1.0,235.3,1,1,2,78.6
Attraction,Varkala Beach,Beach,Unknown,Kerala,Tier-2/Leisure,8.7356,76.7032,Chennai,,2022,1,Jan,1,Winter,1,25.0,1.3,0.936,1200381.0,90351.0,1290732.0,Medium,0.49999999999999994,0.8660254037844387,160.9,2,1,0,78.6
Attraction,Varkala Beach,Beach,Unknown,Kerala,Tier-2/Leisure,8.7356,76.7032,Chennai,,2022,2,Feb,1,Winter,1,26.2,0.9,0.936,1255384.0,94491.0,1349875.0,Medium,0.8660254037844386,0.5000000000000001,160.9,0,0,0,78.6
Attraction,Varkala Beach,Beach,Unknown,Kerala,Tier-2/Leisure,8.7356,76.7032,Chennai,,2022,3,Mar,1,Summer,1,28.3,0.9,0.936,1036393.0,78008.0,1114401.0,Medium,1.0,6.123233995736766e-17,160.9,1,1,0,78.6
Attraction,Varkala Beach,Beach,Unknown,Kerala,Tier-2/Leisure,8.7356,76.7032,Chennai,,2022,4,Apr,2,Summer,0,30.3,1.4,0.936,785494.0,59123.0,844617.0,Medium,0.8660254037844387,-0.4999999999999998,160.9,0,0,1,78.6
Attraction,Varkala Beach,Beach,Unknown,Kerala,Tier-2/Leisure,8.7356,76.7032,Chennai,,2022,5,May,2,Summer,0,31.7,3.2,0.936,750588.0,56496.0,807084.0,Medium,0.49999999999999994,-0.8660254037844387,160.9,0,0,3,78.6
Attraction,Varkala Beach,Beach,Unknown,Kerala,Tier-2/Leisure,8.7356,76.7032,Chennai,,2022,6,Jun,2,Summer,0,31.4,3.6,0.936,811338.0,61068.0,872406.0,Medium,1.2246467991473532e-16,-1.0,160.9,0,0,2,78.6
Attraction,Varkala Beach,Beach,Unknown,Kerala,Tier-2/Leisure,8.7356,76.7032,Chennai,,2022,7,Jul,3,Monsoon,0,30.3,5.0,0.936,971727.0,73141.0,1044868.0,Medium,-0.4999999999999997,-0.8660254037844388,160.9,0,0,0,78.6
Attraction,Varkala Beach,Beach,Unknown,Kerala,Tier-2/Leisure,8.7356,76.7032,Chennai,,2022,8,Aug,3,Monsoon,0,29.6,6.0,0.936,800980.0,60289.0,861269.0,Medium,-0.8660254037844385,-0.5000000000000004,160.9,3,1,0,78.6
Attraction,Varkala Beach,Beach,Unknown,Kerala,Tier-2/Leisure,8.7356,76.7032,Chennai,,2022,9,Sep,3,Monsoon,0,29.2,6.0,0.936,824966.0,62094.0,887060.0,Medium,-1.0,-1.8369701987210297e-16,160.9,1,1,0,78.6
Attraction,Varkala Beach,Beach,Unknown,Kerala,Tier-2/Leisure,8.7356,76.7032,Chennai,,2022,10,Oct,4,Autumn,1,27.9,13.3,0.936,1021487.0,76886.0,1098373.0,Medium,-0.8660254037844386,0.5000000000000001,160.9,2,1,1,78.6
Attraction,Varkala Beach,Beach,Unknown,Kerala,Tier-2/Leisure,8.7356,76.7032,Chennai,,2022,11,Nov,4,Autumn,1,26.3,16.4,0.936,1170587.0,88109.0,1258696.0,Medium,-0.5000000000000004,0.8660254037844384,160.9,0,0,0,78.6
Attraction,Varkala Beach,Beach,Unknown,Kerala,Tier-2/Leisure,8.7356,76.7032,Chennai,,2022,12,Dec,4,Winter,1,25.3,8.7,0.936,1288064.0,96951.0,1385015.0,Medium,-2.4492935982947064e-16,1.0,160.9,1,1,2,78.6
Monument,Aga Khan Palace Building,Palace,Mumbai,Maharashtra,Metro,19.076,72.8777,Mumbai,2021-22,2021,4,Apr,2,Summer,0,29.1,0.3,0.468,2712.0,13.0,2725.0,Low,0.8660254037844387,-0.4999999999999998,2.0,0,0,1,74.3
Monument,Aga Khan Palace Building,Palace,Mumbai,Maharashtra,Metro,19.076,72.8777,Mumbai,2021-22,2021,5,May,2,Summer,0,30.2,1.6,0.468,2592.0,12.0,2604.0,Low,0.49999999999999994,-0.8660254037844387,2.0,0,0,3,74.3
Monument,Aga Khan Palace Building,Palace,Mumbai,Maharashtra,Metro,19.076,72.8777,Mumbai,2021-22,2021,6,Jun,2,Summer,0,29.2,19.8,0.468,2801.0,13.0,2815.0,Low,1.2246467991473532e-16,-1.0,2.0,0,0,2,74.3
Monument,Aga Khan Palace Building,Palace,Mumbai,Maharashtra,Metro,19.076,72.8777,Mumbai,2021-22,2021,7,Jul,3,Monsoon,0,28.0,29.3,0.468,3355.0,16.0,3371.0,Low,-0.4999999999999997,-0.8660254037844388,2.0,0,0,0,74.3
Monument,Aga Khan Palace Building,Palace,Mumbai,Maharashtra,Metro,19.076,72.8777,Mumbai,2021-22,2021,8,Aug,3,Monsoon,0,27.7,17.0,0.468,2766.0,13.0,2779.0,Low,-0.8660254037844385,-0.5000000000000004,2.0,3,1,0,74.3
Monument,Aga Khan Palace Building,Palace,Mumbai,Maharashtra,Metro,19.076,72.8777,Mumbai,2021-22,2021,9,Sep,3,Monsoon,0,27.9,15.1,0.468,2849.0,14.0,2862.0,Low,-1.0,-1.8369701987210297e-16,2.0,1,1,0,74.3
Monument,Aga Khan Palace Building,Palace,Mumbai,Maharashtra,Metro,19.076,72.8777,Mumbai,2021-22,2021,10,Oct,4,Autumn,1,28.9,4.7,0.468,3527.0,17.0,3544.0,Low,-0.8660254037844386,0.5000000000000001,2.0,1,1,1,74.3
Monument,Aga Khan Palace Building,Palace,Mumbai,Maharashtra,Metro,19.076,72.8777,Mumbai,2021-22,2021,11,Nov,4,Autumn,1,28.2,0.8,0.468,4042.0,19.0,4061.0,Low,-0.5000000000000004,0.8660254037844384,2.0,1,1,0,74.3
Monument,Aga Khan Palace Building,Palace,Mumbai,Maharashtra,Metro,19.076,72.8777,Mumbai,2021-22,2021,12,Dec,4,Winter,1,25.9,0.9,0.468,4448.0,21.0,4469.0,Medium,-2.4492935982947064e-16,1.0,2.0,1,1,2,74.3
Monument,Aga Khan Palace Building,Palace,Mumbai,Maharashtra,Metro,19.076,72.8777,Mumbai,2021-22,2022,1,Jan,1,Winter,1,24.6,0.1,0.468,4145.0,20.0,4165.0,Medium,0.49999999999999994,0.8660254037844387,2.0,2,1,0,78.6
Monument,Aga Khan Palace Building,Palace,Mumbai,Maharashtra,Metro,19.076,72.8777,Mumbai,2021-22,2022,2,Feb,1,Winter,1,25.7,0.0,0.468,4335.0,21.0,4356.0,Medium,0.8660254037844386,0.5000000000000001,2.0,0,0,0,78.6
Monument,Aga Khan Palace Building,Palace,Mumbai,Maharashtra,Metro,19.076,72.8777,Mumbai,2021-22,2022,3,Mar,1,Summer,1,27.8,0.3,0.468,3579.0,17.0,3596.0,Low,1.0,6.123233995736766e-17,2.0,1,1,0,78.6
Monument,Aga Khan Palace Building,Palace,Mumbai,Maharashtra,Metro,19.076,72.8777,Mumbai,2022-23,2022,4,Apr,2,Summer,0,29.1,0.3,0.468,12352.0,206.0,12558.0,Medium,0.8660254037844387,-0.4999999999999998,2.0,0,0,1,78.6
Monument,Aga Khan Palace Building,Palace,Mumbai,Maharashtra,Metro,19.076,72.8777,Mumbai,2022-23,2022,5,May,2,Summer,0,30.2,1.6,0.468,11803.0,197.0,12000.0,Medium,0.49999999999999994,-0.8660254037844387,2.0,0,0,3,78.6
Monument,Aga Khan Palace Building,Palace,Mumbai,Maharashtra,Metro,19.076,72.8777,Mumbai,2022-23,2022,6,Jun,2,Summer,0,29.2,19.8,0.468,12759.0,212.0,12971.0,Medium,1.2246467991473532e-16,-1.0,2.0,0,0,2,78.6
Monument,Aga Khan Palace Building,Palace,Mumbai,Maharashtra,Metro,19.076,72.8777,Mumbai,2022-23,2022,7,Jul,3,Monsoon,0,28.0,29.3,0.468,15281.0,254.0,15535.0,Medium,-0.4999999999999997,-0.8660254037844388,2.0,0,0,0,78.6
Monument,Aga Khan Palace Building,Palace,Mumbai,Maharashtra,Metro,19.076,72.8777,Mumbai,2022-23,2022,8,Aug,3,Monsoon,0,27.7,17.0,0.468,12596.0,210.0,12806.0,Medium,-0.8660254037844385,-0.5000000000000004,2.0,3,1,0,78.6
Monument,Aga Khan Palace Building,Palace,Mumbai,Maharashtra,Metro,19.076,72.8777,Mumbai,2022-23,2022,9,Sep,3,Monsoon,0,27.9,15.1,0.468,12973.0,216.0,13189.0,Medium,-1.0,-1.8369701987210297e-16,2.0,1,1,0,78.6
Monument,Aga Khan Palace Building,Palace,Mumbai,Maharashtra,Metro,19.076,72.8777,Mumbai,2022-23,2022,10,Oct,4,Autumn,1,28.9,4.7,0.468,16063.0,268.0,16331.0,Medium,-0.8660254037844386,0.5000000000000001,2.0,2,1,1,78.6
Monument,Aga Khan Palace Building,Palace,Mumbai,Maharashtra,Metro,19.076,72.8777,Mumbai,2022-23,2022,11,Nov,4,Autumn,1,28.2,0.8,0.468,18408.0,307.0,18715.0,High,-0.5000000000000004,0.8660254037844384,2.0,0,0,0,78.6
Monument,Aga Khan Palace Building,Palace,Mumbai,Maharashtra,Metro,19.076,72.8777,Mumbai,2022-23,2022,12,Dec,4,Winter,1,25.9,0.9,0.468,20255.0,337.0,20593.0,High,-2.4492935982947064e-16,1.0,2.0,1,1,2,78.6
Monument,Aga Khan Palace Building,Palace,Mumbai,Maharashtra,Metro,19.076,72.8777,Mumbai,2022-23,2023,1,Jan,1,Winter,1,24.6,0.1,0.468,18877.0,314.0,19191.0,High,0.49999999999999994,0.8660254037844387,2.0,2,1,0,82.6
Monument,Aga Khan Palace Building,Palace,Mumbai,Maharashtra,Metro,19.076,72.8777,Mumbai,2022-23,2023,2,Feb,1,Winter,1,25.7,0.0,0.468,19742.0,329.0,20070.0,High,0.8660254037844386,0.5000000000000001,2.0,0,0,0,82.6
Monument,Aga Khan Palace Building,Palace,Mumbai,Maharashtra,Metro,19.076,72.8777,Mumbai,2022-23,2023,3,Mar,1,Summer,1,27.8,0.3,0.468,16298.0,271.0,16569.0,Medium,1.0,6.123233995736766e-17,2.0,1,1,0,82.6
Monument,Agra Fort,Fort,Agra,Uttar Pradesh,Metro,27.1767,78.0081,Delhi,2021-22,2021,4,Apr,2,Summer,0,29.3,0.6,0.858,67722.0,896.0,68618.0,High,0.8660254037844387,-0.4999999999999998,177.5,0,0,1,74.3
Monument,Agra Fort,Fort,Agra,Uttar Pradesh,Metro,27.1767,78.0081,Delhi,2021-22,2021,5,May,2,Summer,0,32.8,2.1,0.858,64712.0,856.0,65569.0,High,0.49999999999999994,-0.8660254037844387,177.5,0,0,3,74.3
Monument,Agra Fort,Fort,Agra,Uttar Pradesh,Metro,27.1767,78.0081,Delhi,2021-22,2021,6,Jun,2,Summer,0,33.3,3.7,0.858,69950.0,926.0,70876.0,High,1.2246467991473532e-16,-1.0,177.5,0,0,2,74.3
Monument,Agra Fort,Fort,Agra,Uttar Pradesh,Metro,27.1767,78.0081,Delhi,2021-22,2021,7,Jul,3,Monsoon,0,31.1,8.7,0.858,83778.0,1109.0,84887.0,High,-0.4999999999999997,-0.8660254037844388,177.5,0,0,0,74.3
Monument,Agra Fort,Fort,Agra,Uttar Pradesh,Metro,27.1767,78.0081,Delhi,2021-22,2021,8,Aug,3,Monsoon,0,30.2,9.2,0.858,69057.0,914.0,69971.0,High,-0.8660254037844385,-0.5000000000000004,177.5,3,1,0,74.3
Monument,Agra Fort,Fort,Agra,Uttar Pradesh,Metro,27.1767,78.0081,Delhi,2021-22,2021,9,Sep,3,Monsoon,0,29.2,7.3,0.858,71125.0,941.0,72066.0,High,-1.0,-1.8369701987210297e-16,177.5,1,1,0,74.3
Monument,Agra Fort,Fort,Agra,Uttar Pradesh,Metro,27.1767,78.0081,Delhi,2021-22,2021,10,Oct,4,Autumn,1,25.6,0.9,0.858,88068.0,1166.0,89233.0,High,-0.8660254037844386,0.5000000000000001,177.5,1,1,1,74.3
Monument,Agra Fort,Fort,Agra,Uttar Pradesh,Metro,27.1767,78.0081,Delhi,2021-22,2021,11,Nov,4,Autumn,1,19.7,0.2,0.858,100923.0,1336.0,102258.0,High,-0.5000000000000004,0.8660254037844384,177.5,1,1,0,74.3
Monument,Agra Fort,Fort,Agra,Uttar Pradesh,Metro,27.1767,78.0081,Delhi,2021-22,2021,12,Dec,4,Winter,1,14.7,0.6,0.858,111051.0,1470.0,112521.0,High,-2.4492935982947064e-16,1.0,177.5,1,1,2,74.3
Monument,Agra Fort,Fort,Agra,Uttar Pradesh,Metro,27.1767,78.0081,Delhi,2021-22,2022,1,Jan,1,Winter,1,13.4,1.5,0.858,103491.0,1370.0,104861.0,High,0.49999999999999994,0.8660254037844387,177.5,2,1,0,78.6
Monument,Agra Fort,Fort,Agra,Uttar Pradesh,Metro,27.1767,78.0081,Delhi,2021-22,2022,2,Feb,1,Winter,1,17.3,1.7,0.858,108233.0,1432.0,109666.0,High,0.8660254037844386,0.5000000000000001,177.5,0,0,0,78.6
Monument,Agra Fort,Fort,Agra,Uttar Pradesh,Metro,27.1767,78.0081,Delhi,2021-22,2022,3,Mar,1,Summer,1,23.1,1.8,0.858,89353.0,1183.0,90536.0,High,1.0,6.123233995736766e-17,177.5,1,1,0,78.6
Monument,Agra Fort,Fort,Agra,Uttar Pradesh,Metro,27.1767,78.0081,Delhi,2022-23,2022,4,Apr,2,Summer,0,29.3,0.6,0.858,113514.0,9188.0,122702.0,High,0.8660254037844387,-0.4999999999999998,177.5,0,0,1,78.6
Monument,Agra Fort,Fort,Agra,Uttar Pradesh,Metro,27.1767,78.0081,Delhi,2022-23,2022,5,May,2,Summer,0,32.8,2.1,0.858,108469.0,8780.0,117249.0,High,0.49999999999999994,-0.8660254037844387,177.5,0,0,3,78.6
Monument,Agra Fort,Fort,Agra,Uttar Pradesh,Metro,27.1767,78.0081,Delhi,2022-23,2022,6,Jun,2,Summer,0,33.3,3.7,0.858,117249.0,9490.0,126739.0,High,1.2246467991473532e-16,-1.0,177.5,0,0,2,78.6
Monument,Agra Fort,Fort,Agra,Uttar Pradesh,Metro,27.1767,78.0081,Delhi,2022-23,2022,7,Jul,3,Monsoon,0,31.1,8.7,0.858,140427.0,11366.0,151793.0,High,-0.4999999999999997,-0.8660254037844388,177.5,0,0,0,78.6
Monument,Agra Fort,Fort,Agra,Uttar Pradesh,Metro,27.1767,78.0081,Delhi,2022-23,2022,8,Aug,3,Monsoon,0,30.2,9.2,0.858,115752.0,9369.0,125121.0,High,-0.8660254037844385,-0.5000000000000004,177.5,3,1,0,78.6
Monument,Agra Fort,Fort,Agra,Uttar Pradesh,Metro,27.1767,78.0081,Delhi,2022-23,2022,9,Sep,3,Monsoon,0,29.2,7.3,0.858,119218.0,9650.0,128868.0,High,-1.0,-1.8369701987210297e-16,177.5,1,1,0,78.6
Monument,Agra Fort,Fort,Agra,Uttar Pradesh,Metro,27.1767,78.0081,Delhi,2022-23,2022,10,Oct,4,Autumn,1,25.6,0.9,0.858,147618.0,11949.0,159566.0,High,-0.8660254037844386,0.5000000000000001,177.5,2,1,1,78.6
Monument,Agra Fort,Fort,Agra,Uttar Pradesh,Metro,27.1767,78.0081,Delhi,2022-23,2022,11,Nov,4,Autumn,1,19.7,0.2,0.858,169165.0,13693.0,182857.0,High,-0.5000000000000004,0.8660254037844384,177.5,0,0,0,78.6
Monument,Agra Fort,Fort,Agra,Uttar Pradesh,Metro,27.1767,78.0081,Delhi,2022-23,2022,12,Dec,4,Winter,1,14.7,0.6,0.858,186141.0,15067.0,201208.0,High,-2.4492935982947064e-16,1.0,177.5,1,1,2,78.6
Monument,Agra Fort,Fort,Agra,Uttar Pradesh,Metro,27.1767,78.0081,Delhi,2022-23,2023,1,Jan,1,Winter,1,13.4,1.5,0.858,173470.0,14041.0,187511.0,High,0.49999999999999994,0.8660254037844387,177.5,2,1,0,82.6
Monument,Agra Fort,Fort,Agra,Uttar Pradesh,Metro,27.1767,78.0081,Delhi,2022-23,2023,2,Feb,1,Winter,1,17.3,1.7,0.858,181419.0,14684.0,196103.0,High,0.8660254037844386,0.5000000000000001,177.5,0,0,0,82.6
Monument,Agra Fort,Fort,Agra,Uttar Pradesh,Metro,27.1767,78.0081,Delhi,2022-23,2023,3,Mar,1,Summer,1,23.1,1.8,0.858,149772.0,12123.0,161895.0,High,1.0,6.123233995736766e-17,177.5,1,1,0,82.6
Monument,Ajanta Caves,Caves,Aurangabad,Maharashtra,Metro,19.8762,75.3433,Mumbai,2021-22,2021,4,Apr,2,Summer,0,29.1,0.3,0.631,9129.0,44.0,9173.0,Medium,0.8660254037844387,-0.4999999999999998,274.1,0,0,1,74.3
Monument,Ajanta Caves,Caves,Aurangabad,Maharashtra,Metro,19.8762,75.3433,Mumbai,2021-22,2021,5,May,2,Summer,0,30.2,1.6,0.631,8723.0,42.0,8765.0,Medium,0.49999999999999994,-0.8660254037844387,274.1,0,0,3,74.3
Monument,Ajanta Caves,Caves,Aurangabad,Maharashtra,Metro,19.8762,75.3433,Mumbai,2021-22,2021,6,Jun,2,Summer,0,29.2,19.8,0.631,9429.0,45.0,9474.0,Medium,1.2246467991473532e-16,-1.0,274.1,0,0,2,74.3
Monument,Ajanta Caves,Caves,Aurangabad,Maharashtra,Metro,19.8762,75.3433,Mumbai,2021-22,2021,7,Jul,3,Monsoon,0,28.0,29.3,0.631,11293.0,54.0,11347.0,Medium,-0.4999999999999997,-0.8660254037844388,274.1,0,0,0,74.3
Monument,Ajanta Caves,Caves,Aurangabad,Maharashtra,Metro,19.8762,75.3433,Mumbai,2021-22,2021,8,Aug,3,Monsoon,0,27.7,17.0,0.631,9309.0,44.0,9353.0,Medium,-0.8660254037844385,-0.5000000000000004,274.1,3,1,0,74.3
Monument,Ajanta Caves,Caves,Aurangabad,Maharashtra,Metro,19.8762,75.3433,Mumbai,2021-22,2021,9,Sep,3,Monsoon,0,27.9,15.1,0.631,9588.0,46.0,9634.0,Medium,-1.0,-1.8369701987210297e-16,274.1,1,1,0,74.3
Monument,Ajanta Caves,Caves,Aurangabad,Maharashtra,Metro,19.8762,75.3433,Mumbai,2021-22,2021,10,Oct,4,Autumn,1,28.9,4.7,0.631,11872.0,57.0,11928.0,Medium,-0.8660254037844386,0.5000000000000001,274.1,1,1,1,74.3
Monument,Ajanta Caves,Caves,Aurangabad,Maharashtra,Metro,19.8762,75.3433,Mumbai,2021-22,2021,11,Nov,4,Autumn,1,28.2,0.8,0.631,13604.0,65.0,13670.0,Medium,-0.5000000000000004,0.8660254037844384,274.1,1,1,0,74.3
Monument,Ajanta Caves,Caves,Aurangabad,Maharashtra,Metro,19.8762,75.3433,Mumbai,2021-22,2021,12,Dec,4,Winter,1,25.9,0.9,0.631,14970.0,72.0,15041.0,Medium,-2.4492935982947064e-16,1.0,274.1,1,1,2,74.3
Monument,Ajanta Caves,Caves,Aurangabad,Maharashtra,Metro,19.8762,75.3433,Mumbai,2021-22,2022,1,Jan,1,Winter,1,24.6,0.1,0.631,13951.0,67.0,14017.0,Medium,0.49999999999999994,0.8660254037844387,274.1,2,1,0,78.6
Monument,Ajanta Caves,Caves,Aurangabad,Maharashtra,Metro,19.8762,75.3433,Mumbai,2021-22,2022,2,Feb,1,Winter,1,25.7,0.0,0.631,14590.0,70.0,14660.0,Medium,0.8660254037844386,0.5000000000000001,274.1,0,0,0,78.6
Monument,Ajanta Caves,Caves,Aurangabad,Maharashtra,Metro,19.8762,75.3433,Mumbai,2021-22,2022,3,Mar,1,Summer,1,27.8,0.3,0.631,12045.0,58.0,12102.0,Medium,1.0,6.123233995736766e-17,274.1,1,1,0,78.6
Monument,Ajanta Caves,Caves,Aurangabad,Maharashtra,Metro,19.8762,75.3433,Mumbai,2022-23,2022,4,Apr,2,Summer,0,29.1,0.3,0.631,26436.0,688.0,27124.0,High,0.8660254037844387,-0.4999999999999998,274.1,0,0,1,78.6
Monument,Ajanta Caves,Caves,Aurangabad,Maharashtra,Metro,19.8762,75.3433,Mumbai,2022-23,2022,5,May,2,Summer,0,30.2,1.6,0.631,25261.0,657.0,25919.0,High,0.49999999999999994,-0.8660254037844387,274.1,0,0,3,78.6
Monument,Ajanta Caves,Caves,Aurangabad,Maharashtra,Metro,19.8762,75.3433,Mumbai,2022-23,2022,6,Jun,2,Summer,0,29.2,19.8,0.631,27306.0,711.0,28017.0,High,1.2246467991473532e-16,-1.0,274.1,0,0,2,78.6
Monument,Ajanta Caves,Caves,Aurangabad,Maharashtra,Metro,19.8762,75.3433,Mumbai,2022-23,2022,7,Jul,3,Monsoon,0,28.0,29.3,0.631,32704.0,851.0,33555.0,High,-0.4999999999999997,-0.8660254037844388,274.1,0,0,0,78.6
Monument,Ajanta Caves,Caves,Aurangabad,Maharashtra,Metro,19.8762,75.3433,Mumbai,2022-23,2022,8,Aug,3,Monsoon,0,27.7,17.0,0.631,26957.0,701.0,27659.0,High,-0.8660254037844385,-0.5000000000000004,274.1,3,1,0,78.6
Monument,Ajanta Caves,Caves,Aurangabad,Maharashtra,Metro,19.8762,75.3433,Mumbai,2022-23,2022,9,Sep,3,Monsoon,0,27.9,15.1,0.631,27765.0,722.0,28487.0,High,-1.0,-1.8369701987210297e-16,274.1,1,1,0,78.6
Monument,Ajanta Caves,Caves,Aurangabad,Maharashtra,Metro,19.8762,75.3433,Mumbai,2022-23,2022,10,Oct,4,Autumn,1,28.9,4.7,0.631,34379.0,895.0,35273.0,High,-0.8660254037844386,0.5000000000000001,274.1,2,1,1,78.6
Monument,Ajanta Caves,Caves,Aurangabad,Maharashtra,Metro,19.8762,75.3433,Mumbai,2022-23,2022,11,Nov,4,Autumn,1,28.2,0.8,0.631,39397.0,1025.0,40422.0,High,-0.5000000000000004,0.8660254037844384,274.1,0,0,0,78.6
Monument,Ajanta Caves,Caves,Aurangabad,Maharashtra,Metro,19.8762,75.3433,Mumbai,2022-23,2022,12,Dec,4,Winter,1,25.9,0.9,0.631,43350.0,1128.0,44479.0,High,-2.4492935982947064e-16,1.0,274.1,1,1,2,78.6
Monument,Ajanta Caves,Caves,Aurangabad,Maharashtra,Metro,19.8762,75.3433,Mumbai,2022-23,2023,1,Jan,1,Winter,1,24.6,0.1,0.631,40399.0,1051.0,41451.0,High,0.49999999999999994,0.8660254037844387,274.1,2,1,0,82.6
Monument,Ajanta Caves,Caves,Aurangabad,Maharashtra,Metro,19.8762,75.3433,Mumbai,2022-23,2023,2,Feb,1,Winter,1,25.7,0.0,0.631,42251.0,1099.0,43350.0,High,0.8660254037844386,0.5000000000000001,274.1,0,0,0,82.6
Monument,Ajanta Caves,Caves,Aurangabad,Maharashtra,Metro,19.8762,75.3433,Mumbai,2022-23,2023,3,Mar,1,Summer,1,27.8,0.3,0.631,34880.0,908.0,35788.0,High,1.0,6.123233995736766e-17,274.1,1,1,0,82.6
Monument,Akbar Tomb Sikandra,Tomb/Mausoleum,Agra,Uttar Pradesh,Metro,27.1767,78.0081,Delhi,2021-22,2021,4,Apr,2,Summer,0,29.3,0.6,0.603,12337.0,68.0,12405.0,Medium,0.8660254037844387,-0.4999999999999998,177.5,0,0,1,74.3
Monument,Akbar Tomb Sikandra,Tomb/Mausoleum,Agra,Uttar Pradesh,Metro,27.1767,78.0081,Delhi,2021-22,2021,5,May,2,Summer,0,32.8,2.1,0.603,11789.0,65.0,11854.0,Medium,0.49999999999999994,-0.8660254037844387,177.5,0,0,3,74.3
Monument,Akbar Tomb Sikandra,Tomb/Mausoleum,Agra,Uttar Pradesh,Metro,27.1767,78.0081,Delhi,2021-22,2021,6,Jun,2,Summer,0,33.3,3.7,0.603,12743.0,70.0,12813.0,Medium,1.2246467991473532e-16,-1.0,177.5,0,0,2,74.3
Monument,Akbar Tomb Sikandra,Tomb/Mausoleum,Agra,Uttar Pradesh,Metro,27.1767,78.0081,Delhi,2021-22,2021,7,Jul,3,Monsoon,0,31.1,8.7,0.603,15263.0,84.0,15346.0,Medium,-0.4999999999999997,-0.8660254037844388,177.5,0,0,0,74.3
Monument,Akbar Tomb Sikandra,Tomb/Mausoleum,Agra,Uttar Pradesh,Metro,27.1767,78.0081,Delhi,2021-22,2021,8,Aug,3,Monsoon,0,30.2,9.2,0.603,12581.0,69.0,12650.0,Medium,-0.8660254037844385,-0.5000000000000004,177.5,3,1,0,74.3
Monument,Akbar Tomb Sikandra,Tomb/Mausoleum,Agra,Uttar Pradesh,Metro,27.1767,78.0081,Delhi,2021-22,2021,9,Sep,3,Monsoon,0,29.2,7.3,0.603,12957.0,71.0,13029.0,Medium,-1.0,-1.8369701987210297e-16,177.5,1,1,0,74.3
Monument,Akbar Tomb Sikandra,Tomb/Mausoleum,Agra,Uttar Pradesh,Metro,27.1767,78.0081,Delhi,2021-22,2021,10,Oct,4,Autumn,1,25.6,0.9,0.603,16044.0,88.0,16132.0,Medium,-0.8660254037844386,0.5000000000000001,177.5,1,1,1,74.3
Monument,Akbar Tomb Sikandra,Tomb/Mausoleum,Agra,Uttar Pradesh,Metro,27.1767,78.0081,Delhi,2021-22,2021,11,Nov,4,Autumn,1,19.7,0.2,0.603,18386.0,101.0,18487.0,High,-0.5000000000000004,0.8660254037844384,177.5,1,1,0,74.3
Monument,Akbar Tomb Sikandra,Tomb/Mausoleum,Agra,Uttar Pradesh,Metro,27.1767,78.0081,Delhi,2021-22,2021,12,Dec,4,Winter,1,14.7,0.6,0.603,20231.0,111.0,20342.0,High,-2.4492935982947064e-16,1.0,177.5,1,1,2,74.3
Monument,Akbar Tomb Sikandra,Tomb/Mausoleum,Agra,Uttar Pradesh,Metro,27.1767,78.0081,Delhi,2021-22,2022,1,Jan,1,Winter,1,13.4,1.5,0.603,18854.0,104.0,18957.0,High,0.49999999999999994,0.8660254037844387,177.5,2,1,0,78.6
Monument,Akbar Tomb Sikandra,Tomb/Mausoleum,Agra,Uttar Pradesh,Metro,27.1767,78.0081,Delhi,2021-22,2022,2,Feb,1,Winter,1,17.3,1.7,0.603,19718.0,108.0,19826.0,High,0.8660254037844386,0.5000000000000001,177.5,0,0,0,78.6
Monument,Akbar Tomb Sikandra,Tomb/Mausoleum,Agra,Uttar Pradesh,Metro,27.1767,78.0081,Delhi,2021-22,2022,3,Mar,1,Summer,1,23.1,1.8,0.603,16278.0,89.0,16368.0,Medium,1.0,6.123233995736766e-17,177.5,1,1,0,78.6
Monument,Akbar Tomb Sikandra,Tomb/Mausoleum,Agra,Uttar Pradesh,Metro,27.1767,78.0081,Delhi,2022-23,2022,4,Apr,2,Summer,0,29.3,0.6,0.603,17632.0,605.0,18237.0,High,0.8660254037844387,-0.4999999999999998,177.5,0,0,1,78.6
Monument,Akbar Tomb Sikandra,Tomb/Mausoleum,Agra,Uttar Pradesh,Metro,27.1767,78.0081,Delhi,2022-23,2022,5,May,2,Summer,0,32.8,2.1,0.603,16848.0,578.0,17426.0,High,0.49999999999999994,-0.8660254037844387,177.5,0,0,3,78.6
Monument,Akbar Tomb Sikandra,Tomb/Mausoleum,Agra,Uttar Pradesh,Metro,27.1767,78.0081,Delhi,2022-23,2022,6,Jun,2,Summer,0,33.3,3.7,0.603,18212.0,625.0,18837.0,High,1.2246467991473532e-16,-1.0,177.5,0,0,2,78.6
Monument,Akbar Tomb Sikandra,Tomb/Mausoleum,Agra,Uttar Pradesh,Metro,27.1767,78.0081,Delhi,2022-23,2022,7,Jul,3,Monsoon,0,31.1,8.7,0.603,21812.0,748.0,22560.0,High,-0.4999999999999997,-0.8660254037844388,177.5,0,0,0,78.6
Monument,Akbar Tomb Sikandra,Tomb/Mausoleum,Agra,Uttar Pradesh,Metro,27.1767,78.0081,Delhi,2022-23,2022,8,Aug,3,Monsoon,0,30.2,9.2,0.603,17980.0,617.0,18596.0,High,-0.8660254037844385,-0.5000000000000004,177.5,3,1,0,78.6
Monument,Akbar Tomb Sikandra,Tomb/Mausoleum,Agra,Uttar Pradesh,Metro,27.1767,78.0081,Delhi,2022-23,2022,9,Sep,3,Monsoon,0,29.2,7.3,0.603,18518.0,635.0,19153.0,High,-1.0,-1.8369701987210297e-16,177.5,1,1,0,78.6
Monument,Akbar Tomb Sikandra,Tomb/Mausoleum,Agra,Uttar Pradesh,Metro,27.1767,78.0081,Delhi,2022-23,2022,10,Oct,4,Autumn,1,25.6,0.9,0.603,22929.0,786.0,23716.0,High,-0.8660254037844386,0.5000000000000001,177.5,2,1,1,78.6
Monument,Akbar Tomb Sikandra,Tomb/Mausoleum,Agra,Uttar Pradesh,Metro,27.1767,78.0081,Delhi,2022-23,2022,11,Nov,4,Autumn,1,19.7,0.2,0.603,26276.0,901.0,27177.0,High,-0.5000000000000004,0.8660254037844384,177.5,0,0,0,78.6
Monument,Akbar Tomb Sikandra,Tomb/Mausoleum,Agra,Uttar Pradesh,Metro,27.1767,78.0081,Delhi,2022-23,2022,12,Dec,4,Winter,1,14.7,0.6,0.603,28913.0,992.0,29905.0,High,-2.4492935982947064e-16,1.0,177.5,1,1,2,78.6
Monument,Akbar Tomb Sikandra,Tomb/Mausoleum,Agra,Uttar Pradesh,Metro,27.1767,78.0081,Delhi,2022-23,2023,1,Jan,1,Winter,1,13.4,1.5,0.603,26945.0,924.0,27869.0,High,0.49999999999999994,0.8660254037844387,177.5,2,1,0,82.6
Monument,Akbar Tomb Sikandra,Tomb/Mausoleum,Agra,Uttar Pradesh,Metro,27.1767,78.0081,Delhi,2022-23,2023,2,Feb,1,Winter,1,17.3,1.7,0.603,28180.0,966.0,29146.0,High,0.8660254037844386,0.5000000000000001,177.5,0,0,0,82.6
Monument,Akbar Tomb Sikandra,Tomb/Mausoleum,Agra,Uttar Pradesh,Metro,27.1767,78.0081,Delhi,2022-23,2023,3,Mar,1,Summer,1,23.1,1.8,0.603,23264.0,798.0,24062.0,High,1.0,6.123233995736766e-17,177.5,1,1,0,82.6
Monument,Amaravati mahastupa,Buddhist Site,Amaravati,Andhra Pradesh,Metro,16.573,80.3572,Chennai,2021-22,2021,4,Apr,2,Summer,0,30.3,1.4,0.078,247.0,1.0,248.0,Low,0.8660254037844387,-0.4999999999999998,218.1,0,0,1,74.3
Monument,Amaravati mahastupa,Buddhist Site,Amaravati,Andhra Pradesh,Metro,16.573,80.3572,Chennai,2021-22,2021,5,May,2,Summer,0,31.7,3.2,0.078,236.0,1.0,237.0,Low,0.49999999999999994,-0.8660254037844387,218.1,0,0,3,74.3
Monument,Amaravati mahastupa,Buddhist Site,Amaravati,Andhra Pradesh,Metro,16.573,80.3572,Chennai,2021-22,2021,6,Jun,2,Summer,0,31.4,3.6,0.078,255.0,1.0,256.0,Low,1.2246467991473532e-16,-1.0,218.1,0,0,2,74.3
Monument,Amaravati mahastupa,Buddhist Site,Amaravati,Andhra Pradesh,Metro,16.573,80.3572,Chennai,2021-22,2021,7,Jul,3,Monsoon,0,30.3,5.0,0.078,305.0,1.0,306.0,Low,-0.4999999999999997,-0.8660254037844388,218.1,0,0,0,74.3
Monument,Amaravati mahastupa,Buddhist Site,Amaravati,Andhra Pradesh,Metro,16.573,80.3572,Chennai,2021-22,2021,8,Aug,3,Monsoon,0,29.6,6.0,0.078,251.0,1.0,253.0,Low,-0.8660254037844385,-0.5000000000000004,218.1,3,1,0,74.3
Monument,Amaravati mahastupa,Buddhist Site,Amaravati,Andhra Pradesh,Metro,16.573,80.3572,Chennai,2021-22,2021,9,Sep,3,Monsoon,0,29.2,6.0,0.078,259.0,1.0,260.0,Low,-1.0,-1.8369701987210297e-16,218.1,1,1,0,74.3
Monument,Amaravati mahastupa,Buddhist Site,Amaravati,Andhra Pradesh,Metro,16.573,80.3572,Chennai,2021-22,2021,10,Oct,4,Autumn,1,27.9,13.3,0.078,321.0,1.0,322.0,Low,-0.8660254037844386,0.5000000000000001,218.1,1,1,1,74.3
Monument,Amaravati mahastupa,Buddhist Site,Amaravati,Andhra Pradesh,Metro,16.573,80.3572,Chennai,2021-22,2021,11,Nov,4,Autumn,1,26.3,16.4,0.078,367.0,2.0,369.0,Low,-0.5000000000000004,0.8660254037844384,218.1,1,1,0,74.3
Monument,Amaravati mahastupa,Buddhist Site,Amaravati,Andhra Pradesh,Metro,16.573,80.3572,Chennai,2021-22,2021,12,Dec,4,Winter,1,25.3,8.7,0.078,404.0,2.0,406.0,Low,-2.4492935982947064e-16,1.0,218.1,1,1,2,74.3
Monument,Amaravati mahastupa,Buddhist Site,Amaravati,Andhra Pradesh,Metro,16.573,80.3572,Chennai,2021-22,2022,1,Jan,1,Winter,1,25.0,1.3,0.078,377.0,2.0,379.0,Low,0.49999999999999994,0.8660254037844387,218.1,2,1,0,78.6
Monument,Amaravati mahastupa,Buddhist Site,Amaravati,Andhra Pradesh,Metro,16.573,80.3572,Chennai,2021-22,2022,2,Feb,1,Winter,1,26.2,0.9,0.078,394.0,2.0,396.0,Low,0.8660254037844386,0.5000000000000001,218.1,0,0,0,78.6
Monument,Amaravati mahastupa,Buddhist Site,Amaravati,Andhra Pradesh,Metro,16.573,80.3572,Chennai,2021-22,2022,3,Mar,1,Summer,1,28.3,0.9,0.078,325.0,1.0,327.0,Low,1.0,6.123233995736766e-17,218.1,1,1,0,78.6
Monument,Amaravati mahastupa,Buddhist Site,Amaravati,Andhra Pradesh,Metro,16.573,80.3572,Chennai,2022-23,2022,4,Apr,2,Summer,0,30.3,1.4,0.078,368.0,0.0,368.0,Low,0.8660254037844387,-0.4999999999999998,218.1,0,0,1,78.6
Monument,Amaravati mahastupa,Buddhist Site,Amaravati,Andhra Pradesh,Metro,16.573,80.3572,Chennai,2022-23,2022,5,May,2,Summer,0,31.7,3.2,0.078,352.0,0.0,352.0,Low,0.49999999999999994,-0.8660254037844387,218.1,0,0,3,78.6
Monument,Amaravati mahastupa,Buddhist Site,Amaravati,Andhra Pradesh,Metro,16.573,80.3572,Chennai,2022-23,2022,6,Jun,2,Summer,0,31.4,3.6,0.078,380.0,0.0,380.0,Low,1.2246467991473532e-16,-1.0,218.1,0,0,2,78.6
Monument,Amaravati mahastupa,Buddhist Site,Amaravati,Andhra Pradesh,Metro,16.573,80.3572,Chennai,2022-23,2022,7,Jul,3,Monsoon,0,30.3,5.0,0.078,455.0,0.0,455.0,Low,-0.4999999999999997,-0.8660254037844388,218.1,0,0,0,78.6
Monument,Amaravati mahastupa,Buddhist Site,Amaravati,Andhra Pradesh,Metro,16.573,80.3572,Chennai,2022-23,2022,8,Aug,3,Monsoon,0,29.6,6.0,0.078,375.0,0.0,375.0,Low,-0.8660254037844385,-0.5000000000000004,218.1,3,1,0,78.6
Monument,Amaravati mahastupa,Buddhist Site,Amaravati,Andhra Pradesh,Metro,16.573,80.3572,Chennai,2022-23,2022,9,Sep,3,Monsoon,0,29.2,6.0,0.078,387.0,0.0,387.0,Low,-1.0,-1.8369701987210297e-16,218.1,1,1,0,78.6
Monument,Amaravati mahastupa,Buddhist Site,Amaravati,Andhra Pradesh,Metro,16.573,80.3572,Chennai,2022-23,2022,10,Oct,4,Autumn,1,27.9,13.3,0.078,479.0,0.0,479.0,Low,-0.8660254037844386,0.5000000000000001,218.1,2,1,1,78.6
Monument,Amaravati mahastupa,Buddhist Site,Amaravati,Andhra Pradesh,Metro,16.573,80.3572,Chennai,2022-23,2022,11,Nov,4,Autumn,1,26.3,16.4,0.078,548.0,0.0,548.0,Low,-0.5000000000000004,0.8660254037844384,218.1,0,0,0,78.6
Monument,Amaravati mahastupa,Buddhist Site,Amaravati,Andhra Pradesh,Metro,16.573,80.3572,Chennai,2022-23,2022,12,Dec,4,Winter,1,25.3,8.7,0.078,604.0,0.0,604.0,Low,-2.4492935982947064e-16,1.0,218.1,1,1,2,78.6
Monument,Amaravati mahastupa,Buddhist Site,Amaravati,Andhra Pradesh,Metro,16.573,80.3572,Chennai,2022-23,2023,1,Jan,1,Winter,1,25.0,1.3,0.078,562.0,0.0,562.0,Low,0.49999999999999994,0.8660254037844387,218.1,2,1,0,82.6
Monument,Amaravati mahastupa,Buddhist Site,Amaravati,Andhra Pradesh,Metro,16.573,80.3572,Chennai,2022-23,2023,2,Feb,1,Winter,1,26.2,0.9,0.078,588.0,0.0,588.0,Low,0.8660254037844386,0.5000000000000001,218.1,0,0,0,82.6
Monument,Amaravati mahastupa,Buddhist Site,Amaravati,Andhra Pradesh,Metro,16.573,80.3572,Chennai,2022-23,2023,3,Mar,1,Summer,1,28.3,0.9,0.078,486.0,0.0,486.0,Low,1.0,6.123233995736766e-17,218.1,1,1,0,82.6
Monument,Ancient Buddhist Site know as Chaukhandi stupa,Buddhist Site,Sarnath,Uttar Pradesh,Tier-2,25.3176,82.9739,Lucknow,2021-22,2021,4,Apr,2,Summer,0,30.0,0.4,0.27,1450.0,6.0,1456.0,Low,0.8660254037844387,-0.4999999999999998,18.9,0,0,1,74.3
Monument,Ancient Buddhist Site know as Chaukhandi stupa,Buddhist Site,Sarnath,Uttar Pradesh,Tier-2,25.3176,82.9739,Lucknow,2021-22,2021,5,May,2,Summer,0,32.6,3.1,0.27,1385.0,6.0,1391.0,Low,0.49999999999999994,-0.8660254037844387,18.9,0,0,3,74.3
Monument,Ancient Buddhist Site know as Chaukhandi stupa,Buddhist Site,Sarnath,Uttar Pradesh,Tier-2,25.3176,82.9739,Lucknow,2021-22,2021,6,Jun,2,Summer,0,32.6,4.8,0.27,1498.0,6.0,1504.0,Low,1.2246467991473532e-16,-1.0,18.9,0,0,2,74.3
Monument,Ancient Buddhist Site know as Chaukhandi stupa,Buddhist Site,Sarnath,Uttar Pradesh,Tier-2,25.3176,82.9739,Lucknow,2021-22,2021,7,Jul,3,Monsoon,0,30.1,9.7,0.27,1794.0,7.0,1801.0,Low,-0.4999999999999997,-0.8660254037844388,18.9,0,0,0,74.3
Monument,Ancient Buddhist Site know as Chaukhandi stupa,Buddhist Site,Sarnath,Uttar Pradesh,Tier-2,25.3176,82.9739,Lucknow,2021-22,2021,8,Aug,3,Monsoon,0,29.5,9.7,0.27,1478.0,6.0,1485.0,Low,-0.8660254037844385,-0.5000000000000004,18.9,3,1,0,74.3
Monument,Ancient Buddhist Site know as Chaukhandi stupa,Buddhist Site,Sarnath,Uttar Pradesh,Tier-2,25.3176,82.9739,Lucknow,2021-22,2021,9,Sep,3,Monsoon,0,28.8,9.7,0.27,1523.0,6.0,1529.0,Low,-1.0,-1.8369701987210297e-16,18.9,1,1,0,74.3
Monument,Ancient Buddhist Site know as Chaukhandi stupa,Buddhist Site,Sarnath,Uttar Pradesh,Tier-2,25.3176,82.9739,Lucknow,2021-22,2021,10,Oct,4,Autumn,1,26.0,1.7,0.27,1885.0,8.0,1893.0,Low,-0.8660254037844386,0.5000000000000001,18.9,1,1,1,74.3
Monument,Ancient Buddhist Site know as Chaukhandi stupa,Buddhist Site,Sarnath,Uttar Pradesh,Tier-2,25.3176,82.9739,Lucknow,2021-22,2021,11,Nov,4,Autumn,1,20.7,0.4,0.27,2161.0,9.0,2170.0,Low,-0.5000000000000004,0.8660254037844384,18.9,1,1,0,74.3
Monument,Ancient Buddhist Site know as Chaukhandi stupa,Buddhist Site,Sarnath,Uttar Pradesh,Tier-2,25.3176,82.9739,Lucknow,2021-22,2021,12,Dec,4,Winter,1,15.8,0.9,0.27,2377.0,10.0,2387.0,Low,-2.4492935982947064e-16,1.0,18.9,1,1,2,74.3
Monument,Ancient Buddhist Site know as Chaukhandi stupa,Buddhist Site,Sarnath,Uttar Pradesh,Tier-2,25.3176,82.9739,Lucknow,2021-22,2022,1,Jan,1,Winter,1,14.1,1.4,0.27,2216.0,9.0,2225.0,Low,0.49999999999999994,0.8660254037844387,18.9,2,1,0,78.6
Monument,Ancient Buddhist Site know as Chaukhandi stupa,Buddhist Site,Sarnath,Uttar Pradesh,Tier-2,25.3176,82.9739,Lucknow,2021-22,2022,2,Feb,1,Winter,1,18.4,1.5,0.27,2317.0,10.0,2327.0,Low,0.8660254037844386,0.5000000000000001,18.9,0,0,0,78.6
Monument,Ancient Buddhist Site know as Chaukhandi stupa,Buddhist Site,Sarnath,Uttar Pradesh,Tier-2,25.3176,82.9739,Lucknow,2021-22,2022,3,Mar,1,Summer,1,23.9,0.8,0.27,1913.0,8.0,1921.0,Low,1.0,6.123233995736766e-17,18.9,1,1,0,78.6
Monument,Ancient Buddhist Site know as Chaukhandi stupa,Buddhist Site,Sarnath,Uttar Pradesh,Tier-2,25.3176,82.9739,Lucknow,2022-23,2022,4,Apr,2,Summer,0,30.0,0.4,0.27,3543.0,421.0,3964.0,Low,0.8660254037844387,-0.4999999999999998,18.9,0,0,1,78.6
Monument,Ancient Buddhist Site know as Chaukhandi stupa,Buddhist Site,Sarnath,Uttar Pradesh,Tier-2,25.3176,82.9739,Lucknow,2022-23,2022,5,May,2,Summer,0,32.6,3.1,0.27,3385.0,402.0,3788.0,Low,0.49999999999999994,-0.8660254037844387,18.9,0,0,3,78.6
Monument,Ancient Buddhist Site know as Chaukhandi stupa,Buddhist Site,Sarnath,Uttar Pradesh,Tier-2,25.3176,82.9739,Lucknow,2022-23,2022,6,Jun,2,Summer,0,32.6,4.8,0.27,3659.0,435.0,4094.0,Low,1.2246467991473532e-16,-1.0,18.9,0,0,2,78.6
Monument,Ancient Buddhist Site know as Chaukhandi stupa,Buddhist Site,Sarnath,Uttar Pradesh,Tier-2,25.3176,82.9739,Lucknow,2022-23,2022,7,Jul,3,Monsoon,0,30.1,9.7,0.27,4383.0,521.0,4903.0,Medium,-0.4999999999999997,-0.8660254037844388,18.9,0,0,0,78.6
Monument,Ancient Buddhist Site know as Chaukhandi stupa,Buddhist Site,Sarnath,Uttar Pradesh,Tier-2,25.3176,82.9739,Lucknow,2022-23,2022,8,Aug,3,Monsoon,0,29.5,9.7,0.27,3612.0,429.0,4042.0,Low,-0.8660254037844385,-0.5000000000000004,18.9,3,1,0,78.6
Monument,Ancient Buddhist Site know as Chaukhandi stupa,Buddhist Site,Sarnath,Uttar Pradesh,Tier-2,25.3176,82.9739,Lucknow,2022-23,2022,9,Sep,3,Monsoon,0,28.8,9.7,0.27,3721.0,442.0,4163.0,Medium,-1.0,-1.8369701987210297e-16,18.9,1,1,0,78.6
Monument,Ancient Buddhist Site know as Chaukhandi stupa,Buddhist Site,Sarnath,Uttar Pradesh,Tier-2,25.3176,82.9739,Lucknow,2022-23,2022,10,Oct,4,Autumn,1,26.0,1.7,0.27,4607.0,548.0,5155.0,Medium,-0.8660254037844386,0.5000000000000001,18.9,2,1,1,78.6
Monument,Ancient Buddhist Site know as Chaukhandi stupa,Buddhist Site,Sarnath,Uttar Pradesh,Tier-2,25.3176,82.9739,Lucknow,2022-23,2022,11,Nov,4,Autumn,1,20.7,0.4,0.27,5279.0,628.0,5907.0,Medium,-0.5000000000000004,0.8660254037844384,18.9,0,0,0,78.6
Monument,Ancient Buddhist Site know as Chaukhandi stupa,Buddhist Site,Sarnath,Uttar Pradesh,Tier-2,25.3176,82.9739,Lucknow,2022-23,2022,12,Dec,4,Winter,1,15.8,0.9,0.27,5809.0,691.0,6500.0,Medium,-2.4492935982947064e-16,1.0,18.9,1,1,2,78.6
Monument,Ancient Buddhist Site know as Chaukhandi stupa,Buddhist Site,Sarnath,Uttar Pradesh,Tier-2,25.3176,82.9739,Lucknow,2022-23,2023,1,Jan,1,Winter,1,14.1,1.4,0.27,5414.0,644.0,6057.0,Medium,0.49999999999999994,0.8660254037844387,18.9,2,1,0,82.6
Monument,Ancient Buddhist Site know as Chaukhandi stupa,Buddhist Site,Sarnath,Uttar Pradesh,Tier-2,25.3176,82.9739,Lucknow,2022-23,2023,2,Feb,1,Winter,1,18.4,1.5,0.27,5662.0,673.0,6335.0,Medium,0.8660254037844386,0.5000000000000001,18.9,0,0,0,82.6
Monument,Ancient Buddhist Site know as Chaukhandi stupa,Buddhist Site,Sarnath,Uttar Pradesh,Tier-2,25.3176,82.9739,Lucknow,2022-23,2023,3,Mar,1,Summer,1,23.9,0.8,0.27,4674.0,556.0,5230.0,Medium,1.0,6.123233995736766e-17,18.9,1,1,0,82.6
Monument,Ancient Palace Leh,Palace,Leh,Ladakh,Metro,34.1526,77.5771,Delhi,2021-22,2021,4,Apr,2,Summer,0,29.3,0.6,0.319,3454.0,12.0,3465.0,Low,0.8660254037844387,-0.4999999999999998,258.8,0,0,1,74.3
Monument,Ancient Palace Leh,Palace,Leh,Ladakh,Metro,34.1526,77.5771,Delhi,2021-22,2021,5,May,2,Summer,0,32.8,2.1,0.319,3300.0,11.0,3311.0,Low,0.49999999999999994,-0.8660254037844387,258.8,0,0,3,74.3
Monument,Ancient Palace Leh,Palace,Leh,Ladakh,Metro,34.1526,77.5771,Delhi,2021-22,2021,6,Jun,2,Summer,0,33.3,3.7,0.319,3568.0,12.0,3580.0,Low,1.2246467991473532e-16,-1.0,258.8,0,0,2,74.3
Monument,Ancient Palace Leh,Palace,Leh,Ladakh,Metro,34.1526,77.5771,Delhi,2021-22,2021,7,Jul,3,Monsoon,0,31.1,8.7,0.319,4273.0,14.0,4287.0,Medium,-0.4999999999999997,-0.8660254037844388,258.8,0,0,0,74.3
Monument,Ancient Palace Leh,Palace,Leh,Ladakh,Metro,34.1526,77.5771,Delhi,2021-22,2021,8,Aug,3,Monsoon,0,30.2,9.2,0.319,3522.0,12.0,3534.0,Low,-0.8660254037844385,-0.5000000000000004,258.8,3,1,0,74.3
Monument,Ancient Palace Leh,Palace,Leh,Ladakh,Metro,34.1526,77.5771,Delhi,2021-22,2021,9,Sep,3,Monsoon,0,29.2,7.3,0.319,3627.0,12.0,3640.0,Low,-1.0,-1.8369701987210297e-16,258.8,1,1,0,74.3
Monument,Ancient Palace Leh,Palace,Leh,Ladakh,Metro,34.1526,77.5771,Delhi,2021-22,2021,10,Oct,4,Autumn,1,25.6,0.9,0.319,4492.0,15.0,4507.0,Medium,-0.8660254037844386,0.5000000000000001,258.8,1,1,1,74.3
Monument,Ancient Palace Leh,Palace,Leh,Ladakh,Metro,34.1526,77.5771,Delhi,2021-22,2021,11,Nov,4,Autumn,1,19.7,0.2,0.319,5147.0,17.0,5164.0,Medium,-0.5000000000000004,0.8660254037844384,258.8,1,1,0,74.3
Monument,Ancient Palace Leh,Palace,Leh,Ladakh,Metro,34.1526,77.5771,Delhi,2021-22,2021,12,Dec,4,Winter,1,14.7,0.6,0.319,5664.0,19.0,5683.0,Medium,-2.4492935982947064e-16,1.0,258.8,1,1,2,74.3
Monument,Ancient Palace Leh,Palace,Leh,Ladakh,Metro,34.1526,77.5771,Delhi,2021-22,2022,1,Jan,1,Winter,1,13.4,1.5,0.319,5278.0,18.0,5296.0,Medium,0.49999999999999994,0.8660254037844387,258.8,2,1,0,78.6
Monument,Ancient Palace Leh,Palace,Leh,Ladakh,Metro,34.1526,77.5771,Delhi,2021-22,2022,2,Feb,1,Winter,1,17.3,1.7,0.319,5520.0,19.0,5539.0,Medium,0.8660254037844386,0.5000000000000001,258.8,0,0,0,78.6
Monument,Ancient Palace Leh,Palace,Leh,Ladakh,Metro,34.1526,77.5771,Delhi,2021-22,2022,3,Mar,1,Summer,1,23.1,1.8,0.319,4557.0,15.0,4572.0,Medium,1.0,6.123233995736766e-17,258.8,1,1,0,78.6
Monument,Ancient Palace Leh,Palace,Leh,Ladakh,Metro,34.1526,77.5771,Delhi,2022-23,2022,4,Apr,2,Summer,0,29.3,0.6,0.319,3958.0,172.0,4130.0,Medium,0.8660254037844387,-0.4999999999999998,258.8,0,0,1,78.6
Monument,Ancient Palace Leh,Palace,Leh,Ladakh,Metro,34.1526,77.5771,Delhi,2022-23,2022,5,May,2,Summer,0,32.8,2.1,0.319,3782.0,164.0,3947.0,Low,0.49999999999999994,-0.8660254037844387,258.8,0,0,3,78.6
Monument,Ancient Palace Leh,Palace,Leh,Ladakh,Metro,34.1526,77.5771,Delhi,2022-23,2022,6,Jun,2,Summer,0,33.3,3.7,0.319,4088.0,178.0,4266.0,Medium,1.2246467991473532e-16,-1.0,258.8,0,0,2,78.6
Monument,Ancient Palace Leh,Palace,Leh,Ladakh,Metro,34.1526,77.5771,Delhi,2022-23,2022,7,Jul,3,Monsoon,0,31.1,8.7,0.319,4897.0,213.0,5109.0,Medium,-0.4999999999999997,-0.8660254037844388,258.8,0,0,0,78.6
Monument,Ancient Palace Leh,Palace,Leh,Ladakh,Metro,34.1526,77.5771,Delhi,2022-23,2022,8,Aug,3,Monsoon,0,30.2,9.2,0.319,4036.0,175.0,4212.0,Medium,-0.8660254037844385,-0.5000000000000004,258.8,3,1,0,78.6
Monument,Ancient Palace Leh,Palace,Leh,Ladakh,Metro,34.1526,77.5771,Delhi,2022-23,2022,9,Sep,3,Monsoon,0,29.2,7.3,0.319,4157.0,181.0,4338.0,Medium,-1.0,-1.8369701987210297e-16,258.8,1,1,0,78.6
Monument,Ancient Palace Leh,Palace,Leh,Ladakh,Metro,34.1526,77.5771,Delhi,2022-23,2022,10,Oct,4,Autumn,1,25.6,0.9,0.319,5147.0,224.0,5371.0,Medium,-0.8660254037844386,0.5000000000000001,258.8,2,1,1,78.6
Monument,Ancient Palace Leh,Palace,Leh,Ladakh,Metro,34.1526,77.5771,Delhi,2022-23,2022,11,Nov,4,Autumn,1,19.7,0.2,0.319,5899.0,256.0,6155.0,Medium,-0.5000000000000004,0.8660254037844384,258.8,0,0,0,78.6
Monument,Ancient Palace Leh,Palace,Leh,Ladakh,Metro,34.1526,77.5771,Delhi,2022-23,2022,12,Dec,4,Winter,1,14.7,0.6,0.319,6491.0,282.0,6773.0,Medium,-2.4492935982947064e-16,1.0,258.8,1,1,2,78.6
Monument,Ancient Palace Leh,Palace,Leh,Ladakh,Metro,34.1526,77.5771,Delhi,2022-23,2023,1,Jan,1,Winter,1,13.4,1.5,0.319,6049.0,263.0,6312.0,Medium,0.49999999999999994,0.8660254037844387,258.8,2,1,0,82.6
Monument,Ancient Palace Leh,Palace,Leh,Ladakh,Metro,34.1526,77.5771,Delhi,2022-23,2023,2,Feb,1,Winter,1,17.3,1.7,0.319,6326.0,275.0,6601.0,Medium,0.8660254037844386,0.5000000000000001,258.8,0,0,0,82.6
Monument,Ancient Palace Leh,Palace,Leh,Ladakh,Metro,34.1526,77.5771,Delhi,2022-23,2023,3,Mar,1,Summer,1,23.1,1.8,0.319,5222.0,227.0,5449.0,Medium,1.0,6.123233995736766e-17,258.8,1,1,0,82.6
Monument,Ancient Site Bhangarh,Other Heritage Site,Jaipur,Rajasthan,Metro,26.9124,75.7873,Delhi,2021-22,2021,4,Apr,2,Summer,0,29.3,0.6,0.518,9725.0,10.0,9735.0,Medium,0.8660254037844387,-0.4999999999999998,10.1,0,0,1,74.3
Monument,Ancient Site Bhangarh,Other Heritage Site,Jaipur,Rajasthan,Metro,26.9124,75.7873,Delhi,2021-22,2021,5,May,2,Summer,0,32.8,2.1,0.518,9293.0,10.0,9303.0,Medium,0.49999999999999994,-0.8660254037844387,10.1,0,0,3,74.3
Monument,Ancient Site Bhangarh,Other Heritage Site,Jaipur,Rajasthan,Metro,26.9124,75.7873,Delhi,2021-22,2021,6,Jun,2,Summer,0,33.3,3.7,0.518,10045.0,10.0,10056.0,Medium,1.2246467991473532e-16,-1.0,10.1,0,0,2,74.3
Monument,Ancient Site Bhangarh,Other Heritage Site,Jaipur,Rajasthan,Metro,26.9124,75.7873,Delhi,2021-22,2021,7,Jul,3,Monsoon,0,31.1,8.7,0.518,12031.0,12.0,12043.0,Medium,-0.4999999999999997,-0.8660254037844388,10.1,0,0,0,74.3
Monument,Ancient Site Bhangarh,Other Heritage Site,Jaipur,Rajasthan,Metro,26.9124,75.7873,Delhi,2021-22,2021,8,Aug,3,Monsoon,0,30.2,9.2,0.518,9917.0,10.0,9927.0,Medium,-0.8660254037844385,-0.5000000000000004,10.1,3,1,0,74.3
Monument,Ancient Site Bhangarh,Other Heritage Site,Jaipur,Rajasthan,Metro,26.9124,75.7873,Delhi,2021-22,2021,9,Sep,3,Monsoon,0,29.2,7.3,0.518,10214.0,11.0,10224.0,Medium,-1.0,-1.8369701987210297e-16,10.1,1,1,0,74.3
Monument,Ancient Site Bhangarh,Other Heritage Site,Jaipur,Rajasthan,Metro,26.9124,75.7873,Delhi,2021-22,2021,10,Oct,4,Autumn,1,25.6,0.9,0.518,12647.0,13.0,12660.0,Medium,-0.8660254037844386,0.5000000000000001,10.1,1,1,1,74.3
Monument,Ancient Site Bhangarh,Other Heritage Site,Jaipur,Rajasthan,Metro,26.9124,75.7873,Delhi,2021-22,2021,11,Nov,4,Autumn,1,19.7,0.2,0.518,14493.0,15.0,14508.0,Medium,-0.5000000000000004,0.8660254037844384,10.1,1,1,0,74.3
Monument,Ancient Site Bhangarh,Other Heritage Site,Jaipur,Rajasthan,Metro,26.9124,75.7873,Delhi,2021-22,2021,12,Dec,4,Winter,1,14.7,0.6,0.518,15947.0,16.0,15964.0,Medium,-2.4492935982947064e-16,1.0,10.1,1,1,2,74.3
Monument,Ancient Site Bhangarh,Other Heritage Site,Jaipur,Rajasthan,Metro,26.9124,75.7873,Delhi,2021-22,2022,1,Jan,1,Winter,1,13.4,1.5,0.518,14862.0,15.0,14877.0,Medium,0.49999999999999994,0.8660254037844387,10.1,2,1,0,78.6
Monument,Ancient Site Bhangarh,Other Heritage Site,Jaipur,Rajasthan,Metro,26.9124,75.7873,Delhi,2021-22,2022,2,Feb,1,Winter,1,17.3,1.7,0.518,15543.0,16.0,15559.0,Medium,0.8660254037844386,0.5000000000000001,10.1,0,0,0,78.6
Monument,Ancient Site Bhangarh,Other Heritage Site,Jaipur,Rajasthan,Metro,26.9124,75.7873,Delhi,2021-22,2022,3,Mar,1,Summer,1,23.1,1.8,0.518,12832.0,13.0,12845.0,Medium,1.0,6.123233995736766e-17,10.1,1,1,0,78.6
Monument,Ancient Site Bhangarh,Other Heritage Site,Jaipur,Rajasthan,Metro,26.9124,75.7873,Delhi,2022-23,2022,4,Apr,2,Summer,0,29.3,0.6,0.518,12153.0,96.0,12249.0,Medium,0.8660254037844387,-0.4999999999999998,10.1,0,0,1,78.6
Monument,Ancient Site Bhangarh,Other Heritage Site,Jaipur,Rajasthan,Metro,26.9124,75.7873,Delhi,2022-23,2022,5,May,2,Summer,0,32.8,2.1,0.518,11613.0,91.0,11705.0,Medium,0.49999999999999994,-0.8660254037844387,10.1,0,0,3,78.6
Monument,Ancient Site Bhangarh,Other Heritage Site,Jaipur,Rajasthan,Metro,26.9124,75.7873,Delhi,2022-23,2022,6,Jun,2,Summer,0,33.3,3.7,0.518,12553.0,99.0,12652.0,Medium,1.2246467991473532e-16,-1.0,10.1,0,0,2,78.6
Monument,Ancient Site Bhangarh,Other Heritage Site,Jaipur,Rajasthan,Metro,26.9124,75.7873,Delhi,2022-23,2022,7,Jul,3,Monsoon,0,31.1,8.7,0.518,15035.0,118.0,15153.0,Medium,-0.4999999999999997,-0.8660254037844388,10.1,0,0,0,78.6
Monument,Ancient Site Bhangarh,Other Heritage Site,Jaipur,Rajasthan,Metro,26.9124,75.7873,Delhi,2022-23,2022,8,Aug,3,Monsoon,0,30.2,9.2,0.518,12393.0,97.0,12491.0,Medium,-0.8660254037844385,-0.5000000000000004,10.1,3,1,0,78.6
Monument,Ancient Site Bhangarh,Other Heritage Site,Jaipur,Rajasthan,Metro,26.9124,75.7873,Delhi,2022-23,2022,9,Sep,3,Monsoon,0,29.2,7.3,0.518,12764.0,100.0,12865.0,Medium,-1.0,-1.8369701987210297e-16,10.1,1,1,0,78.6
Monument,Ancient Site Bhangarh,Other Heritage Site,Jaipur,Rajasthan,Metro,26.9124,75.7873,Delhi,2022-23,2022,10,Oct,4,Autumn,1,25.6,0.9,0.518,15805.0,124.0,15929.0,Medium,-0.8660254037844386,0.5000000000000001,10.1,2,1,1,78.6
Monument,Ancient Site Bhangarh,Other Heritage Site,Jaipur,Rajasthan,Metro,26.9124,75.7873,Delhi,2022-23,2022,11,Nov,4,Autumn,1,19.7,0.2,0.518,18112.0,142.0,18254.0,High,-0.5000000000000004,0.8660254037844384,10.1,0,0,0,78.6
Monument,Ancient Site Bhangarh,Other Heritage Site,Jaipur,Rajasthan,Metro,26.9124,75.7873,Delhi,2022-23,2022,12,Dec,4,Winter,1,14.7,0.6,0.518,19929.0,157.0,20086.0,High,-2.4492935982947064e-16,1.0,10.1,1,1,2,78.6
Monument,Ancient Site Bhangarh,Other Heritage Site,Jaipur,Rajasthan,Metro,26.9124,75.7873,Delhi,2022-23,2023,1,Jan,1,Winter,1,13.4,1.5,0.518,18573.0,146.0,18719.0,High,0.49999999999999994,0.8660254037844387,10.1,2,1,0,82.6
Monument,Ancient Site Bhangarh,Other Heritage Site,Jaipur,Rajasthan,Metro,26.9124,75.7873,Delhi,2022-23,2023,2,Feb,1,Winter,1,17.3,1.7,0.518,19424.0,153.0,19577.0,High,0.8660254037844386,0.5000000000000001,10.1,0,0,0,82.6
Monument,Ancient Site Bhangarh,Other Heritage Site,Jaipur,Rajasthan,Metro,26.9124,75.7873,Delhi,2022-23,2023,3,Mar,1,Summer,1,23.1,1.8,0.518,16036.0,126.0,16162.0,Medium,1.0,6.123233995736766e-17,10.1,1,1,0,82.6
Monument,"Ancient Site and Adamgrah rock shelter, Kalamdi Rasuliya and kishanpur",Other Heritage Site,Jabalpur,Madhya Pradesh,Tier-2,23.1815,79.9864,Lucknow,2021-22,2021,4,Apr,2,Summer,0,30.0,0.4,0.149,1230.0,3.0,1232.0,Low,0.8660254037844387,-0.4999999999999998,251.7,0,0,1,74.3
Monument,"Ancient Site and Adamgrah rock shelter, Kalamdi Rasuliya and kishanpur",Other Heritage Site,Jabalpur,Madhya Pradesh,Tier-2,23.1815,79.9864,Lucknow,2021-22,2021,5,May,2,Summer,0,32.6,3.1,0.149,1175.0,3.0,1178.0,Low,0.49999999999999994,-0.8660254037844387,251.7,0,0,3,74.3
Monument,"Ancient Site and Adamgrah rock shelter, Kalamdi Rasuliya and kishanpur",Other Heritage Site,Jabalpur,Madhya Pradesh,Tier-2,23.1815,79.9864,Lucknow,2021-22,2021,6,Jun,2,Summer,0,32.6,4.8,0.149,1270.0,3.0,1273.0,Low,1.2246467991473532e-16,-1.0,251.7,0,0,2,74.3
Monument,"Ancient Site and Adamgrah rock shelter, Kalamdi Rasuliya and kishanpur",Other Heritage Site,Jabalpur,Madhya Pradesh,Tier-2,23.1815,79.9864,Lucknow,2021-22,2021,7,Jul,3,Monsoon,0,30.1,9.7,0.149,1521.0,3.0,1524.0,Low,-0.4999999999999997,-0.8660254037844388,251.7,0,0,0,74.3
Monument,"Ancient Site and Adamgrah rock shelter, Kalamdi Rasuliya and kishanpur",Other Heritage Site,Jabalpur,Madhya Pradesh,Tier-2,23.1815,79.9864,Lucknow,2021-22,2021,8,Aug,3,Monsoon,0,29.5,9.7,0.149,1254.0,3.0,1257.0,Low,-0.8660254037844385,-0.5000000000000004,251.7,3,1,0,74.3
Monument,"Ancient Site and Adamgrah rock shelter, Kalamdi Rasuliya and kishanpur",Other Heritage Site,Jabalpur,Madhya Pradesh,Tier-2,23.1815,79.9864,Lucknow,2021-22,2021,9,Sep,3,Monsoon,0,28.8,9.7,0.149,1291.0,3.0,1294.0,Low,-1.0,-1.8369701987210297e-16,251.7,1,1,0,74.3
Monument,"Ancient Site and Adamgrah rock shelter, Kalamdi Rasuliya and kishanpur",Other Heritage Site,Jabalpur,Madhya Pradesh,Tier-2,23.1815,79.9864,Lucknow,2021-22,2021,10,Oct,4,Autumn,1,26.0,1.7,0.149,1599.0,4.0,1603.0,Low,-0.8660254037844386,0.5000000000000001,251.7,1,1,1,74.3
Monument,"Ancient Site and Adamgrah rock shelter, Kalamdi Rasuliya and kishanpur",Other Heritage Site,Jabalpur,Madhya Pradesh,Tier-2,23.1815,79.9864,Lucknow,2021-22,2021,11,Nov,4,Autumn,1,20.7,0.4,0.149,1832.0,4.0,1836.0,Low,-0.5000000000000004,0.8660254037844384,251.7,1,1,0,74.3
Monument,"Ancient Site and Adamgrah rock shelter, Kalamdi Rasuliya and kishanpur",Other Heritage Site,Jabalpur,Madhya Pradesh,Tier-2,23.1815,79.9864,Lucknow,2021-22,2021,12,Dec,4,Winter,1,15.8,0.9,0.149,2016.0,4.0,2021.0,Low,-2.4492935982947064e-16,1.0,251.7,1,1,2,74.3
Monument,"Ancient Site and Adamgrah rock shelter, Kalamdi Rasuliya and kishanpur",Other Heritage Site,Jabalpur,Madhya Pradesh,Tier-2,23.1815,79.9864,Lucknow,2021-22,2022,1,Jan,1,Winter,1,14.1,1.4,0.149,1879.0,4.0,1883.0,Low,0.49999999999999994,0.8660254037844387,251.7,2,1,0,78.6
Monument,"Ancient Site and Adamgrah rock shelter, Kalamdi Rasuliya and kishanpur",Other Heritage Site,Jabalpur,Madhya Pradesh,Tier-2,23.1815,79.9864,Lucknow,2021-22,2022,2,Feb,1,Winter,1,18.4,1.5,0.149,1965.0,4.0,1969.0,Low,0.8660254037844386,0.5000000000000001,251.7,0,0,0,78.6
Monument,"Ancient Site and Adamgrah rock shelter, Kalamdi Rasuliya and kishanpur",Other Heritage Site,Jabalpur,Madhya Pradesh,Tier-2,23.1815,79.9864,Lucknow,2021-22,2022,3,Mar,1,Summer,1,23.9,0.8,0.149,1622.0,4.0,1626.0,Low,1.0,6.123233995736766e-17,251.7,1,1,0,78.6
Monument,"Ancient Site and Adamgrah rock shelter, Kalamdi Rasuliya and kishanpur",Other Heritage Site,Jabalpur,Madhya Pradesh,Tier-2,23.1815,79.9864,Lucknow,2022-23,2022,4,Apr,2,Summer,0,30.0,0.4,0.149,1184.0,4.0,1188.0,Low,0.8660254037844387,-0.4999999999999998,251.7,0,0,1,78.6
Monument,"Ancient Site and Adamgrah rock shelter, Kalamdi Rasuliya and kishanpur",Other Heritage Site,Jabalpur,Madhya Pradesh,Tier-2,23.1815,79.9864,Lucknow,2022-23,2022,5,May,2,Summer,0,32.6,3.1,0.149,1131.0,4.0,1135.0,Low,0.49999999999999994,-0.8660254037844387,251.7,0,0,3,78.6
Monument,"Ancient Site and Adamgrah rock shelter, Kalamdi Rasuliya and kishanpur",Other Heritage Site,Jabalpur,Madhya Pradesh,Tier-2,23.1815,79.9864,Lucknow,2022-23,2022,6,Jun,2,Summer,0,32.6,4.8,0.149,1223.0,4.0,1227.0,Low,1.2246467991473532e-16,-1.0,251.7,0,0,2,78.6
Monument,"Ancient Site and Adamgrah rock shelter, Kalamdi Rasuliya and kishanpur",Other Heritage Site,Jabalpur,Madhya Pradesh,Tier-2,23.1815,79.9864,Lucknow,2022-23,2022,7,Jul,3,Monsoon,0,30.1,9.7,0.149,1465.0,5.0,1469.0,Low,-0.4999999999999997,-0.8660254037844388,251.7,0,0,0,78.6
Monument,"Ancient Site and Adamgrah rock shelter, Kalamdi Rasuliya and kishanpur",Other Heritage Site,Jabalpur,Madhya Pradesh,Tier-2,23.1815,79.9864,Lucknow,2022-23,2022,8,Aug,3,Monsoon,0,29.5,9.7,0.149,1207.0,4.0,1211.0,Low,-0.8660254037844385,-0.5000000000000004,251.7,3,1,0,78.6
Monument,"Ancient Site and Adamgrah rock shelter, Kalamdi Rasuliya and kishanpur",Other Heritage Site,Jabalpur,Madhya Pradesh,Tier-2,23.1815,79.9864,Lucknow,2022-23,2022,9,Sep,3,Monsoon,0,28.8,9.7,0.149,1243.0,4.0,1247.0,Low,-1.0,-1.8369701987210297e-16,251.7,1,1,0,78.6
Monument,"Ancient Site and Adamgrah rock shelter, Kalamdi Rasuliya and kishanpur",Other Heritage Site,Jabalpur,Madhya Pradesh,Tier-2,23.1815,79.9864,Lucknow,2022-23,2022,10,Oct,4,Autumn,1,26.0,1.7,0.149,1540.0,5.0,1544.0,Low,-0.8660254037844386,0.5000000000000001,251.7,2,1,1,78.6
Monument,"Ancient Site and Adamgrah rock shelter, Kalamdi Rasuliya and kishanpur",Other Heritage Site,Jabalpur,Madhya Pradesh,Tier-2,23.1815,79.9864,Lucknow,2022-23,2022,11,Nov,4,Autumn,1,20.7,0.4,0.149,1764.0,6.0,1770.0,Low,-0.5000000000000004,0.8660254037844384,251.7,0,0,0,78.6
Monument,"Ancient Site and Adamgrah rock shelter, Kalamdi Rasuliya and kishanpur",Other Heritage Site,Jabalpur,Madhya Pradesh,Tier-2,23.1815,79.9864,Lucknow,2022-23,2022,12,Dec,4,Winter,1,15.8,0.9,0.149,1941.0,6.0,1948.0,Low,-2.4492935982947064e-16,1.0,251.7,1,1,2,78.6
Monument,"Ancient Site and Adamgrah rock shelter, Kalamdi Rasuliya and kishanpur",Other Heritage Site,Jabalpur,Madhya Pradesh,Tier-2,23.1815,79.9864,Lucknow,2022-23,2023,1,Jan,1,Winter,1,14.1,1.4,0.149,1809.0,6.0,1815.0,Low,0.49999999999999994,0.8660254037844387,251.7,2,1,0,82.6
Monument,"Ancient Site and Adamgrah rock shelter, Kalamdi Rasuliya and kishanpur",Other Heritage Site,Jabalpur,Madhya Pradesh,Tier-2,23.1815,79.9864,Lucknow,2022-23,2023,2,Feb,1,Winter,1,18.4,1.5,0.149,1892.0,6.0,1898.0,Low,0.8660254037844386,0.5000000000000001,251.7,0,0,0,82.6
Monument,"Ancient Site and Adamgrah rock shelter, Kalamdi Rasuliya and kishanpur",Other Heritage Site,Jabalpur,Madhya Pradesh,Tier-2,23.1815,79.9864,Lucknow,2022-23,2023,3,Mar,1,Summer,1,23.9,0.8,0.149,1562.0,5.0,1567.0,Low,1.0,6.123233995736766e-17,251.7,1,1,0,82.6
Monument,"Asokan Rock Edict, Jungadh",Archaeological Site,Rajkot,Gujarat,Metro,22.3039,70.8022,Mumbai,2021-22,2021,4,Apr,2,Summer,0,29.1,0.3,0.199,2088.0,2.0,2090.0,Low,0.8660254037844387,-0.4999999999999998,206.7,0,0,1,74.3
Monument,"Asokan Rock Edict, Jungadh",Archaeological Site,Rajkot,Gujarat,Metro,22.3039,70.8022,Mumbai,2021-22,2021,5,May,2,Summer,0,30.2,1.6,0.199,1996.0,2.0,1997.0,Low,0.49999999999999994,-0.8660254037844387,206.7,0,0,3,74.3
Monument,"Asokan Rock Edict, Jungadh",Archaeological Site,Rajkot,Gujarat,Metro,22.3039,70.8022,Mumbai,2021-22,2021,6,Jun,2,Summer,0,29.2,19.8,0.199,2157.0,2.0,2159.0,Low,1.2246467991473532e-16,-1.0,206.7,0,0,2,74.3
Monument,"Asokan Rock Edict, Jungadh",Archaeological Site,Rajkot,Gujarat,Metro,22.3039,70.8022,Mumbai,2021-22,2021,7,Jul,3,Monsoon,0,28.0,29.3,0.199,2584.0,2.0,2586.0,Low,-0.4999999999999997,-0.8660254037844388,206.7,0,0,0,74.3
Monument,"Asokan Rock Edict, Jungadh",Archaeological Site,Rajkot,Gujarat,Metro,22.3039,70.8022,Mumbai,2021-22,2021,8,Aug,3,Monsoon,0,27.7,17.0,0.199,2130.0,2.0,2131.0,Low,-0.8660254037844385,-0.5000000000000004,206.7,3,1,0,74.3
Monument,"Asokan Rock Edict, Jungadh",Archaeological Site,Rajkot,Gujarat,Metro,22.3039,70.8022,Mumbai,2021-22,2021,9,Sep,3,Monsoon,0,27.9,15.1,0.199,2193.0,2.0,2195.0,Low,-1.0,-1.8369701987210297e-16,206.7,1,1,0,74.3
Monument,"Asokan Rock Edict, Jungadh",Archaeological Site,Rajkot,Gujarat,Metro,22.3039,70.8022,Mumbai,2021-22,2021,10,Oct,4,Autumn,1,28.9,4.7,0.199,2716.0,2.0,2718.0,Low,-0.8660254037844386,0.5000000000000001,206.7,1,1,1,74.3
Monument,"Asokan Rock Edict, Jungadh",Archaeological Site,Rajkot,Gujarat,Metro,22.3039,70.8022,Mumbai,2021-22,2021,11,Nov,4,Autumn,1,28.2,0.8,0.199,3112.0,3.0,3115.0,Low,-0.5000000000000004,0.8660254037844384,206.7,1,1,0,74.3
Monument,"Asokan Rock Edict, Jungadh",Archaeological Site,Rajkot,Gujarat,Metro,22.3039,70.8022,Mumbai,2021-22,2021,12,Dec,4,Winter,1,25.9,0.9,0.199,3425.0,3.0,3428.0,Low,-2.4492935982947064e-16,1.0,206.7,1,1,2,74.3
Monument,"Asokan Rock Edict, Jungadh",Archaeological Site,Rajkot,Gujarat,Metro,22.3039,70.8022,Mumbai,2021-22,2022,1,Jan,1,Winter,1,24.6,0.1,0.199,3191.0,3.0,3194.0,Low,0.49999999999999994,0.8660254037844387,206.7,2,1,0,78.6
Monument,"Asokan Rock Edict, Jungadh",Archaeological Site,Rajkot,Gujarat,Metro,22.3039,70.8022,Mumbai,2021-22,2022,2,Feb,1,Winter,1,25.7,0.0,0.199,3338.0,3.0,3341.0,Low,0.8660254037844386,0.5000000000000001,206.7,0,0,0,78.6
Monument,"Asokan Rock Edict, Jungadh",Archaeological Site,Rajkot,Gujarat,Metro,22.3039,70.8022,Mumbai,2021-22,2022,3,Mar,1,Summer,1,27.8,0.3,0.199,2755.0,2.0,2758.0,Low,1.0,6.123233995736766e-17,206.7,1,1,0,78.6
Monument,"Asokan Rock Edict, Jungadh",Archaeological Site,Rajkot,Gujarat,Metro,22.3039,70.8022,Mumbai,2022-23,2022,4,Apr,2,Summer,0,29.1,0.3,0.199,1919.0,12.0,1930.0,Low,0.8660254037844387,-0.4999999999999998,206.7,0,0,1,78.6
Monument,"Asokan Rock Edict, Jungadh",Archaeological Site,Rajkot,Gujarat,Metro,22.3039,70.8022,Mumbai,2022-23,2022,5,May,2,Summer,0,30.2,1.6,0.199,1833.0,11.0,1845.0,Low,0.49999999999999994,-0.8660254037844387,206.7,0,0,3,78.6
Monument,"Asokan Rock Edict, Jungadh",Archaeological Site,Rajkot,Gujarat,Metro,22.3039,70.8022,Mumbai,2022-23,2022,6,Jun,2,Summer,0,29.2,19.8,0.199,1982.0,12.0,1994.0,Low,1.2246467991473532e-16,-1.0,206.7,0,0,2,78.6
Monument,"Asokan Rock Edict, Jungadh",Archaeological Site,Rajkot,Gujarat,Metro,22.3039,70.8022,Mumbai,2022-23,2022,7,Jul,3,Monsoon,0,28.0,29.3,0.199,2374.0,14.0,2388.0,Low,-0.4999999999999997,-0.8660254037844388,206.7,0,0,0,78.6
Monument,"Asokan Rock Edict, Jungadh",Archaeological Site,Rajkot,Gujarat,Metro,22.3039,70.8022,Mumbai,2022-23,2022,8,Aug,3,Monsoon,0,27.7,17.0,0.199,1957.0,12.0,1968.0,Low,-0.8660254037844385,-0.5000000000000004,206.7,3,1,0,78.6
Monument,"Asokan Rock Edict, Jungadh",Archaeological Site,Rajkot,Gujarat,Metro,22.3039,70.8022,Mumbai,2022-23,2022,9,Sep,3,Monsoon,0,27.9,15.1,0.199,2015.0,12.0,2027.0,Low,-1.0,-1.8369701987210297e-16,206.7,1,1,0,78.6
Monument,"Asokan Rock Edict, Jungadh",Archaeological Site,Rajkot,Gujarat,Metro,22.3039,70.8022,Mumbai,2022-23,2022,10,Oct,4,Autumn,1,28.9,4.7,0.199,2495.0,15.0,2510.0,Low,-0.8660254037844386,0.5000000000000001,206.7,2,1,1,78.6
Monument,"Asokan Rock Edict, Jungadh",Archaeological Site,Rajkot,Gujarat,Metro,22.3039,70.8022,Mumbai,2022-23,2022,11,Nov,4,Autumn,1,28.2,0.8,0.199,2859.0,17.0,2877.0,Low,-0.5000000000000004,0.8660254037844384,206.7,0,0,0,78.6
Monument,"Asokan Rock Edict, Jungadh",Archaeological Site,Rajkot,Gujarat,Metro,22.3039,70.8022,Mumbai,2022-23,2022,12,Dec,4,Winter,1,25.9,0.9,0.199,3146.0,19.0,3165.0,Low,-2.4492935982947064e-16,1.0,206.7,1,1,2,78.6
Monument,"Asokan Rock Edict, Jungadh",Archaeological Site,Rajkot,Gujarat,Metro,22.3039,70.8022,Mumbai,2022-23,2023,1,Jan,1,Winter,1,24.6,0.1,0.199,2932.0,18.0,2950.0,Low,0.49999999999999994,0.8660254037844387,206.7,2,1,0,82.6
Monument,"Asokan Rock Edict, Jungadh",Archaeological Site,Rajkot,Gujarat,Metro,22.3039,70.8022,Mumbai,2022-23,2023,2,Feb,1,Winter,1,25.7,0.0,0.199,3066.0,19.0,3085.0,Low,0.8660254037844386,0.5000000000000001,206.7,0,0,0,82.6
Monument,"Asokan Rock Edict, Jungadh",Archaeological Site,Rajkot,Gujarat,Metro,22.3039,70.8022,Mumbai,2022-23,2023,3,Mar,1,Summer,1,27.8,0.3,0.199,2532.0,15.0,2547.0,Low,1.0,6.123233995736766e-17,206.7,1,1,0,82.6
Monument,Aurangabad Caves,Caves,Aurangabad,Maharashtra,Metro,19.8762,75.3433,Mumbai,2021-22,2021,4,Apr,2,Summer,0,29.1,0.3,0.397,4524.0,5.0,4530.0,Medium,0.8660254037844387,-0.4999999999999998,274.1,0,0,1,74.3
Monument,Aurangabad Caves,Caves,Aurangabad,Maharashtra,Metro,19.8762,75.3433,Mumbai,2021-22,2021,5,May,2,Summer,0,30.2,1.6,0.397,4323.0,5.0,4328.0,Medium,0.49999999999999994,-0.8660254037844387,274.1,0,0,3,74.3
Monument,Aurangabad Caves,Caves,Aurangabad,Maharashtra,Metro,19.8762,75.3433,Mumbai,2021-22,2021,6,Jun,2,Summer,0,29.2,19.8,0.397,4673.0,5.0,4679.0,Medium,1.2246467991473532e-16,-1.0,274.1,0,0,2,74.3
Monument,Aurangabad Caves,Caves,Aurangabad,Maharashtra,Metro,19.8762,75.3433,Mumbai,2021-22,2021,7,Jul,3,Monsoon,0,28.0,29.3,0.397,5597.0,6.0,5603.0,Medium,-0.4999999999999997,-0.8660254037844388,274.1,0,0,0,74.3
Monument,Aurangabad Caves,Caves,Aurangabad,Maharashtra,Metro,19.8762,75.3433,Mumbai,2021-22,2021,8,Aug,3,Monsoon,0,27.7,17.0,0.397,4613.0,5.0,4619.0,Medium,-0.8660254037844385,-0.5000000000000004,274.1,3,1,0,74.3
Monument,Aurangabad Caves,Caves,Aurangabad,Maharashtra,Metro,19.8762,75.3433,Mumbai,2021-22,2021,9,Sep,3,Monsoon,0,27.9,15.1,0.397,4752.0,5.0,4757.0,Medium,-1.0,-1.8369701987210297e-16,274.1,1,1,0,74.3
Monument,Aurangabad Caves,Caves,Aurangabad,Maharashtra,Metro,19.8762,75.3433,Mumbai,2021-22,2021,10,Oct,4,Autumn,1,28.9,4.7,0.397,5884.0,7.0,5890.0,Medium,-0.8660254037844386,0.5000000000000001,274.1,1,1,1,74.3
Monument,Aurangabad Caves,Caves,Aurangabad,Maharashtra,Metro,19.8762,75.3433,Mumbai,2021-22,2021,11,Nov,4,Autumn,1,28.2,0.8,0.397,6742.0,8.0,6750.0,Medium,-0.5000000000000004,0.8660254037844384,274.1,1,1,0,74.3
Monument,Aurangabad Caves,Caves,Aurangabad,Maharashtra,Metro,19.8762,75.3433,Mumbai,2021-22,2021,12,Dec,4,Winter,1,25.9,0.9,0.397,7419.0,9.0,7428.0,Medium,-2.4492935982947064e-16,1.0,274.1,1,1,2,74.3
Monument,Aurangabad Caves,Caves,Aurangabad,Maharashtra,Metro,19.8762,75.3433,Mumbai,2021-22,2022,1,Jan,1,Winter,1,24.6,0.1,0.397,6914.0,8.0,6922.0,Medium,0.49999999999999994,0.8660254037844387,274.1,2,1,0,78.6
Monument,Aurangabad Caves,Caves,Aurangabad,Maharashtra,Metro,19.8762,75.3433,Mumbai,2021-22,2022,2,Feb,1,Winter,1,25.7,0.0,0.397,7231.0,8.0,7239.0,Medium,0.8660254037844386,0.5000000000000001,274.1,0,0,0,78.6
Monument,Aurangabad Caves,Caves,Aurangabad,Maharashtra,Metro,19.8762,75.3433,Mumbai,2021-22,2022,3,Mar,1,Summer,1,27.8,0.3,0.397,5969.0,7.0,5976.0,Medium,1.0,6.123233995736766e-17,274.1,1,1,0,78.6
Monument,Aurangabad Caves,Caves,Aurangabad,Maharashtra,Metro,19.8762,75.3433,Mumbai,2022-23,2022,4,Apr,2,Summer,0,29.1,0.3,0.397,7613.0,56.0,7669.0,Medium,0.8660254037844387,-0.4999999999999998,274.1,0,0,1,78.6
Monument,Aurangabad Caves,Caves,Aurangabad,Maharashtra,Metro,19.8762,75.3433,Mumbai,2022-23,2022,5,May,2,Summer,0,30.2,1.6,0.397,7274.0,54.0,7328.0,Medium,0.49999999999999994,-0.8660254037844387,274.1,0,0,3,78.6
Monument,Aurangabad Caves,Caves,Aurangabad,Maharashtra,Metro,19.8762,75.3433,Mumbai,2022-23,2022,6,Jun,2,Summer,0,29.2,19.8,0.397,7863.0,58.0,7921.0,Medium,1.2246467991473532e-16,-1.0,274.1,0,0,2,78.6
Monument,Aurangabad Caves,Caves,Aurangabad,Maharashtra,Metro,19.8762,75.3433,Mumbai,2022-23,2022,7,Jul,3,Monsoon,0,28.0,29.3,0.397,9418.0,69.0,9487.0,Medium,-0.4999999999999997,-0.8660254037844388,274.1,0,0,0,78.6
Monument,Aurangabad Caves,Caves,Aurangabad,Maharashtra,Metro,19.8762,75.3433,Mumbai,2022-23,2022,8,Aug,3,Monsoon,0,27.7,17.0,0.397,7763.0,57.0,7820.0,Medium,-0.8660254037844385,-0.5000000000000004,274.1,3,1,0,78.6
Monument,Aurangabad Caves,Caves,Aurangabad,Maharashtra,Metro,19.8762,75.3433,Mumbai,2022-23,2022,9,Sep,3,Monsoon,0,27.9,15.1,0.397,7995.0,59.0,8054.0,Medium,-1.0,-1.8369701987210297e-16,274.1,1,1,0,78.6
Monument,Aurangabad Caves,Caves,Aurangabad,Maharashtra,Metro,19.8762,75.3433,Mumbai,2022-23,2022,10,Oct,4,Autumn,1,28.9,4.7,0.397,9900.0,73.0,9973.0,Medium,-0.8660254037844386,0.5000000000000001,274.1,2,1,1,78.6
Monument,Aurangabad Caves,Caves,Aurangabad,Maharashtra,Metro,19.8762,75.3433,Mumbai,2022-23,2022,11,Nov,4,Autumn,1,28.2,0.8,0.397,11345.0,84.0,11429.0,Medium,-0.5000000000000004,0.8660254037844384,274.1,0,0,0,78.6
Monument,Aurangabad Caves,Caves,Aurangabad,Maharashtra,Metro,19.8762,75.3433,Mumbai,2022-23,2022,12,Dec,4,Winter,1,25.9,0.9,0.397,12484.0,92.0,12576.0,Medium,-2.4492935982947064e-16,1.0,274.1,1,1,2,78.6
Monument,Aurangabad Caves,Caves,Aurangabad,Maharashtra,Metro,19.8762,75.3433,Mumbai,2022-23,2023,1,Jan,1,Winter,1,24.6,0.1,0.397,11634.0,86.0,11720.0,Medium,0.49999999999999994,0.8660254037844387,274.1,2,1,0,82.6
Monument,Aurangabad Caves,Caves,Aurangabad,Maharashtra,Metro,19.8762,75.3433,Mumbai,2022-23,2023,2,Feb,1,Winter,1,25.7,0.0,0.397,12167.0,90.0,12257.0,Medium,0.8660254037844386,0.5000000000000001,274.1,0,0,0,82.6
Monument,Aurangabad Caves,Caves,Aurangabad,Maharashtra,Metro,19.8762,75.3433,Mumbai,2022-23,2023,3,Mar,1,Summer,1,27.8,0.3,0.397,10044.0,74.0,10119.0,Medium,1.0,6.123233995736766e-17,274.1,1,1,0,82.6
Monument,"Avantiswamin Temple, Avantipur, District Pulwama",Temple,Srinagar,Jammu & Kashmir,Metro,34.0837,74.7973,Delhi,2021-22,2021,4,Apr,2,Summer,0,29.3,0.6,0.248,1645.0,0.0,1645.0,Low,0.8660254037844387,-0.4999999999999998,11.0,0,0,1,74.3
Monument,"Avantiswamin Temple, Avantipur, District Pulwama",Temple,Srinagar,Jammu & Kashmir,Metro,34.0837,74.7973,Delhi,2021-22,2021,5,May,2,Summer,0,32.8,2.1,0.248,1572.0,0.0,1572.0,Low,0.49999999999999994,-0.8660254037844387,11.0,0,0,3,74.3
Monument,"Avantiswamin Temple, Avantipur, District Pulwama",Temple,Srinagar,Jammu & Kashmir,Metro,34.0837,74.7973,Delhi,2021-22,2021,6,Jun,2,Summer,0,33.3,3.7,0.248,1699.0,0.0,1699.0,Low,1.2246467991473532e-16,-1.0,11.0,0,0,2,74.3
Monument,"Avantiswamin Temple, Avantipur, District Pulwama",Temple,Srinagar,Jammu & Kashmir,Metro,34.0837,74.7973,Delhi,2021-22,2021,7,Jul,3,Monsoon,0,31.1,8.7,0.248,2035.0,0.0,2035.0,Low,-0.4999999999999997,-0.8660254037844388,11.0,0,0,0,74.3
Monument,"Avantiswamin Temple, Avantipur, District Pulwama",Temple,Srinagar,Jammu & Kashmir,Metro,34.0837,74.7973,Delhi,2021-22,2021,8,Aug,3,Monsoon,0,30.2,9.2,0.248,1677.0,0.0,1678.0,Low,-0.8660254037844385,-0.5000000000000004,11.0,3,1,0,74.3
Monument,"Avantiswamin Temple, Avantipur, District Pulwama",Temple,Srinagar,Jammu & Kashmir,Metro,34.0837,74.7973,Delhi,2021-22,2021,9,Sep,3,Monsoon,0,29.2,7.3,0.248,1728.0,0.0,1728.0,Low,-1.0,-1.8369701987210297e-16,11.0,1,1,0,74.3
Monument,"Avantiswamin Temple, Avantipur, District Pulwama",Temple,Srinagar,Jammu & Kashmir,Metro,34.0837,74.7973,Delhi,2021-22,2021,10,Oct,4,Autumn,1,25.6,0.9,0.248,2139.0,1.0,2140.0,Low,-0.8660254037844386,0.5000000000000001,11.0,1,1,1,74.3
Monument,"Avantiswamin Temple, Avantipur, District Pulwama",Temple,Srinagar,Jammu & Kashmir,Metro,34.0837,74.7973,Delhi,2021-22,2021,11,Nov,4,Autumn,1,19.7,0.2,0.248,2451.0,1.0,2452.0,Low,-0.5000000000000004,0.8660254037844384,11.0,1,1,0,74.3
Monument,"Avantiswamin Temple, Avantipur, District Pulwama",Temple,Srinagar,Jammu & Kashmir,Metro,34.0837,74.7973,Delhi,2021-22,2021,12,Dec,4,Winter,1,14.7,0.6,0.248,2697.0,1.0,2698.0,Low,-2.4492935982947064e-16,1.0,11.0,1,1,2,74.3
Monument,"Avantiswamin Temple, Avantipur, District Pulwama",Temple,Srinagar,Jammu & Kashmir,Metro,34.0837,74.7973,Delhi,2021-22,2022,1,Jan,1,Winter,1,13.4,1.5,0.248,2514.0,1.0,2514.0,Low,0.49999999999999994,0.8660254037844387,11.0,2,1,0,78.6
Monument,"Avantiswamin Temple, Avantipur, District Pulwama",Temple,Srinagar,Jammu & Kashmir,Metro,34.0837,74.7973,Delhi,2021-22,2022,2,Feb,1,Winter,1,17.3,1.7,0.248,2629.0,1.0,2630.0,Low,0.8660254037844386,0.5000000000000001,11.0,0,0,0,78.6
Monument,"Avantiswamin Temple, Avantipur, District Pulwama",Temple,Srinagar,Jammu & Kashmir,Metro,34.0837,74.7973,Delhi,2021-22,2022,3,Mar,1,Summer,1,23.1,1.8,0.248,2170.0,1.0,2171.0,Low,1.0,6.123233995736766e-17,11.0,1,1,0,78.6
Monument,"Avantiswamin Temple, Avantipur, District Pulwama",Temple,Srinagar,Jammu & Kashmir,Metro,34.0837,74.7973,Delhi,2022-23,2022,4,Apr,2,Summer,0,29.3,0.6,0.248,2922.0,7.0,2929.0,Low,0.8660254037844387,-0.4999999999999998,11.0,0,0,1,78.6
Monument,"Avantiswamin Temple, Avantipur, District Pulwama",Temple,Srinagar,Jammu & Kashmir,Metro,34.0837,74.7973,Delhi,2022-23,2022,5,May,2,Summer,0,32.8,2.1,0.248,2792.0,6.0,2799.0,Low,0.49999999999999994,-0.8660254037844387,11.0,0,0,3,78.6
Monument,"Avantiswamin Temple, Avantipur, District Pulwama",Temple,Srinagar,Jammu & Kashmir,Metro,34.0837,74.7973,Delhi,2022-23,2022,6,Jun,2,Summer,0,33.3,3.7,0.248,3018.0,7.0,3025.0,Low,1.2246467991473532e-16,-1.0,11.0,0,0,2,78.6
Monument,"Avantiswamin Temple, Avantipur, District Pulwama",Temple,Srinagar,Jammu & Kashmir,Metro,34.0837,74.7973,Delhi,2022-23,2022,7,Jul,3,Monsoon,0,31.1,8.7,0.248,3615.0,8.0,3623.0,Low,-0.4999999999999997,-0.8660254037844388,11.0,0,0,0,78.6
Monument,"Avantiswamin Temple, Avantipur, District Pulwama",Temple,Srinagar,Jammu & Kashmir,Metro,34.0837,74.7973,Delhi,2022-23,2022,8,Aug,3,Monsoon,0,30.2,9.2,0.248,2980.0,7.0,2987.0,Low,-0.8660254037844385,-0.5000000000000004,11.0,3,1,0,78.6
Monument,"Avantiswamin Temple, Avantipur, District Pulwama",Temple,Srinagar,Jammu & Kashmir,Metro,34.0837,74.7973,Delhi,2022-23,2022,9,Sep,3,Monsoon,0,29.2,7.3,0.248,3069.0,7.0,3076.0,Low,-1.0,-1.8369701987210297e-16,11.0,1,1,0,78.6
Monument,"Avantiswamin Temple, Avantipur, District Pulwama",Temple,Srinagar,Jammu & Kashmir,Metro,34.0837,74.7973,Delhi,2022-23,2022,10,Oct,4,Autumn,1,25.6,0.9,0.248,3800.0,8.0,3809.0,Low,-0.8660254037844386,0.5000000000000001,11.0,2,1,1,78.6
Monument,"Avantiswamin Temple, Avantipur, District Pulwama",Temple,Srinagar,Jammu & Kashmir,Metro,34.0837,74.7973,Delhi,2022-23,2022,11,Nov,4,Autumn,1,19.7,0.2,0.248,4355.0,10.0,4365.0,Medium,-0.5000000000000004,0.8660254037844384,11.0,0,0,0,78.6
Monument,"Avantiswamin Temple, Avantipur, District Pulwama",Temple,Srinagar,Jammu & Kashmir,Metro,34.0837,74.7973,Delhi,2022-23,2022,12,Dec,4,Winter,1,14.7,0.6,0.248,4792.0,11.0,4803.0,Medium,-2.4492935982947064e-16,1.0,11.0,1,1,2,78.6
Monument,"Avantiswamin Temple, Avantipur, District Pulwama",Temple,Srinagar,Jammu & Kashmir,Metro,34.0837,74.7973,Delhi,2022-23,2023,1,Jan,1,Winter,1,13.4,1.5,0.248,4466.0,10.0,4476.0,Medium,0.49999999999999994,0.8660254037844387,11.0,2,1,0,82.6
Monument,"Avantiswamin Temple, Avantipur, District Pulwama",Temple,Srinagar,Jammu & Kashmir,Metro,34.0837,74.7973,Delhi,2022-23,2023,2,Feb,1,Winter,1,17.3,1.7,0.248,4670.0,10.0,4681.0,Medium,0.8660254037844386,0.5000000000000001,11.0,0,0,0,82.6
Monument,"Avantiswamin Temple, Avantipur, District Pulwama",Temple,Srinagar,Jammu & Kashmir,Metro,34.0837,74.7973,Delhi,2022-23,2023,3,Mar,1,Summer,1,23.1,1.8,0.248,3856.0,9.0,3864.0,Low,1.0,6.123233995736766e-17,11.0,1,1,0,82.6
Monument,"Baba Pyara Caves, Junagadh & Khapra Khodiya Caves, Junagadh",Caves,Rajkot,Gujarat,Metro,22.3039,70.8022,Mumbai,2021-22,2021,4,Apr,2,Summer,0,29.1,0.3,0.057,179.0,0.0,179.0,Low,0.8660254037844387,-0.4999999999999998,206.7,0,0,1,74.3
Monument,"Baba Pyara Caves, Junagadh & Khapra Khodiya Caves, Junagadh",Caves,Rajkot,Gujarat,Metro,22.3039,70.8022,Mumbai,2021-22,2021,5,May,2,Summer,0,30.2,1.6,0.057,171.0,0.0,171.0,Low,0.49999999999999994,-0.8660254037844387,206.7,0,0,3,74.3
Monument,"Baba Pyara Caves, Junagadh & Khapra Khodiya Caves, Junagadh",Caves,Rajkot,Gujarat,Metro,22.3039,70.8022,Mumbai,2021-22,2021,6,Jun,2,Summer,0,29.2,19.8,0.057,185.0,0.0,185.0,Low,1.2246467991473532e-16,-1.0,206.7,0,0,2,74.3
Monument,"Baba Pyara Caves, Junagadh & Khapra Khodiya Caves, Junagadh",Caves,Rajkot,Gujarat,Metro,22.3039,70.8022,Mumbai,2021-22,2021,7,Jul,3,Monsoon,0,28.0,29.3,0.057,221.0,0.0,222.0,Low,-0.4999999999999997,-0.8660254037844388,206.7,0,0,0,74.3
Monument,"Baba Pyara Caves, Junagadh & Khapra Khodiya Caves, Junagadh",Caves,Rajkot,Gujarat,Metro,22.3039,70.8022,Mumbai,2021-22,2021,8,Aug,3,Monsoon,0,27.7,17.0,0.057,182.0,0.0,183.0,Low,-0.8660254037844385,-0.5000000000000004,206.7,3,1,0,74.3
Monument,"Baba Pyara Caves, Junagadh & Khapra Khodiya Caves, Junagadh",Caves,Rajkot,Gujarat,Metro,22.3039,70.8022,Mumbai,2021-22,2021,9,Sep,3,Monsoon,0,27.9,15.1,0.057,188.0,0.0,188.0,Low,-1.0,-1.8369701987210297e-16,206.7,1,1,0,74.3
Monument,"Baba Pyara Caves, Junagadh & Khapra Khodiya Caves, Junagadh",Caves,Rajkot,Gujarat,Metro,22.3039,70.8022,Mumbai,2021-22,2021,10,Oct,4,Autumn,1,28.9,4.7,0.057,233.0,1.0,233.0,Low,-0.8660254037844386,0.5000000000000001,206.7,1,1,1,74.3
Monument,"Baba Pyara Caves, Junagadh & Khapra Khodiya Caves, Junagadh",Caves,Rajkot,Gujarat,Metro,22.3039,70.8022,Mumbai,2021-22,2021,11,Nov,4,Autumn,1,28.2,0.8,0.057,267.0,1.0,267.0,Low,-0.5000000000000004,0.8660254037844384,206.7,1,1,0,74.3
Monument,"Baba Pyara Caves, Junagadh & Khapra Khodiya Caves, Junagadh",Caves,Rajkot,Gujarat,Metro,22.3039,70.8022,Mumbai,2021-22,2021,12,Dec,4,Winter,1,25.9,0.9,0.057,293.0,1.0,294.0,Low,-2.4492935982947064e-16,1.0,206.7,1,1,2,74.3
Monument,"Baba Pyara Caves, Junagadh & Khapra Khodiya Caves, Junagadh",Caves,Rajkot,Gujarat,Metro,22.3039,70.8022,Mumbai,2021-22,2022,1,Jan,1,Winter,1,24.6,0.1,0.057,273.0,1.0,274.0,Low,0.49999999999999994,0.8660254037844387,206.7,2,1,0,78.6
Monument,"Baba Pyara Caves, Junagadh & Khapra Khodiya Caves, Junagadh",Caves,Rajkot,Gujarat,Metro,22.3039,70.8022,Mumbai,2021-22,2022,2,Feb,1,Winter,1,25.7,0.0,0.057,286.0,1.0,287.0,Low,0.8660254037844386,0.5000000000000001,206.7,0,0,0,78.6
Monument,"Baba Pyara Caves, Junagadh & Khapra Khodiya Caves, Junagadh",Caves,Rajkot,Gujarat,Metro,22.3039,70.8022,Mumbai,2021-22,2022,3,Mar,1,Summer,1,27.8,0.3,0.057,236.0,1.0,237.0,Low,1.0,6.123233995736766e-17,206.7,1,1,0,78.6
Monument,"Baba Pyara Caves, Junagadh & Khapra Khodiya Caves, Junagadh",Caves,Rajkot,Gujarat,Metro,22.3039,70.8022,Mumbai,2022-23,2022,4,Apr,2,Summer,0,29.1,0.3,0.057,185.0,1.0,186.0,Low,0.8660254037844387,-0.4999999999999998,206.7,0,0,1,78.6
Monument,"Baba Pyara Caves, Junagadh & Khapra Khodiya Caves, Junagadh",Caves,Rajkot,Gujarat,Metro,22.3039,70.8022,Mumbai,2022-23,2022,5,May,2,Summer,0,30.2,1.6,0.057,177.0,1.0,177.0,Low,0.49999999999999994,-0.8660254037844387,206.7,0,0,3,78.6
Monument,"Baba Pyara Caves, Junagadh & Khapra Khodiya Caves, Junagadh",Caves,Rajkot,Gujarat,Metro,22.3039,70.8022,Mumbai,2022-23,2022,6,Jun,2,Summer,0,29.2,19.8,0.057,191.0,1.0,192.0,Low,1.2246467991473532e-16,-1.0,206.7,0,0,2,78.6
Monument,"Baba Pyara Caves, Junagadh & Khapra Khodiya Caves, Junagadh",Caves,Rajkot,Gujarat,Metro,22.3039,70.8022,Mumbai,2022-23,2022,7,Jul,3,Monsoon,0,28.0,29.3,0.057,229.0,1.0,230.0,Low,-0.4999999999999997,-0.8660254037844388,206.7,0,0,0,78.6
Monument,"Baba Pyara Caves, Junagadh & Khapra Khodiya Caves, Junagadh",Caves,Rajkot,Gujarat,Metro,22.3039,70.8022,Mumbai,2022-23,2022,8,Aug,3,Monsoon,0,27.7,17.0,0.057,189.0,1.0,189.0,Low,-0.8660254037844385,-0.5000000000000004,206.7,3,1,0,78.6
Monument,"Baba Pyara Caves, Junagadh & Khapra Khodiya Caves, Junagadh",Caves,Rajkot,Gujarat,Metro,22.3039,70.8022,Mumbai,2022-23,2022,9,Sep,3,Monsoon,0,27.9,15.1,0.057,194.0,1.0,195.0,Low,-1.0,-1.8369701987210297e-16,206.7,1,1,0,78.6
Monument,"Baba Pyara Caves, Junagadh & Khapra Khodiya Caves, Junagadh",Caves,Rajkot,Gujarat,Metro,22.3039,70.8022,Mumbai,2022-23,2022,10,Oct,4,Autumn,1,28.9,4.7,0.057,241.0,1.0,242.0,Low,-0.8660254037844386,0.5000000000000001,206.7,2,1,1,78.6
Monument,"Baba Pyara Caves, Junagadh & Khapra Khodiya Caves, Junagadh",Caves,Rajkot,Gujarat,Metro,22.3039,70.8022,Mumbai,2022-23,2022,11,Nov,4,Autumn,1,28.2,0.8,0.057,276.0,1.0,277.0,Low,-0.5000000000000004,0.8660254037844384,206.7,0,0,0,78.6
Monument,"Baba Pyara Caves, Junagadh & Khapra Khodiya Caves, Junagadh",Caves,Rajkot,Gujarat,Metro,22.3039,70.8022,Mumbai,2022-23,2022,12,Dec,4,Winter,1,25.9,0.9,0.057,304.0,1.0,305.0,Low,-2.4492935982947064e-16,1.0,206.7,1,1,2,78.6
Monument,"Baba Pyara Caves, Junagadh & Khapra Khodiya Caves, Junagadh",Caves,Rajkot,Gujarat,Metro,22.3039,70.8022,Mumbai,2022-23,2023,1,Jan,1,Winter,1,24.6,0.1,0.057,283.0,1.0,284.0,Low,0.49999999999999994,0.8660254037844387,206.7,2,1,0,82.6
Monument,"Baba Pyara Caves, Junagadh & Khapra Khodiya Caves, Junagadh",Caves,Rajkot,Gujarat,Metro,22.3039,70.8022,Mumbai,2022-23,2023,2,Feb,1,Winter,1,25.7,0.0,0.057,296.0,1.0,297.0,Low,0.8660254037844386,0.5000000000000001,206.7,0,0,0,82.6
Monument,"Baba Pyara Caves, Junagadh & Khapra Khodiya Caves, Junagadh",Caves,Rajkot,Gujarat,Metro,22.3039,70.8022,Mumbai,2022-23,2023,3,Mar,1,Summer,1,27.8,0.3,0.057,244.0,1.0,245.0,Low,1.0,6.123233995736766e-17,206.7,1,1,0,82.6
Monument,"Badal Mahal Gatwway, Chanderi",Palace,Thiruchirapalli,Tamil Nadu,Metro,10.7905,78.7047,Bangalore,2021-22,2021,4,Apr,2,Summer,0,27.4,4.6,0.106,727.0,0.0,727.0,Low,0.8660254037844387,-0.4999999999999998,183.3,0,0,1,74.3
Monument,"Badal Mahal Gatwway, Chanderi",Palace,Thiruchirapalli,Tamil Nadu,Metro,10.7905,78.7047,Bangalore,2021-22,2021,5,May,2,Summer,0,26.4,5.8,0.106,695.0,0.0,695.0,Low,0.49999999999999994,-0.8660254037844387,183.3,0,0,3,74.3
Monument,"Badal Mahal Gatwway, Chanderi",Palace,Thiruchirapalli,Tamil Nadu,Metro,10.7905,78.7047,Bangalore,2021-22,2021,6,Jun,2,Summer,0,24.3,4.2,0.106,751.0,0.0,751.0,Low,1.2246467991473532e-16,-1.0,183.3,0,0,2,74.3
Monument,"Badal Mahal Gatwway, Chanderi",Palace,Thiruchirapalli,Tamil Nadu,Metro,10.7905,78.7047,Bangalore,2021-22,2021,7,Jul,3,Monsoon,0,23.3,4.8,0.106,899.0,0.0,900.0,Low,-0.4999999999999997,-0.8660254037844388,183.3,0,0,0,74.3
Monument,"Badal Mahal Gatwway, Chanderi",Palace,Thiruchirapalli,Tamil Nadu,Metro,10.7905,78.7047,Bangalore,2021-22,2021,8,Aug,3,Monsoon,0,23.1,5.7,0.106,741.0,0.0,742.0,Low,-0.8660254037844385,-0.5000000000000004,183.3,3,1,0,74.3
Monument,"Badal Mahal Gatwway, Chanderi",Palace,Thiruchirapalli,Tamil Nadu,Metro,10.7905,78.7047,Bangalore,2021-22,2021,9,Sep,3,Monsoon,0,23.6,8.0,0.106,763.0,0.0,764.0,Low,-1.0,-1.8369701987210297e-16,183.3,1,1,0,74.3
Monument,"Badal Mahal Gatwway, Chanderi",Palace,Thiruchirapalli,Tamil Nadu,Metro,10.7905,78.7047,Bangalore,2021-22,2021,10,Oct,4,Autumn,1,23.2,8.0,0.106,945.0,1.0,946.0,Low,-0.8660254037844386,0.5000000000000001,183.3,1,1,1,74.3
Monument,"Badal Mahal Gatwway, Chanderi",Palace,Thiruchirapalli,Tamil Nadu,Metro,10.7905,78.7047,Bangalore,2021-22,2021,11,Nov,4,Autumn,1,22.1,3.7,0.106,1083.0,1.0,1084.0,Low,-0.5000000000000004,0.8660254037844384,183.3,1,1,0,74.3
Monument,"Badal Mahal Gatwway, Chanderi",Palace,Thiruchirapalli,Tamil Nadu,Metro,10.7905,78.7047,Bangalore,2021-22,2021,12,Dec,4,Winter,1,21.0,1.2,0.106,1192.0,1.0,1192.0,Low,-2.4492935982947064e-16,1.0,183.3,1,1,2,74.3
Monument,"Badal Mahal Gatwway, Chanderi",Palace,Thiruchirapalli,Tamil Nadu,Metro,10.7905,78.7047,Bangalore,2021-22,2022,1,Jan,1,Winter,1,21.5,0.1,0.106,1111.0,1.0,1111.0,Low,0.49999999999999994,0.8660254037844387,183.3,2,1,0,78.6
Monument,"Badal Mahal Gatwway, Chanderi",Palace,Thiruchirapalli,Tamil Nadu,Metro,10.7905,78.7047,Bangalore,2021-22,2022,2,Feb,1,Winter,1,23.7,0.4,0.106,1162.0,1.0,1162.0,Low,0.8660254037844386,0.5000000000000001,183.3,0,0,0,78.6
Monument,"Badal Mahal Gatwway, Chanderi",Palace,Thiruchirapalli,Tamil Nadu,Metro,10.7905,78.7047,Bangalore,2021-22,2022,3,Mar,1,Summer,1,26.4,1.2,0.106,959.0,1.0,959.0,Low,1.0,6.123233995736766e-17,183.3,1,1,0,78.6
Monument,"Badal Mahal Gatwway, Chanderi",Palace,Thiruchirapalli,Tamil Nadu,Metro,10.7905,78.7047,Bangalore,2022-23,2022,4,Apr,2,Summer,0,27.4,4.6,0.106,569.0,3.0,573.0,Low,0.8660254037844387,-0.4999999999999998,183.3,0,0,1,78.6
Monument,"Badal Mahal Gatwway, Chanderi",Palace,Thiruchirapalli,Tamil Nadu,Metro,10.7905,78.7047,Bangalore,2022-23,2022,5,May,2,Summer,0,26.4,5.8,0.106,544.0,3.0,547.0,Low,0.49999999999999994,-0.8660254037844387,183.3,0,0,3,78.6
Monument,"Badal Mahal Gatwway, Chanderi",Palace,Thiruchirapalli,Tamil Nadu,Metro,10.7905,78.7047,Bangalore,2022-23,2022,6,Jun,2,Summer,0,24.3,4.2,0.106,588.0,3.0,591.0,Low,1.2246467991473532e-16,-1.0,183.3,0,0,2,78.6
Monument,"Badal Mahal Gatwway, Chanderi",Palace,Thiruchirapalli,Tamil Nadu,Metro,10.7905,78.7047,Bangalore,2022-23,2022,7,Jul,3,Monsoon,0,23.3,4.8,0.106,704.0,4.0,708.0,Low,-0.4999999999999997,-0.8660254037844388,183.3,0,0,0,78.6
Monument,"Badal Mahal Gatwway, Chanderi",Palace,Thiruchirapalli,Tamil Nadu,Metro,10.7905,78.7047,Bangalore,2022-23,2022,8,Aug,3,Monsoon,0,23.1,5.7,0.106,581.0,3.0,584.0,Low,-0.8660254037844385,-0.5000000000000004,183.3,3,1,0,78.6
Monument,"Badal Mahal Gatwway, Chanderi",Palace,Thiruchirapalli,Tamil Nadu,Metro,10.7905,78.7047,Bangalore,2022-23,2022,9,Sep,3,Monsoon,0,23.6,8.0,0.106,598.0,4.0,601.0,Low,-1.0,-1.8369701987210297e-16,183.3,1,1,0,78.6
Monument,"Badal Mahal Gatwway, Chanderi",Palace,Thiruchirapalli,Tamil Nadu,Metro,10.7905,78.7047,Bangalore,2022-23,2022,10,Oct,4,Autumn,1,23.2,8.0,0.106,740.0,4.0,745.0,Low,-0.8660254037844386,0.5000000000000001,183.3,2,1,1,78.6
Monument,"Badal Mahal Gatwway, Chanderi",Palace,Thiruchirapalli,Tamil Nadu,Metro,10.7905,78.7047,Bangalore,2022-23,2022,11,Nov,4,Autumn,1,22.1,3.7,0.106,848.0,5.0,853.0,Low,-0.5000000000000004,0.8660254037844384,183.3,0,0,0,78.6
Monument,"Badal Mahal Gatwway, Chanderi",Palace,Thiruchirapalli,Tamil Nadu,Metro,10.7905,78.7047,Bangalore,2022-23,2022,12,Dec,4,Winter,1,21.0,1.2,0.106,934.0,6.0,939.0,Low,-2.4492935982947064e-16,1.0,183.3,1,1,2,78.6
Monument,"Badal Mahal Gatwway, Chanderi",Palace,Thiruchirapalli,Tamil Nadu,Metro,10.7905,78.7047,Bangalore,2022-23,2023,1,Jan,1,Winter,1,21.5,0.1,0.106,870.0,5.0,875.0,Low,0.49999999999999994,0.8660254037844387,183.3,2,1,0,82.6
Monument,"Badal Mahal Gatwway, Chanderi",Palace,Thiruchirapalli,Tamil Nadu,Metro,10.7905,78.7047,Bangalore,2022-23,2023,2,Feb,1,Winter,1,23.7,0.4,0.106,910.0,5.0,915.0,Low,0.8660254037844386,0.5000000000000001,183.3,0,0,0,82.6
Monument,"Badal Mahal Gatwway, Chanderi",Palace,Thiruchirapalli,Tamil Nadu,Metro,10.7905,78.7047,Bangalore,2022-23,2023,3,Mar,1,Summer,1,26.4,1.2,0.106,751.0,4.0,756.0,Low,1.0,6.123233995736766e-17,183.3,1,1,0,82.6
Monument,Baori at Abhaneri,Other Heritage Site,Jaipur,Rajasthan,Metro,26.9124,75.7873,Delhi,2021-22,2021,4,Apr,2,Summer,0,29.3,0.6,0.383,3815.0,54.0,3869.0,Low,0.8660254037844387,-0.4999999999999998,10.1,0,0,1,74.3
Monument,Baori at Abhaneri,Other Heritage Site,Jaipur,Rajasthan,Metro,26.9124,75.7873,Delhi,2021-22,2021,5,May,2,Summer,0,32.8,2.1,0.383,3645.0,51.0,3697.0,Low,0.49999999999999994,-0.8660254037844387,10.1,0,0,3,74.3
Monument,Baori at Abhaneri,Other Heritage Site,Jaipur,Rajasthan,Metro,26.9124,75.7873,Delhi,2021-22,2021,6,Jun,2,Summer,0,33.3,3.7,0.383,3941.0,56.0,3996.0,Low,1.2246467991473532e-16,-1.0,10.1,0,0,2,74.3
Monument,Baori at Abhaneri,Other Heritage Site,Jaipur,Rajasthan,Metro,26.9124,75.7873,Delhi,2021-22,2021,7,Jul,3,Monsoon,0,31.1,8.7,0.383,4720.0,67.0,4786.0,Medium,-0.4999999999999997,-0.8660254037844388,10.1,0,0,0,74.3
Monument,Baori at Abhaneri,Other Heritage Site,Jaipur,Rajasthan,Metro,26.9124,75.7873,Delhi,2021-22,2021,8,Aug,3,Monsoon,0,30.2,9.2,0.383,3890.0,55.0,3945.0,Low,-0.8660254037844385,-0.5000000000000004,10.1,3,1,0,74.3
Monument,Baori at Abhaneri,Other Heritage Site,Jaipur,Rajasthan,Metro,26.9124,75.7873,Delhi,2021-22,2021,9,Sep,3,Monsoon,0,29.2,7.3,0.383,4007.0,57.0,4063.0,Low,-1.0,-1.8369701987210297e-16,10.1,1,1,0,74.3
Monument,Baori at Abhaneri,Other Heritage Site,Jaipur,Rajasthan,Metro,26.9124,75.7873,Delhi,2021-22,2021,10,Oct,4,Autumn,1,25.6,0.9,0.383,4961.0,70.0,5031.0,Medium,-0.8660254037844386,0.5000000000000001,10.1,1,1,1,74.3
Monument,Baori at Abhaneri,Other Heritage Site,Jaipur,Rajasthan,Metro,26.9124,75.7873,Delhi,2021-22,2021,11,Nov,4,Autumn,1,19.7,0.2,0.383,5685.0,80.0,5766.0,Medium,-0.5000000000000004,0.8660254037844384,10.1,1,1,0,74.3
Monument,Baori at Abhaneri,Other Heritage Site,Jaipur,Rajasthan,Metro,26.9124,75.7873,Delhi,2021-22,2021,12,Dec,4,Winter,1,14.7,0.6,0.383,6256.0,88.0,6344.0,Medium,-2.4492935982947064e-16,1.0,10.1,1,1,2,74.3
Monument,Baori at Abhaneri,Other Heritage Site,Jaipur,Rajasthan,Metro,26.9124,75.7873,Delhi,2021-22,2022,1,Jan,1,Winter,1,13.4,1.5,0.383,5830.0,82.0,5912.0,Medium,0.49999999999999994,0.8660254037844387,10.1,2,1,0,78.6
Monument,Baori at Abhaneri,Other Heritage Site,Jaipur,Rajasthan,Metro,26.9124,75.7873,Delhi,2021-22,2022,2,Feb,1,Winter,1,17.3,1.7,0.383,6097.0,86.0,6183.0,Medium,0.8660254037844386,0.5000000000000001,10.1,0,0,0,78.6
Monument,Baori at Abhaneri,Other Heritage Site,Jaipur,Rajasthan,Metro,26.9124,75.7873,Delhi,2021-22,2022,3,Mar,1,Summer,1,23.1,1.8,0.383,5034.0,71.0,5105.0,Medium,1.0,6.123233995736766e-17,10.1,1,1,0,78.6
Monument,Baori at Abhaneri,Other Heritage Site,Jaipur,Rajasthan,Metro,26.9124,75.7873,Delhi,2022-23,2022,4,Apr,2,Summer,0,29.3,0.6,0.383,5365.0,2587.0,7952.0,Medium,0.8660254037844387,-0.4999999999999998,10.1,0,0,1,78.6
Monument,Baori at Abhaneri,Other Heritage Site,Jaipur,Rajasthan,Metro,26.9124,75.7873,Delhi,2022-23,2022,5,May,2,Summer,0,32.8,2.1,0.383,5127.0,2472.0,7599.0,Medium,0.49999999999999994,-0.8660254037844387,10.1,0,0,3,78.6
Monument,Baori at Abhaneri,Other Heritage Site,Jaipur,Rajasthan,Metro,26.9124,75.7873,Delhi,2022-23,2022,6,Jun,2,Summer,0,33.3,3.7,0.383,5542.0,2672.0,8214.0,Medium,1.2246467991473532e-16,-1.0,10.1,0,0,2,78.6
Monument,Baori at Abhaneri,Other Heritage Site,Jaipur,Rajasthan,Metro,26.9124,75.7873,Delhi,2022-23,2022,7,Jul,3,Monsoon,0,31.1,8.7,0.383,6637.0,3200.0,9838.0,Medium,-0.4999999999999997,-0.8660254037844388,10.1,0,0,0,78.6
Monument,Baori at Abhaneri,Other Heritage Site,Jaipur,Rajasthan,Metro,26.9124,75.7873,Delhi,2022-23,2022,8,Aug,3,Monsoon,0,30.2,9.2,0.383,5471.0,2638.0,8109.0,Medium,-0.8660254037844385,-0.5000000000000004,10.1,3,1,0,78.6
Monument,Baori at Abhaneri,Other Heritage Site,Jaipur,Rajasthan,Metro,26.9124,75.7873,Delhi,2022-23,2022,9,Sep,3,Monsoon,0,29.2,7.3,0.383,5635.0,2717.0,8352.0,Medium,-1.0,-1.8369701987210297e-16,10.1,1,1,0,78.6
Monument,Baori at Abhaneri,Other Heritage Site,Jaipur,Rajasthan,Metro,26.9124,75.7873,Delhi,2022-23,2022,10,Oct,4,Autumn,1,25.6,0.9,0.383,6977.0,3364.0,10341.0,Medium,-0.8660254037844386,0.5000000000000001,10.1,2,1,1,78.6
Monument,Baori at Abhaneri,Other Heritage Site,Jaipur,Rajasthan,Metro,26.9124,75.7873,Delhi,2022-23,2022,11,Nov,4,Autumn,1,19.7,0.2,0.383,7996.0,3855.0,11851.0,Medium,-0.5000000000000004,0.8660254037844384,10.1,0,0,0,78.6
Monument,Baori at Abhaneri,Other Heritage Site,Jaipur,Rajasthan,Metro,26.9124,75.7873,Delhi,2022-23,2022,12,Dec,4,Winter,1,14.7,0.6,0.383,8798.0,4242.0,13040.0,Medium,-2.4492935982947064e-16,1.0,10.1,1,1,2,78.6
Monument,Baori at Abhaneri,Other Heritage Site,Jaipur,Rajasthan,Metro,26.9124,75.7873,Delhi,2022-23,2023,1,Jan,1,Winter,1,13.4,1.5,0.383,8199.0,3953.0,12152.0,Medium,0.49999999999999994,0.8660254037844387,10.1,2,1,0,82.6
Monument,Baori at Abhaneri,Other Heritage Site,Jaipur,Rajasthan,Metro,26.9124,75.7873,Delhi,2022-23,2023,2,Feb,1,Winter,1,17.3,1.7,0.383,8575.0,4134.0,12709.0,Medium,0.8660254037844386,0.5000000000000001,10.1,0,0,0,82.6
Monument,Baori at Abhaneri,Other Heritage Site,Jaipur,Rajasthan,Metro,26.9124,75.7873,Delhi,2022-23,2023,3,Mar,1,Summer,1,23.1,1.8,0.383,7079.0,3413.0,10492.0,Medium,1.0,6.123233995736766e-17,10.1,1,1,0,82.6
Monument,"Bekal Fort, Pallikkare, Distt. Kasargod",Fort,Thrissur,Kerala,Metro,10.5276,76.2144,Bangalore,2021-22,2021,4,Apr,2,Summer,0,27.4,4.6,0.645,13191.0,9.0,13199.0,Medium,0.8660254037844387,-0.4999999999999998,46.5,0,0,1,74.3
Monument,"Bekal Fort, Pallikkare, Distt. Kasargod",Fort,Thrissur,Kerala,Metro,10.5276,76.2144,Bangalore,2021-22,2021,5,May,2,Summer,0,26.4,5.8,0.645,12605.0,8.0,12613.0,Medium,0.49999999999999994,-0.8660254037844387,46.5,0,0,3,74.3
Monument,"Bekal Fort, Pallikkare, Distt. Kasargod",Fort,Thrissur,Kerala,Metro,10.5276,76.2144,Bangalore,2021-22,2021,6,Jun,2,Summer,0,24.3,4.2,0.645,13625.0,9.0,13634.0,Medium,1.2246467991473532e-16,-1.0,46.5,0,0,2,74.3
Monument,"Bekal Fort, Pallikkare, Distt. Kasargod",Fort,Thrissur,Kerala,Metro,10.5276,76.2144,Bangalore,2021-22,2021,7,Jul,3,Monsoon,0,23.3,4.8,0.645,16318.0,11.0,16329.0,Medium,-0.4999999999999997,-0.8660254037844388,46.5,0,0,0,74.3
Monument,"Bekal Fort, Pallikkare, Distt. Kasargod",Fort,Thrissur,Kerala,Metro,10.5276,76.2144,Bangalore,2021-22,2021,8,Aug,3,Monsoon,0,23.1,5.7,0.645,13451.0,9.0,13460.0,Medium,-0.8660254037844385,-0.5000000000000004,46.5,3,1,0,74.3
Monument,"Bekal Fort, Pallikkare, Distt. Kasargod",Fort,Thrissur,Kerala,Metro,10.5276,76.2144,Bangalore,2021-22,2021,9,Sep,3,Monsoon,0,23.6,8.0,0.645,13854.0,9.0,13863.0,Medium,-1.0,-1.8369701987210297e-16,46.5,1,1,0,74.3
Monument,"Bekal Fort, Pallikkare, Distt. Kasargod",Fort,Thrissur,Kerala,Metro,10.5276,76.2144,Bangalore,2021-22,2021,10,Oct,4,Autumn,1,23.2,8.0,0.645,17154.0,11.0,17165.0,High,-0.8660254037844386,0.5000000000000001,46.5,1,1,1,74.3
Monument,"Bekal Fort, Pallikkare, Distt. Kasargod",Fort,Thrissur,Kerala,Metro,10.5276,76.2144,Bangalore,2021-22,2021,11,Nov,4,Autumn,1,22.1,3.7,0.645,19658.0,13.0,19671.0,High,-0.5000000000000004,0.8660254037844384,46.5,1,1,0,74.3
Monument,"Bekal Fort, Pallikkare, Distt. Kasargod",Fort,Thrissur,Kerala,Metro,10.5276,76.2144,Bangalore,2021-22,2021,12,Dec,4,Winter,1,21.0,1.2,0.645,21630.0,14.0,21645.0,High,-2.4492935982947064e-16,1.0,46.5,1,1,2,74.3
Monument,"Bekal Fort, Pallikkare, Distt. Kasargod",Fort,Thrissur,Kerala,Metro,10.5276,76.2144,Bangalore,2021-22,2022,1,Jan,1,Winter,1,21.5,0.1,0.645,20158.0,13.0,20171.0,High,0.49999999999999994,0.8660254037844387,46.5,2,1,0,78.6
Monument,"Bekal Fort, Pallikkare, Distt. Kasargod",Fort,Thrissur,Kerala,Metro,10.5276,76.2144,Bangalore,2021-22,2022,2,Feb,1,Winter,1,23.7,0.4,0.645,21081.0,14.0,21095.0,High,0.8660254037844386,0.5000000000000001,46.5,0,0,0,78.6
Monument,"Bekal Fort, Pallikkare, Distt. Kasargod",Fort,Thrissur,Kerala,Metro,10.5276,76.2144,Bangalore,2021-22,2022,3,Mar,1,Summer,1,26.4,1.2,0.645,17404.0,12.0,17416.0,High,1.0,6.123233995736766e-17,46.5,1,1,0,78.6
Monument,"Bekal Fort, Pallikkare, Distt. Kasargod",Fort,Thrissur,Kerala,Metro,10.5276,76.2144,Bangalore,2022-23,2022,4,Apr,2,Summer,0,27.4,4.6,0.645,25311.0,33.0,25343.0,High,0.8660254037844387,-0.4999999999999998,46.5,0,0,1,78.6
Monument,"Bekal Fort, Pallikkare, Distt. Kasargod",Fort,Thrissur,Kerala,Metro,10.5276,76.2144,Bangalore,2022-23,2022,5,May,2,Summer,0,26.4,5.8,0.645,24186.0,31.0,24217.0,High,0.49999999999999994,-0.8660254037844387,46.5,0,0,3,78.6
Monument,"Bekal Fort, Pallikkare, Distt. Kasargod",Fort,Thrissur,Kerala,Metro,10.5276,76.2144,Bangalore,2022-23,2022,6,Jun,2,Summer,0,24.3,4.2,0.645,26143.0,34.0,26177.0,High,1.2246467991473532e-16,-1.0,46.5,0,0,2,78.6
Monument,"Bekal Fort, Pallikkare, Distt. Kasargod",Fort,Thrissur,Kerala,Metro,10.5276,76.2144,Bangalore,2022-23,2022,7,Jul,3,Monsoon,0,23.3,4.8,0.645,31311.0,41.0,31352.0,High,-0.4999999999999997,-0.8660254037844388,46.5,0,0,0,78.6
Monument,"Bekal Fort, Pallikkare, Distt. Kasargod",Fort,Thrissur,Kerala,Metro,10.5276,76.2144,Bangalore,2022-23,2022,8,Aug,3,Monsoon,0,23.1,5.7,0.645,25810.0,33.0,25843.0,High,-0.8660254037844385,-0.5000000000000004,46.5,3,1,0,78.6
Monument,"Bekal Fort, Pallikkare, Distt. Kasargod",Fort,Thrissur,Kerala,Metro,10.5276,76.2144,Bangalore,2022-23,2022,9,Sep,3,Monsoon,0,23.6,8.0,0.645,26582.0,34.0,26617.0,High,-1.0,-1.8369701987210297e-16,46.5,1,1,0,78.6
Monument,"Bekal Fort, Pallikkare, Distt. Kasargod",Fort,Thrissur,Kerala,Metro,10.5276,76.2144,Bangalore,2022-23,2022,10,Oct,4,Autumn,1,23.2,8.0,0.645,32915.0,43.0,32958.0,High,-0.8660254037844386,0.5000000000000001,46.5,2,1,1,78.6
Monument,"Bekal Fort, Pallikkare, Distt. Kasargod",Fort,Thrissur,Kerala,Metro,10.5276,76.2144,Bangalore,2022-23,2022,11,Nov,4,Autumn,1,22.1,3.7,0.645,37719.0,49.0,37768.0,High,-0.5000000000000004,0.8660254037844384,46.5,0,0,0,78.6
Monument,"Bekal Fort, Pallikkare, Distt. Kasargod",Fort,Thrissur,Kerala,Metro,10.5276,76.2144,Bangalore,2022-23,2022,12,Dec,4,Winter,1,21.0,1.2,0.645,41505.0,54.0,41558.0,High,-2.4492935982947064e-16,1.0,46.5,1,1,2,78.6
Monument,"Bekal Fort, Pallikkare, Distt. Kasargod",Fort,Thrissur,Kerala,Metro,10.5276,76.2144,Bangalore,2022-23,2023,1,Jan,1,Winter,1,21.5,0.1,0.645,38679.0,50.0,38729.0,High,0.49999999999999994,0.8660254037844387,46.5,2,1,0,82.6
Monument,"Bekal Fort, Pallikkare, Distt. Kasargod",Fort,Thrissur,Kerala,Metro,10.5276,76.2144,Bangalore,2022-23,2023,2,Feb,1,Winter,1,23.7,0.4,0.645,40452.0,52.0,40504.0,High,0.8660254037844386,0.5000000000000001,46.5,0,0,0,82.6
Monument,"Bekal Fort, Pallikkare, Distt. Kasargod",Fort,Thrissur,Kerala,Metro,10.5276,76.2144,Bangalore,2022-23,2023,3,Mar,1,Summer,1,26.4,1.2,0.645,33395.0,43.0,33438.0,High,1.0,6.123233995736766e-17,46.5,1,1,0,82.6
Monument,Bellary Fort,Fort,Hampi,Karnataka,Metro,15.335,76.46,Bangalore,2021-22,2021,4,Apr,2,Summer,0,27.4,4.6,0.135,1138.0,1.0,1139.0,Low,0.8660254037844387,-0.4999999999999998,272.9,0,0,1,74.3
Monument,Bellary Fort,Fort,Hampi,Karnataka,Metro,15.335,76.46,Bangalore,2021-22,2021,5,May,2,Summer,0,26.4,5.8,0.135,1087.0,1.0,1088.0,Low,0.49999999999999994,-0.8660254037844387,272.9,0,0,3,74.3
Monument,Bellary Fort,Fort,Hampi,Karnataka,Metro,15.335,76.46,Bangalore,2021-22,2021,6,Jun,2,Summer,0,24.3,4.2,0.135,1175.0,1.0,1176.0,Low,1.2246467991473532e-16,-1.0,272.9,0,0,2,74.3
Monument,Bellary Fort,Fort,Hampi,Karnataka,Metro,15.335,76.46,Bangalore,2021-22,2021,7,Jul,3,Monsoon,0,23.3,4.8,0.135,1408.0,1.0,1409.0,Low,-0.4999999999999997,-0.8660254037844388,272.9,0,0,0,74.3
Monument,Bellary Fort,Fort,Hampi,Karnataka,Metro,15.335,76.46,Bangalore,2021-22,2021,8,Aug,3,Monsoon,0,23.1,5.7,0.135,1160.0,1.0,1161.0,Low,-0.8660254037844385,-0.5000000000000004,272.9,3,1,0,74.3
Monument,Bellary Fort,Fort,Hampi,Karnataka,Metro,15.335,76.46,Bangalore,2021-22,2021,9,Sep,3,Monsoon,0,23.6,8.0,0.135,1195.0,1.0,1196.0,Low,-1.0,-1.8369701987210297e-16,272.9,1,1,0,74.3
Monument,Bellary Fort,Fort,Hampi,Karnataka,Metro,15.335,76.46,Bangalore,2021-22,2021,10,Oct,4,Autumn,1,23.2,8.0,0.135,1480.0,1.0,1481.0,Low,-0.8660254037844386,0.5000000000000001,272.9,1,1,1,74.3
Monument,Bellary Fort,Fort,Hampi,Karnataka,Metro,15.335,76.46,Bangalore,2021-22,2021,11,Nov,4,Autumn,1,22.1,3.7,0.135,1696.0,1.0,1697.0,Low,-0.5000000000000004,0.8660254037844384,272.9,1,1,0,74.3
Monument,Bellary Fort,Fort,Hampi,Karnataka,Metro,15.335,76.46,Bangalore,2021-22,2021,12,Dec,4,Winter,1,21.0,1.2,0.135,1866.0,2.0,1867.0,Low,-2.4492935982947064e-16,1.0,272.9,1,1,2,74.3
Monument,Bellary Fort,Fort,Hampi,Karnataka,Metro,15.335,76.46,Bangalore,2021-22,2022,1,Jan,1,Winter,1,21.5,0.1,0.135,1739.0,2.0,1740.0,Low,0.49999999999999994,0.8660254037844387,272.9,2,1,0,78.6
Monument,Bellary Fort,Fort,Hampi,Karnataka,Metro,15.335,76.46,Bangalore,2021-22,2022,2,Feb,1,Winter,1,23.7,0.4,0.135,1818.0,2.0,1820.0,Low,0.8660254037844386,0.5000000000000001,272.9,0,0,0,78.6
Monument,Bellary Fort,Fort,Hampi,Karnataka,Metro,15.335,76.46,Bangalore,2021-22,2022,3,Mar,1,Summer,1,26.4,1.2,0.135,1501.0,1.0,1503.0,Low,1.0,6.123233995736766e-17,272.9,1,1,0,78.6
Monument,Bellary Fort,Fort,Hampi,Karnataka,Metro,15.335,76.46,Bangalore,2022-23,2022,4,Apr,2,Summer,0,27.4,4.6,0.135,949.0,1.0,950.0,Low,0.8660254037844387,-0.4999999999999998,272.9,0,0,1,78.6
Monument,Bellary Fort,Fort,Hampi,Karnataka,Metro,15.335,76.46,Bangalore,2022-23,2022,5,May,2,Summer,0,26.4,5.8,0.135,907.0,1.0,908.0,Low,0.49999999999999994,-0.8660254037844387,272.9,0,0,3,78.6
Monument,Bellary Fort,Fort,Hampi,Karnataka,Metro,15.335,76.46,Bangalore,2022-23,2022,6,Jun,2,Summer,0,24.3,4.2,0.135,980.0,1.0,981.0,Low,1.2246467991473532e-16,-1.0,272.9,0,0,2,78.6
Monument,Bellary Fort,Fort,Hampi,Karnataka,Metro,15.335,76.46,Bangalore,2022-23,2022,7,Jul,3,Monsoon,0,23.3,4.8,0.135,1174.0,1.0,1175.0,Low,-0.4999999999999997,-0.8660254037844388,272.9,0,0,0,78.6
Monument,Bellary Fort,Fort,Hampi,Karnataka,Metro,15.335,76.46,Bangalore,2022-23,2022,8,Aug,3,Monsoon,0,23.1,5.7,0.135,968.0,1.0,969.0,Low,-0.8660254037844385,-0.5000000000000004,272.9,3,1,0,78.6
Monument,Bellary Fort,Fort,Hampi,Karnataka,Metro,15.335,76.46,Bangalore,2022-23,2022,9,Sep,3,Monsoon,0,23.6,8.0,0.135,997.0,1.0,998.0,Low,-1.0,-1.8369701987210297e-16,272.9,1,1,0,78.6
Monument,Bellary Fort,Fort,Hampi,Karnataka,Metro,15.335,76.46,Bangalore,2022-23,2022,10,Oct,4,Autumn,1,23.2,8.0,0.135,1234.0,1.0,1236.0,Low,-0.8660254037844386,0.5000000000000001,272.9,2,1,1,78.6
Monument,Bellary Fort,Fort,Hampi,Karnataka,Metro,15.335,76.46,Bangalore,2022-23,2022,11,Nov,4,Autumn,1,22.1,3.7,0.135,1415.0,1.0,1416.0,Low,-0.5000000000000004,0.8660254037844384,272.9,0,0,0,78.6
Monument,Bellary Fort,Fort,Hampi,Karnataka,Metro,15.335,76.46,Bangalore,2022-23,2022,12,Dec,4,Winter,1,21.0,1.2,0.135,1557.0,1.0,1558.0,Low,-2.4492935982947064e-16,1.0,272.9,1,1,2,78.6
Monument,Bellary Fort,Fort,Hampi,Karnataka,Metro,15.335,76.46,Bangalore,2022-23,2023,1,Jan,1,Winter,1,21.5,0.1,0.135,1451.0,1.0,1452.0,Low,0.49999999999999994,0.8660254037844387,272.9,2,1,0,82.6
Monument,Bellary Fort,Fort,Hampi,Karnataka,Metro,15.335,76.46,Bangalore,2022-23,2023,2,Feb,1,Winter,1,23.7,0.4,0.135,1517.0,1.0,1518.0,Low,0.8660254037844386,0.5000000000000001,272.9,0,0,0,82.6
Monument,Bellary Fort,Fort,Hampi,Karnataka,Metro,15.335,76.46,Bangalore,2022-23,2023,3,Mar,1,Summer,1,26.4,1.2,0.135,1252.0,1.0,1254.0,Low,1.0,6.123233995736766e-17,272.9,1,1,0,82.6
Monument,Bir Singh Palace Datia,Palace,Thiruchirapalli,Tamil Nadu,Metro,10.7905,78.7047,Bangalore,2021-22,2021,4,Apr,2,Summer,0,27.4,4.6,0.241,1734.0,2.0,1736.0,Low,0.8660254037844387,-0.4999999999999998,183.3,0,0,1,74.3
Monument,Bir Singh Palace Datia,Palace,Thiruchirapalli,Tamil Nadu,Metro,10.7905,78.7047,Bangalore,2021-22,2021,5,May,2,Summer,0,26.4,5.8,0.241,1657.0,2.0,1659.0,Low,0.49999999999999994,-0.8660254037844387,183.3,0,0,3,74.3
Monument,Bir Singh Palace Datia,Palace,Thiruchirapalli,Tamil Nadu,Metro,10.7905,78.7047,Bangalore,2021-22,2021,6,Jun,2,Summer,0,24.3,4.2,0.241,1791.0,2.0,1793.0,Low,1.2246467991473532e-16,-1.0,183.3,0,0,2,74.3
Monument,Bir Singh Palace Datia,Palace,Thiruchirapalli,Tamil Nadu,Metro,10.7905,78.7047,Bangalore,2021-22,2021,7,Jul,3,Monsoon,0,23.3,4.8,0.241,2145.0,2.0,2147.0,Low,-0.4999999999999997,-0.8660254037844388,183.3,0,0,0,74.3
Monument,Bir Singh Palace Datia,Palace,Thiruchirapalli,Tamil Nadu,Metro,10.7905,78.7047,Bangalore,2021-22,2021,8,Aug,3,Monsoon,0,23.1,5.7,0.241,1768.0,2.0,1770.0,Low,-0.8660254037844385,-0.5000000000000004,183.3,3,1,0,74.3
Monument,Bir Singh Palace Datia,Palace,Thiruchirapalli,Tamil Nadu,Metro,10.7905,78.7047,Bangalore,2021-22,2021,9,Sep,3,Monsoon,0,23.6,8.0,0.241,1821.0,2.0,1823.0,Low,-1.0,-1.8369701987210297e-16,183.3,1,1,0,74.3
Monument,Bir Singh Palace Datia,Palace,Thiruchirapalli,Tamil Nadu,Metro,10.7905,78.7047,Bangalore,2021-22,2021,10,Oct,4,Autumn,1,23.2,8.0,0.241,2255.0,2.0,2257.0,Low,-0.8660254037844386,0.5000000000000001,183.3,1,1,1,74.3
Monument,Bir Singh Palace Datia,Palace,Thiruchirapalli,Tamil Nadu,Metro,10.7905,78.7047,Bangalore,2021-22,2021,11,Nov,4,Autumn,1,22.1,3.7,0.241,2584.0,3.0,2587.0,Low,-0.5000000000000004,0.8660254037844384,183.3,1,1,0,74.3
Monument,Bir Singh Palace Datia,Palace,Thiruchirapalli,Tamil Nadu,Metro,10.7905,78.7047,Bangalore,2021-22,2021,12,Dec,4,Winter,1,21.0,1.2,0.241,2843.0,3.0,2846.0,Low,-2.4492935982947064e-16,1.0,183.3,1,1,2,74.3
Monument,Bir Singh Palace Datia,Palace,Thiruchirapalli,Tamil Nadu,Metro,10.7905,78.7047,Bangalore,2021-22,2022,1,Jan,1,Winter,1,21.5,0.1,0.241,2650.0,3.0,2653.0,Low,0.49999999999999994,0.8660254037844387,183.3,2,1,0,78.6
Monument,Bir Singh Palace Datia,Palace,Thiruchirapalli,Tamil Nadu,Metro,10.7905,78.7047,Bangalore,2021-22,2022,2,Feb,1,Winter,1,23.7,0.4,0.241,2771.0,3.0,2774.0,Low,0.8660254037844386,0.5000000000000001,183.3,0,0,0,78.6
Monument,Bir Singh Palace Datia,Palace,Thiruchirapalli,Tamil Nadu,Metro,10.7905,78.7047,Bangalore,2021-22,2022,3,Mar,1,Summer,1,26.4,1.2,0.241,2288.0,3.0,2290.0,Low,1.0,6.123233995736766e-17,183.3,1,1,0,78.6
Monument,Bir Singh Palace Datia,Palace,Thiruchirapalli,Tamil Nadu,Metro,10.7905,78.7047,Bangalore,2022-23,2022,4,Apr,2,Summer,0,27.4,4.6,0.241,2798.0,29.0,2827.0,Low,0.8660254037844387,-0.4999999999999998,183.3,0,0,1,78.6
Monument,Bir Singh Palace Datia,Palace,Thiruchirapalli,Tamil Nadu,Metro,10.7905,78.7047,Bangalore,2022-23,2022,5,May,2,Summer,0,26.4,5.8,0.241,2674.0,27.0,2701.0,Low,0.49999999999999994,-0.8660254037844387,183.3,0,0,3,78.6
Monument,Bir Singh Palace Datia,Palace,Thiruchirapalli,Tamil Nadu,Metro,10.7905,78.7047,Bangalore,2022-23,2022,6,Jun,2,Summer,0,24.3,4.2,0.241,2890.0,29.0,2920.0,Low,1.2246467991473532e-16,-1.0,183.3,0,0,2,78.6
Monument,Bir Singh Palace Datia,Palace,Thiruchirapalli,Tamil Nadu,Metro,10.7905,78.7047,Bangalore,2022-23,2022,7,Jul,3,Monsoon,0,23.3,4.8,0.241,3462.0,35.0,3497.0,Low,-0.4999999999999997,-0.8660254037844388,183.3,0,0,0,78.6
Monument,Bir Singh Palace Datia,Palace,Thiruchirapalli,Tamil Nadu,Metro,10.7905,78.7047,Bangalore,2022-23,2022,8,Aug,3,Monsoon,0,23.1,5.7,0.241,2853.0,29.0,2883.0,Low,-0.8660254037844385,-0.5000000000000004,183.3,3,1,0,78.6
Monument,Bir Singh Palace Datia,Palace,Thiruchirapalli,Tamil Nadu,Metro,10.7905,78.7047,Bangalore,2022-23,2022,9,Sep,3,Monsoon,0,23.6,8.0,0.241,2939.0,30.0,2969.0,Low,-1.0,-1.8369701987210297e-16,183.3,1,1,0,78.6
Monument,Bir Singh Palace Datia,Palace,Thiruchirapalli,Tamil Nadu,Metro,10.7905,78.7047,Bangalore,2022-23,2022,10,Oct,4,Autumn,1,23.2,8.0,0.241,3639.0,37.0,3676.0,Low,-0.8660254037844386,0.5000000000000001,183.3,2,1,1,78.6
Monument,Bir Singh Palace Datia,Palace,Thiruchirapalli,Tamil Nadu,Metro,10.7905,78.7047,Bangalore,2022-23,2022,11,Nov,4,Autumn,1,22.1,3.7,0.241,4170.0,43.0,4213.0,Medium,-0.5000000000000004,0.8660254037844384,183.3,0,0,0,78.6
Monument,Bir Singh Palace Datia,Palace,Thiruchirapalli,Tamil Nadu,Metro,10.7905,78.7047,Bangalore,2022-23,2022,12,Dec,4,Winter,1,21.0,1.2,0.241,4589.0,47.0,4635.0,Medium,-2.4492935982947064e-16,1.0,183.3,1,1,2,78.6
Monument,Bir Singh Palace Datia,Palace,Thiruchirapalli,Tamil Nadu,Metro,10.7905,78.7047,Bangalore,2022-23,2023,1,Jan,1,Winter,1,21.5,0.1,0.241,4276.0,44.0,4320.0,Medium,0.49999999999999994,0.8660254037844387,183.3,2,1,0,82.6
Monument,Bir Singh Palace Datia,Palace,Thiruchirapalli,Tamil Nadu,Metro,10.7905,78.7047,Bangalore,2022-23,2023,2,Feb,1,Winter,1,23.7,0.4,0.241,4472.0,46.0,4518.0,Medium,0.8660254037844386,0.5000000000000001,183.3,0,0,0,82.6
Monument,Bir Singh Palace Datia,Palace,Thiruchirapalli,Tamil Nadu,Metro,10.7905,78.7047,Bangalore,2022-23,2023,3,Mar,1,Summer,1,26.4,1.2,0.241,3692.0,38.0,3730.0,Low,1.0,6.123233995736766e-17,183.3,1,1,0,82.6
Monument,Buddhist Caves Kanheri,Caves,Mumbai,Maharashtra,Metro,19.076,72.8777,Mumbai,2021-22,2021,4,Apr,2,Summer,0,29.1,0.3,0.574,5746.0,38.0,5784.0,Medium,0.8660254037844387,-0.4999999999999998,2.0,0,0,1,74.3
Monument,Buddhist Caves Kanheri,Caves,Mumbai,Maharashtra,Metro,19.076,72.8777,Mumbai,2021-22,2021,5,May,2,Summer,0,30.2,1.6,0.574,5491.0,36.0,5527.0,Medium,0.49999999999999994,-0.8660254037844387,2.0,0,0,3,74.3
Monument,Buddhist Caves Kanheri,Caves,Mumbai,Maharashtra,Metro,19.076,72.8777,Mumbai,2021-22,2021,6,Jun,2,Summer,0,29.2,19.8,0.574,5935.0,39.0,5975.0,Medium,1.2246467991473532e-16,-1.0,2.0,0,0,2,74.3
Monument,Buddhist Caves Kanheri,Caves,Mumbai,Maharashtra,Metro,19.076,72.8777,Mumbai,2021-22,2021,7,Jul,3,Monsoon,0,28.0,29.3,0.574,7109.0,47.0,7156.0,Medium,-0.4999999999999997,-0.8660254037844388,2.0,0,0,0,74.3
Monument,Buddhist Caves Kanheri,Caves,Mumbai,Maharashtra,Metro,19.076,72.8777,Mumbai,2021-22,2021,8,Aug,3,Monsoon,0,27.7,17.0,0.574,5860.0,39.0,5898.0,Medium,-0.8660254037844385,-0.5000000000000004,2.0,3,1,0,74.3
Monument,Buddhist Caves Kanheri,Caves,Mumbai,Maharashtra,Metro,19.076,72.8777,Mumbai,2021-22,2021,9,Sep,3,Monsoon,0,27.9,15.1,0.574,6035.0,40.0,6075.0,Medium,-1.0,-1.8369701987210297e-16,2.0,1,1,0,74.3
Monument,Buddhist Caves Kanheri,Caves,Mumbai,Maharashtra,Metro,19.076,72.8777,Mumbai,2021-22,2021,10,Oct,4,Autumn,1,28.9,4.7,0.574,7473.0,49.0,7522.0,Medium,-0.8660254037844386,0.5000000000000001,2.0,1,1,1,74.3
Monument,Buddhist Caves Kanheri,Caves,Mumbai,Maharashtra,Metro,19.076,72.8777,Mumbai,2021-22,2021,11,Nov,4,Autumn,1,28.2,0.8,0.574,8563.0,57.0,8620.0,Medium,-0.5000000000000004,0.8660254037844384,2.0,1,1,0,74.3
Monument,Buddhist Caves Kanheri,Caves,Mumbai,Maharashtra,Metro,19.076,72.8777,Mumbai,2021-22,2021,12,Dec,4,Winter,1,25.9,0.9,0.574,9423.0,62.0,9485.0,Medium,-2.4492935982947064e-16,1.0,2.0,1,1,2,74.3
Monument,Buddhist Caves Kanheri,Caves,Mumbai,Maharashtra,Metro,19.076,72.8777,Mumbai,2021-22,2022,1,Jan,1,Winter,1,24.6,0.1,0.574,8781.0,58.0,8839.0,Medium,0.49999999999999994,0.8660254037844387,2.0,2,1,0,78.6
Monument,Buddhist Caves Kanheri,Caves,Mumbai,Maharashtra,Metro,19.076,72.8777,Mumbai,2021-22,2022,2,Feb,1,Winter,1,25.7,0.0,0.574,9184.0,61.0,9244.0,Medium,0.8660254037844386,0.5000000000000001,2.0,0,0,0,78.6
Monument,Buddhist Caves Kanheri,Caves,Mumbai,Maharashtra,Metro,19.076,72.8777,Mumbai,2021-22,2022,3,Mar,1,Summer,1,27.8,0.3,0.574,7582.0,50.0,7632.0,Medium,1.0,6.123233995736766e-17,2.0,1,1,0,78.6
Monument,Buddhist Caves Kanheri,Caves,Mumbai,Maharashtra,Metro,19.076,72.8777,Mumbai,2022-23,2022,4,Apr,2,Summer,0,29.1,0.3,0.574,21570.0,400.0,21969.0,High,0.8660254037844387,-0.4999999999999998,2.0,0,0,1,78.6
Monument,Buddhist Caves Kanheri,Caves,Mumbai,Maharashtra,Metro,19.076,72.8777,Mumbai,2022-23,2022,5,May,2,Summer,0,30.2,1.6,0.574,20611.0,382.0,20993.0,High,0.49999999999999994,-0.8660254037844387,2.0,0,0,3,78.6
Monument,Buddhist Caves Kanheri,Caves,Mumbai,Maharashtra,Metro,19.076,72.8777,Mumbai,2022-23,2022,6,Jun,2,Summer,0,29.2,19.8,0.574,22279.0,413.0,22692.0,High,1.2246467991473532e-16,-1.0,2.0,0,0,2,78.6
Monument,Buddhist Caves Kanheri,Caves,Mumbai,Maharashtra,Metro,19.076,72.8777,Mumbai,2022-23,2022,7,Jul,3,Monsoon,0,28.0,29.3,0.574,26684.0,494.0,27178.0,High,-0.4999999999999997,-0.8660254037844388,2.0,0,0,0,78.6
Monument,Buddhist Caves Kanheri,Caves,Mumbai,Maharashtra,Metro,19.076,72.8777,Mumbai,2022-23,2022,8,Aug,3,Monsoon,0,27.7,17.0,0.574,21995.0,408.0,22402.0,High,-0.8660254037844385,-0.5000000000000004,2.0,3,1,0,78.6
Monument,Buddhist Caves Kanheri,Caves,Mumbai,Maharashtra,Metro,19.076,72.8777,Mumbai,2022-23,2022,9,Sep,3,Monsoon,0,27.9,15.1,0.574,22653.0,420.0,23073.0,High,-1.0,-1.8369701987210297e-16,2.0,1,1,0,78.6
Monument,Buddhist Caves Kanheri,Caves,Mumbai,Maharashtra,Metro,19.076,72.8777,Mumbai,2022-23,2022,10,Oct,4,Autumn,1,28.9,4.7,0.574,28050.0,520.0,28570.0,High,-0.8660254037844386,0.5000000000000001,2.0,2,1,1,78.6
Monument,Buddhist Caves Kanheri,Caves,Mumbai,Maharashtra,Metro,19.076,72.8777,Mumbai,2022-23,2022,11,Nov,4,Autumn,1,28.2,0.8,0.574,32144.0,596.0,32740.0,High,-0.5000000000000004,0.8660254037844384,2.0,0,0,0,78.6
Monument,Buddhist Caves Kanheri,Caves,Mumbai,Maharashtra,Metro,19.076,72.8777,Mumbai,2022-23,2022,12,Dec,4,Winter,1,25.9,0.9,0.574,35370.0,655.0,36025.0,High,-2.4492935982947064e-16,1.0,2.0,1,1,2,78.6
Monument,Buddhist Caves Kanheri,Caves,Mumbai,Maharashtra,Metro,19.076,72.8777,Mumbai,2022-23,2023,1,Jan,1,Winter,1,24.6,0.1,0.574,32962.0,611.0,33573.0,High,0.49999999999999994,0.8660254037844387,2.0,2,1,0,82.6
Monument,Buddhist Caves Kanheri,Caves,Mumbai,Maharashtra,Metro,19.076,72.8777,Mumbai,2022-23,2023,2,Feb,1,Winter,1,25.7,0.0,0.574,34473.0,639.0,35111.0,High,0.8660254037844386,0.5000000000000001,2.0,0,0,0,82.6
Monument,Buddhist Caves Kanheri,Caves,Mumbai,Maharashtra,Metro,19.076,72.8777,Mumbai,2022-23,2023,3,Mar,1,Summer,1,27.8,0.3,0.574,28459.0,527.0,28986.0,High,1.0,6.123233995736766e-17,2.0,1,1,0,82.6
Monument,"Buddhist Monuments, Sanchi",Other Heritage Site,Thiruchirapalli,Tamil Nadu,Metro,10.7905,78.7047,Bangalore,2021-22,2021,4,Apr,2,Summer,0,27.4,4.6,0.56,7791.0,11.0,7803.0,Medium,0.8660254037844387,-0.4999999999999998,183.3,0,0,1,74.3
Monument,"Buddhist Monuments, Sanchi",Other Heritage Site,Thiruchirapalli,Tamil Nadu,Metro,10.7905,78.7047,Bangalore,2021-22,2021,5,May,2,Summer,0,26.4,5.8,0.56,7445.0,11.0,7456.0,Medium,0.49999999999999994,-0.8660254037844387,183.3,0,0,3,74.3
Monument,"Buddhist Monuments, Sanchi",Other Heritage Site,Thiruchirapalli,Tamil Nadu,Metro,10.7905,78.7047,Bangalore,2021-22,2021,6,Jun,2,Summer,0,24.3,4.2,0.56,8048.0,12.0,8059.0,Medium,1.2246467991473532e-16,-1.0,183.3,0,0,2,74.3
Monument,"Buddhist Monuments, Sanchi",Other Heritage Site,Thiruchirapalli,Tamil Nadu,Metro,10.7905,78.7047,Bangalore,2021-22,2021,7,Jul,3,Monsoon,0,23.3,4.8,0.56,9639.0,14.0,9652.0,Medium,-0.4999999999999997,-0.8660254037844388,183.3,0,0,0,74.3
Monument,"Buddhist Monuments, Sanchi",Other Heritage Site,Thiruchirapalli,Tamil Nadu,Metro,10.7905,78.7047,Bangalore,2021-22,2021,8,Aug,3,Monsoon,0,23.1,5.7,0.56,7945.0,11.0,7956.0,Medium,-0.8660254037844385,-0.5000000000000004,183.3,3,1,0,74.3
Monument,"Buddhist Monuments, Sanchi",Other Heritage Site,Thiruchirapalli,Tamil Nadu,Metro,10.7905,78.7047,Bangalore,2021-22,2021,9,Sep,3,Monsoon,0,23.6,8.0,0.56,8183.0,12.0,8195.0,Medium,-1.0,-1.8369701987210297e-16,183.3,1,1,0,74.3
Monument,"Buddhist Monuments, Sanchi",Other Heritage Site,Thiruchirapalli,Tamil Nadu,Metro,10.7905,78.7047,Bangalore,2021-22,2021,10,Oct,4,Autumn,1,23.2,8.0,0.56,10132.0,15.0,10147.0,Medium,-0.8660254037844386,0.5000000000000001,183.3,1,1,1,74.3
Monument,"Buddhist Monuments, Sanchi",Other Heritage Site,Thiruchirapalli,Tamil Nadu,Metro,10.7905,78.7047,Bangalore,2021-22,2021,11,Nov,4,Autumn,1,22.1,3.7,0.56,11611.0,17.0,11628.0,Medium,-0.5000000000000004,0.8660254037844384,183.3,1,1,0,74.3
Monument,"Buddhist Monuments, Sanchi",Other Heritage Site,Thiruchirapalli,Tamil Nadu,Metro,10.7905,78.7047,Bangalore,2021-22,2021,12,Dec,4,Winter,1,21.0,1.2,0.56,12776.0,18.0,12795.0,Medium,-2.4492935982947064e-16,1.0,183.3,1,1,2,74.3
Monument,"Buddhist Monuments, Sanchi",Other Heritage Site,Thiruchirapalli,Tamil Nadu,Metro,10.7905,78.7047,Bangalore,2021-22,2022,1,Jan,1,Winter,1,21.5,0.1,0.56,11907.0,17.0,11924.0,Medium,0.49999999999999994,0.8660254037844387,183.3,2,1,0,78.6
Monument,"Buddhist Monuments, Sanchi",Other Heritage Site,Thiruchirapalli,Tamil Nadu,Metro,10.7905,78.7047,Bangalore,2021-22,2022,2,Feb,1,Winter,1,23.7,0.4,0.56,12452.0,18.0,12470.0,Medium,0.8660254037844386,0.5000000000000001,183.3,0,0,0,78.6
Monument,"Buddhist Monuments, Sanchi",Other Heritage Site,Thiruchirapalli,Tamil Nadu,Metro,10.7905,78.7047,Bangalore,2021-22,2022,3,Mar,1,Summer,1,26.4,1.2,0.56,10280.0,15.0,10295.0,Medium,1.0,6.123233995736766e-17,183.3,1,1,0,78.6
Monument,"Buddhist Monuments, Sanchi",Other Heritage Site,Thiruchirapalli,Tamil Nadu,Metro,10.7905,78.7047,Bangalore,2022-23,2022,4,Apr,2,Summer,0,27.4,4.6,0.56,17567.0,228.0,17795.0,High,0.8660254037844387,-0.4999999999999998,183.3,0,0,1,78.6
Monument,"Buddhist Monuments, Sanchi",Other Heritage Site,Thiruchirapalli,Tamil Nadu,Metro,10.7905,78.7047,Bangalore,2022-23,2022,5,May,2,Summer,0,26.4,5.8,0.56,16787.0,218.0,17004.0,High,0.49999999999999994,-0.8660254037844387,183.3,0,0,3,78.6
Monument,"Buddhist Monuments, Sanchi",Other Heritage Site,Thiruchirapalli,Tamil Nadu,Metro,10.7905,78.7047,Bangalore,2022-23,2022,6,Jun,2,Summer,0,24.3,4.2,0.56,18145.0,235.0,18381.0,High,1.2246467991473532e-16,-1.0,183.3,0,0,2,78.6
Monument,"Buddhist Monuments, Sanchi",Other Heritage Site,Thiruchirapalli,Tamil Nadu,Metro,10.7905,78.7047,Bangalore,2022-23,2022,7,Jul,3,Monsoon,0,23.3,4.8,0.56,21732.0,282.0,22014.0,High,-0.4999999999999997,-0.8660254037844388,183.3,0,0,0,78.6
Monument,"Buddhist Monuments, Sanchi",Other Heritage Site,Thiruchirapalli,Tamil Nadu,Metro,10.7905,78.7047,Bangalore,2022-23,2022,8,Aug,3,Monsoon,0,23.1,5.7,0.56,17914.0,232.0,18146.0,High,-0.8660254037844385,-0.5000000000000004,183.3,3,1,0,78.6
Monument,"Buddhist Monuments, Sanchi",Other Heritage Site,Thiruchirapalli,Tamil Nadu,Metro,10.7905,78.7047,Bangalore,2022-23,2022,9,Sep,3,Monsoon,0,23.6,8.0,0.56,18450.0,239.0,18689.0,High,-1.0,-1.8369701987210297e-16,183.3,1,1,0,78.6
Monument,"Buddhist Monuments, Sanchi",Other Heritage Site,Thiruchirapalli,Tamil Nadu,Metro,10.7905,78.7047,Bangalore,2022-23,2022,10,Oct,4,Autumn,1,23.2,8.0,0.56,22845.0,296.0,23141.0,High,-0.8660254037844386,0.5000000000000001,183.3,2,1,1,78.6
Monument,"Buddhist Monuments, Sanchi",Other Heritage Site,Thiruchirapalli,Tamil Nadu,Metro,10.7905,78.7047,Bangalore,2022-23,2022,11,Nov,4,Autumn,1,22.1,3.7,0.56,26180.0,340.0,26519.0,High,-0.5000000000000004,0.8660254037844384,183.3,0,0,0,78.6
Monument,"Buddhist Monuments, Sanchi",Other Heritage Site,Thiruchirapalli,Tamil Nadu,Metro,10.7905,78.7047,Bangalore,2022-23,2022,12,Dec,4,Winter,1,21.0,1.2,0.56,28807.0,374.0,29181.0,High,-2.4492935982947064e-16,1.0,183.3,1,1,2,78.6
Monument,"Buddhist Monuments, Sanchi",Other Heritage Site,Thiruchirapalli,Tamil Nadu,Metro,10.7905,78.7047,Bangalore,2022-23,2023,1,Jan,1,Winter,1,21.5,0.1,0.56,26846.0,348.0,27194.0,High,0.49999999999999994,0.8660254037844387,183.3,2,1,0,82.6
Monument,"Buddhist Monuments, Sanchi",Other Heritage Site,Thiruchirapalli,Tamil Nadu,Metro,10.7905,78.7047,Bangalore,2022-23,2023,2,Feb,1,Winter,1,23.7,0.4,0.56,28076.0,364.0,28440.0,High,0.8660254037844386,0.5000000000000001,183.3,0,0,0,82.6
Monument,"Buddhist Monuments, Sanchi",Other Heritage Site,Thiruchirapalli,Tamil Nadu,Metro,10.7905,78.7047,Bangalore,2022-23,2023,3,Mar,1,Summer,1,26.4,1.2,0.56,23179.0,301.0,23479.0,High,1.0,6.123233995736766e-17,183.3,1,1,0,82.6
Monument,"Buddhist Remains on hill top at Guntupalli, W.G. District",Archaeological Site,Amaravati,Andhra Pradesh,Metro,16.573,80.3572,Chennai,2021-22,2021,4,Apr,2,Summer,0,30.3,1.4,0.142,932.0,1.0,933.0,Low,0.8660254037844387,-0.4999999999999998,218.1,0,0,1,74.3
Monument,"Buddhist Remains on hill top at Guntupalli, W.G. District",Archaeological Site,Amaravati,Andhra Pradesh,Metro,16.573,80.3572,Chennai,2021-22,2021,5,May,2,Summer,0,31.7,3.2,0.142,890.0,1.0,892.0,Low,0.49999999999999994,-0.8660254037844387,218.1,0,0,3,74.3
Monument,"Buddhist Remains on hill top at Guntupalli, W.G. District",Archaeological Site,Amaravati,Andhra Pradesh,Metro,16.573,80.3572,Chennai,2021-22,2021,6,Jun,2,Summer,0,31.4,3.6,0.142,962.0,1.0,964.0,Low,1.2246467991473532e-16,-1.0,218.1,0,0,2,74.3
Monument,"Buddhist Remains on hill top at Guntupalli, W.G. District",Archaeological Site,Amaravati,Andhra Pradesh,Metro,16.573,80.3572,Chennai,2021-22,2021,7,Jul,3,Monsoon,0,30.3,5.0,0.142,1152.0,2.0,1154.0,Low,-0.4999999999999997,-0.8660254037844388,218.1,0,0,0,74.3
Monument,"Buddhist Remains on hill top at Guntupalli, W.G. District",Archaeological Site,Amaravati,Andhra Pradesh,Metro,16.573,80.3572,Chennai,2021-22,2021,8,Aug,3,Monsoon,0,29.6,6.0,0.142,950.0,1.0,951.0,Low,-0.8660254037844385,-0.5000000000000004,218.1,3,1,0,74.3
Monument,"Buddhist Remains on hill top at Guntupalli, W.G. District",Archaeological Site,Amaravati,Andhra Pradesh,Metro,16.573,80.3572,Chennai,2021-22,2021,9,Sep,3,Monsoon,0,29.2,6.0,0.142,978.0,2.0,980.0,Low,-1.0,-1.8369701987210297e-16,218.1,1,1,0,74.3
Monument,"Buddhist Remains on hill top at Guntupalli, W.G. District",Archaeological Site,Amaravati,Andhra Pradesh,Metro,16.573,80.3572,Chennai,2021-22,2021,10,Oct,4,Autumn,1,27.9,13.3,0.142,1211.0,2.0,1213.0,Low,-0.8660254037844386,0.5000000000000001,218.1,1,1,1,74.3
Monument,"Buddhist Remains on hill top at Guntupalli, W.G. District",Archaeological Site,Amaravati,Andhra Pradesh,Metro,16.573,80.3572,Chennai,2021-22,2021,11,Nov,4,Autumn,1,26.3,16.4,0.142,1388.0,2.0,1390.0,Low,-0.5000000000000004,0.8660254037844384,218.1,1,1,0,74.3
Monument,"Buddhist Remains on hill top at Guntupalli, W.G. District",Archaeological Site,Amaravati,Andhra Pradesh,Metro,16.573,80.3572,Chennai,2021-22,2021,12,Dec,4,Winter,1,25.3,8.7,0.142,1528.0,2.0,1530.0,Low,-2.4492935982947064e-16,1.0,218.1,1,1,2,74.3
Monument,"Buddhist Remains on hill top at Guntupalli, W.G. District",Archaeological Site,Amaravati,Andhra Pradesh,Metro,16.573,80.3572,Chennai,2021-22,2022,1,Jan,1,Winter,1,25.0,1.3,0.142,1424.0,2.0,1426.0,Low,0.49999999999999994,0.8660254037844387,218.1,2,1,0,78.6
Monument,"Buddhist Remains on hill top at Guntupalli, W.G. District",Archaeological Site,Amaravati,Andhra Pradesh,Metro,16.573,80.3572,Chennai,2021-22,2022,2,Feb,1,Winter,1,26.2,0.9,0.142,1489.0,2.0,1491.0,Low,0.8660254037844386,0.5000000000000001,218.1,0,0,0,78.6
Monument,"Buddhist Remains on hill top at Guntupalli, W.G. District",Archaeological Site,Amaravati,Andhra Pradesh,Metro,16.573,80.3572,Chennai,2021-22,2022,3,Mar,1,Summer,1,28.3,0.9,0.142,1229.0,2.0,1231.0,Low,1.0,6.123233995736766e-17,218.1,1,1,0,78.6
Monument,"Buddhist Remains on hill top at Guntupalli, W.G. District",Archaeological Site,Amaravati,Andhra Pradesh,Metro,16.573,80.3572,Chennai,2022-23,2022,4,Apr,2,Summer,0,30.3,1.4,0.142,1424.0,4.0,1428.0,Low,0.8660254037844387,-0.4999999999999998,218.1,0,0,1,78.6
Monument,"Buddhist Remains on hill top at Guntupalli, W.G. District",Archaeological Site,Amaravati,Andhra Pradesh,Metro,16.573,80.3572,Chennai,2022-23,2022,5,May,2,Summer,0,31.7,3.2,0.142,1361.0,4.0,1365.0,Low,0.49999999999999994,-0.8660254037844387,218.1,0,0,3,78.6
Monument,"Buddhist Remains on hill top at Guntupalli, W.G. District",Archaeological Site,Amaravati,Andhra Pradesh,Metro,16.573,80.3572,Chennai,2022-23,2022,6,Jun,2,Summer,0,31.4,3.6,0.142,1471.0,4.0,1475.0,Low,1.2246467991473532e-16,-1.0,218.1,0,0,2,78.6
Monument,"Buddhist Remains on hill top at Guntupalli, W.G. District",Archaeological Site,Amaravati,Andhra Pradesh,Metro,16.573,80.3572,Chennai,2022-23,2022,7,Jul,3,Monsoon,0,30.3,5.0,0.142,1761.0,5.0,1767.0,Low,-0.4999999999999997,-0.8660254037844388,218.1,0,0,0,78.6
Monument,"Buddhist Remains on hill top at Guntupalli, W.G. District",Archaeological Site,Amaravati,Andhra Pradesh,Metro,16.573,80.3572,Chennai,2022-23,2022,8,Aug,3,Monsoon,0,29.6,6.0,0.142,1452.0,4.0,1456.0,Low,-0.8660254037844385,-0.5000000000000004,218.1,3,1,0,78.6
Monument,"Buddhist Remains on hill top at Guntupalli, W.G. District",Archaeological Site,Amaravati,Andhra Pradesh,Metro,16.573,80.3572,Chennai,2022-23,2022,9,Sep,3,Monsoon,0,29.2,6.0,0.142,1495.0,5.0,1500.0,Low,-1.0,-1.8369701987210297e-16,218.1,1,1,0,78.6
Monument,"Buddhist Remains on hill top at Guntupalli, W.G. District",Archaeological Site,Amaravati,Andhra Pradesh,Metro,16.573,80.3572,Chennai,2022-23,2022,10,Oct,4,Autumn,1,27.9,13.3,0.142,1852.0,6.0,1857.0,Low,-0.8660254037844386,0.5000000000000001,218.1,2,1,1,78.6
Monument,"Buddhist Remains on hill top at Guntupalli, W.G. District",Archaeological Site,Amaravati,Andhra Pradesh,Metro,16.573,80.3572,Chennai,2022-23,2022,11,Nov,4,Autumn,1,26.3,16.4,0.142,2122.0,6.0,2128.0,Low,-0.5000000000000004,0.8660254037844384,218.1,0,0,0,78.6
Monument,"Buddhist Remains on hill top at Guntupalli, W.G. District",Archaeological Site,Amaravati,Andhra Pradesh,Metro,16.573,80.3572,Chennai,2022-23,2022,12,Dec,4,Winter,1,25.3,8.7,0.142,2335.0,7.0,2342.0,Low,-2.4492935982947064e-16,1.0,218.1,1,1,2,78.6
Monument,"Buddhist Remains on hill top at Guntupalli, W.G. District",Archaeological Site,Amaravati,Andhra Pradesh,Metro,16.573,80.3572,Chennai,2022-23,2023,1,Jan,1,Winter,1,25.0,1.3,0.142,2176.0,7.0,2183.0,Low,0.49999999999999994,0.8660254037844387,218.1,2,1,0,82.6
Monument,"Buddhist Remains on hill top at Guntupalli, W.G. District",Archaeological Site,Amaravati,Andhra Pradesh,Metro,16.573,80.3572,Chennai,2022-23,2023,2,Feb,1,Winter,1,26.2,0.9,0.142,2276.0,7.0,2283.0,Low,0.8660254037844386,0.5000000000000001,218.1,0,0,0,82.6
Monument,"Buddhist Remains on hill top at Guntupalli, W.G. District",Archaeological Site,Amaravati,Andhra Pradesh,Metro,16.573,80.3572,Chennai,2022-23,2023,3,Mar,1,Summer,1,28.3,0.9,0.142,1879.0,6.0,1884.0,Low,1.0,6.123233995736766e-17,218.1,1,1,0,82.6
Monument,"Buddhist cave no 01 to 51 Dhamnar, Tehsil Garoth",Caves,Thiruchirapalli,Tamil Nadu,Metro,10.7905,78.7047,Bangalore,2021-22,2021,4,Apr,2,Summer,0,27.4,4.6,0.177,1587.0,4.0,1592.0,Low,0.8660254037844387,-0.4999999999999998,183.3,0,0,1,74.3
Monument,"Buddhist cave no 01 to 51 Dhamnar, Tehsil Garoth",Caves,Thiruchirapalli,Tamil Nadu,Metro,10.7905,78.7047,Bangalore,2021-22,2021,5,May,2,Summer,0,26.4,5.8,0.177,1517.0,4.0,1521.0,Low,0.49999999999999994,-0.8660254037844387,183.3,0,0,3,74.3
Monument,"Buddhist cave no 01 to 51 Dhamnar, Tehsil Garoth",Caves,Thiruchirapalli,Tamil Nadu,Metro,10.7905,78.7047,Bangalore,2021-22,2021,6,Jun,2,Summer,0,24.3,4.2,0.177,1640.0,4.0,1644.0,Low,1.2246467991473532e-16,-1.0,183.3,0,0,2,74.3
Monument,"Buddhist cave no 01 to 51 Dhamnar, Tehsil Garoth",Caves,Thiruchirapalli,Tamil Nadu,Metro,10.7905,78.7047,Bangalore,2021-22,2021,7,Jul,3,Monsoon,0,23.3,4.8,0.177,1964.0,5.0,1969.0,Low,-0.4999999999999997,-0.8660254037844388,183.3,0,0,0,74.3
Monument,"Buddhist cave no 01 to 51 Dhamnar, Tehsil Garoth",Caves,Thiruchirapalli,Tamil Nadu,Metro,10.7905,78.7047,Bangalore,2021-22,2021,8,Aug,3,Monsoon,0,23.1,5.7,0.177,1619.0,4.0,1623.0,Low,-0.8660254037844385,-0.5000000000000004,183.3,3,1,0,74.3
Monument,"Buddhist cave no 01 to 51 Dhamnar, Tehsil Garoth",Caves,Thiruchirapalli,Tamil Nadu,Metro,10.7905,78.7047,Bangalore,2021-22,2021,9,Sep,3,Monsoon,0,23.6,8.0,0.177,1667.0,4.0,1672.0,Low,-1.0,-1.8369701987210297e-16,183.3,1,1,0,74.3
Monument,"Buddhist cave no 01 to 51 Dhamnar, Tehsil Garoth",Caves,Thiruchirapalli,Tamil Nadu,Metro,10.7905,78.7047,Bangalore,2021-22,2021,10,Oct,4,Autumn,1,23.2,8.0,0.177,2064.0,6.0,2070.0,Low,-0.8660254037844386,0.5000000000000001,183.3,1,1,1,74.3
Monument,"Buddhist cave no 01 to 51 Dhamnar, Tehsil Garoth",Caves,Thiruchirapalli,Tamil Nadu,Metro,10.7905,78.7047,Bangalore,2021-22,2021,11,Nov,4,Autumn,1,22.1,3.7,0.177,2366.0,6.0,2372.0,Low,-0.5000000000000004,0.8660254037844384,183.3,1,1,0,74.3
Monument,"Buddhist cave no 01 to 51 Dhamnar, Tehsil Garoth",Caves,Thiruchirapalli,Tamil Nadu,Metro,10.7905,78.7047,Bangalore,2021-22,2021,12,Dec,4,Winter,1,21.0,1.2,0.177,2603.0,7.0,2610.0,Low,-2.4492935982947064e-16,1.0,183.3,1,1,2,74.3
Monument,"Buddhist cave no 01 to 51 Dhamnar, Tehsil Garoth",Caves,Thiruchirapalli,Tamil Nadu,Metro,10.7905,78.7047,Bangalore,2021-22,2022,1,Jan,1,Winter,1,21.5,0.1,0.177,2426.0,7.0,2432.0,Low,0.49999999999999994,0.8660254037844387,183.3,2,1,0,78.6
Monument,"Buddhist cave no 01 to 51 Dhamnar, Tehsil Garoth",Caves,Thiruchirapalli,Tamil Nadu,Metro,10.7905,78.7047,Bangalore,2021-22,2022,2,Feb,1,Winter,1,23.7,0.4,0.177,2537.0,7.0,2544.0,Low,0.8660254037844386,0.5000000000000001,183.3,0,0,0,78.6
Monument,"Buddhist cave no 01 to 51 Dhamnar, Tehsil Garoth",Caves,Thiruchirapalli,Tamil Nadu,Metro,10.7905,78.7047,Bangalore,2021-22,2022,3,Mar,1,Summer,1,26.4,1.2,0.177,2094.0,6.0,2100.0,Low,1.0,6.123233995736766e-17,183.3,1,1,0,78.6
Monument,"Buddhist cave no 01 to 51 Dhamnar, Tehsil Garoth",Caves,Thiruchirapalli,Tamil Nadu,Metro,10.7905,78.7047,Bangalore,2022-23,2022,4,Apr,2,Summer,0,27.4,4.6,0.177,2052.0,4.0,2057.0,Low,0.8660254037844387,-0.4999999999999998,183.3,0,0,1,78.6
Monument,"Buddhist cave no 01 to 51 Dhamnar, Tehsil Garoth",Caves,Thiruchirapalli,Tamil Nadu,Metro,10.7905,78.7047,Bangalore,2022-23,2022,5,May,2,Summer,0,26.4,5.8,0.177,1961.0,4.0,1965.0,Low,0.49999999999999994,-0.8660254037844387,183.3,0,0,3,78.6
Monument,"Buddhist cave no 01 to 51 Dhamnar, Tehsil Garoth",Caves,Thiruchirapalli,Tamil Nadu,Metro,10.7905,78.7047,Bangalore,2022-23,2022,6,Jun,2,Summer,0,24.3,4.2,0.177,2120.0,4.0,2124.0,Low,1.2246467991473532e-16,-1.0,183.3,0,0,2,78.6
Monument,"Buddhist cave no 01 to 51 Dhamnar, Tehsil Garoth",Caves,Thiruchirapalli,Tamil Nadu,Metro,10.7905,78.7047,Bangalore,2022-23,2022,7,Jul,3,Monsoon,0,23.3,4.8,0.177,2539.0,5.0,2544.0,Low,-0.4999999999999997,-0.8660254037844388,183.3,0,0,0,78.6
Monument,"Buddhist cave no 01 to 51 Dhamnar, Tehsil Garoth",Caves,Thiruchirapalli,Tamil Nadu,Metro,10.7905,78.7047,Bangalore,2022-23,2022,8,Aug,3,Monsoon,0,23.1,5.7,0.177,2093.0,4.0,2097.0,Low,-0.8660254037844385,-0.5000000000000004,183.3,3,1,0,78.6
Monument,"Buddhist cave no 01 to 51 Dhamnar, Tehsil Garoth",Caves,Thiruchirapalli,Tamil Nadu,Metro,10.7905,78.7047,Bangalore,2022-23,2022,9,Sep,3,Monsoon,0,23.6,8.0,0.177,2155.0,4.0,2160.0,Low,-1.0,-1.8369701987210297e-16,183.3,1,1,0,78.6
Monument,"Buddhist cave no 01 to 51 Dhamnar, Tehsil Garoth",Caves,Thiruchirapalli,Tamil Nadu,Metro,10.7905,78.7047,Bangalore,2022-23,2022,10,Oct,4,Autumn,1,23.2,8.0,0.177,2669.0,6.0,2674.0,Low,-0.8660254037844386,0.5000000000000001,183.3,2,1,1,78.6
Monument,"Buddhist cave no 01 to 51 Dhamnar, Tehsil Garoth",Caves,Thiruchirapalli,Tamil Nadu,Metro,10.7905,78.7047,Bangalore,2022-23,2022,11,Nov,4,Autumn,1,22.1,3.7,0.177,3058.0,6.0,3065.0,Low,-0.5000000000000004,0.8660254037844384,183.3,0,0,0,78.6
Monument,"Buddhist cave no 01 to 51 Dhamnar, Tehsil Garoth",Caves,Thiruchirapalli,Tamil Nadu,Metro,10.7905,78.7047,Bangalore,2022-23,2022,12,Dec,4,Winter,1,21.0,1.2,0.177,3365.0,7.0,3372.0,Low,-2.4492935982947064e-16,1.0,183.3,1,1,2,78.6
Monument,"Buddhist cave no 01 to 51 Dhamnar, Tehsil Garoth",Caves,Thiruchirapalli,Tamil Nadu,Metro,10.7905,78.7047,Bangalore,2022-23,2023,1,Jan,1,Winter,1,21.5,0.1,0.177,3136.0,7.0,3143.0,Low,0.49999999999999994,0.8660254037844387,183.3,2,1,0,82.6
Monument,"Buddhist cave no 01 to 51 Dhamnar, Tehsil Garoth",Caves,Thiruchirapalli,Tamil Nadu,Metro,10.7905,78.7047,Bangalore,2022-23,2023,2,Feb,1,Winter,1,23.7,0.4,0.177,3280.0,7.0,3287.0,Low,0.8660254037844386,0.5000000000000001,183.3,0,0,0,82.6
Monument,"Buddhist cave no 01 to 51 Dhamnar, Tehsil Garoth",Caves,Thiruchirapalli,Tamil Nadu,Metro,10.7905,78.7047,Bangalore,2022-23,2023,3,Mar,1,Summer,1,26.4,1.2,0.177,2708.0,6.0,2713.0,Low,1.0,6.123233995736766e-17,183.3,1,1,0,82.6
Monument,"Cave Temple & Inscriptions, Bhaja",Temple,Mumbai,Maharashtra,Metro,19.076,72.8777,Mumbai,2021-22,2021,4,Apr,2,Summer,0,29.1,0.3,0.333,2359.0,5.0,2364.0,Low,0.8660254037844387,-0.4999999999999998,2.0,0,0,1,74.3
Monument,"Cave Temple & Inscriptions, Bhaja",Temple,Mumbai,Maharashtra,Metro,19.076,72.8777,Mumbai,2021-22,2021,5,May,2,Summer,0,30.2,1.6,0.333,2254.0,5.0,2259.0,Low,0.49999999999999994,-0.8660254037844387,2.0,0,0,3,74.3
Monument,"Cave Temple & Inscriptions, Bhaja",Temple,Mumbai,Maharashtra,Metro,19.076,72.8777,Mumbai,2021-22,2021,6,Jun,2,Summer,0,29.2,19.8,0.333,2437.0,6.0,2442.0,Low,1.2246467991473532e-16,-1.0,2.0,0,0,2,74.3
Monument,"Cave Temple & Inscriptions, Bhaja",Temple,Mumbai,Maharashtra,Metro,19.076,72.8777,Mumbai,2021-22,2021,7,Jul,3,Monsoon,0,28.0,29.3,0.333,2918.0,7.0,2925.0,Low,-0.4999999999999997,-0.8660254037844388,2.0,0,0,0,74.3
Monument,"Cave Temple & Inscriptions, Bhaja",Temple,Mumbai,Maharashtra,Metro,19.076,72.8777,Mumbai,2021-22,2021,8,Aug,3,Monsoon,0,27.7,17.0,0.333,2405.0,5.0,2411.0,Low,-0.8660254037844385,-0.5000000000000004,2.0,3,1,0,74.3
Monument,"Cave Temple & Inscriptions, Bhaja",Temple,Mumbai,Maharashtra,Metro,19.076,72.8777,Mumbai,2021-22,2021,9,Sep,3,Monsoon,0,27.9,15.1,0.333,2478.0,6.0,2483.0,Low,-1.0,-1.8369701987210297e-16,2.0,1,1,0,74.3
Monument,"Cave Temple & Inscriptions, Bhaja",Temple,Mumbai,Maharashtra,Metro,19.076,72.8777,Mumbai,2021-22,2021,10,Oct,4,Autumn,1,28.9,4.7,0.333,3068.0,7.0,3075.0,Low,-0.8660254037844386,0.5000000000000001,2.0,1,1,1,74.3
Monument,"Cave Temple & Inscriptions, Bhaja",Temple,Mumbai,Maharashtra,Metro,19.076,72.8777,Mumbai,2021-22,2021,11,Nov,4,Autumn,1,28.2,0.8,0.333,3515.0,8.0,3523.0,Low,-0.5000000000000004,0.8660254037844384,2.0,1,1,0,74.3
Monument,"Cave Temple & Inscriptions, Bhaja",Temple,Mumbai,Maharashtra,Metro,19.076,72.8777,Mumbai,2021-22,2021,12,Dec,4,Winter,1,25.9,0.9,0.333,3868.0,9.0,3877.0,Low,-2.4492935982947064e-16,1.0,2.0,1,1,2,74.3
Monument,"Cave Temple & Inscriptions, Bhaja",Temple,Mumbai,Maharashtra,Metro,19.076,72.8777,Mumbai,2021-22,2022,1,Jan,1,Winter,1,24.6,0.1,0.333,3605.0,8.0,3613.0,Low,0.49999999999999994,0.8660254037844387,2.0,2,1,0,78.6
Monument,"Cave Temple & Inscriptions, Bhaja",Temple,Mumbai,Maharashtra,Metro,19.076,72.8777,Mumbai,2021-22,2022,2,Feb,1,Winter,1,25.7,0.0,0.333,3770.0,9.0,3779.0,Low,0.8660254037844386,0.5000000000000001,2.0,0,0,0,78.6
Monument,"Cave Temple & Inscriptions, Bhaja",Temple,Mumbai,Maharashtra,Metro,19.076,72.8777,Mumbai,2021-22,2022,3,Mar,1,Summer,1,27.8,0.3,0.333,3112.0,7.0,3120.0,Low,1.0,6.123233995736766e-17,2.0,1,1,0,78.6
Monument,"Cave Temple & Inscriptions, Bhaja",Temple,Mumbai,Maharashtra,Metro,19.076,72.8777,Mumbai,2022-23,2022,4,Apr,2,Summer,0,29.1,0.3,0.333,5886.0,34.0,5920.0,Medium,0.8660254037844387,-0.4999999999999998,2.0,0,0,1,78.6
Monument,"Cave Temple & Inscriptions, Bhaja",Temple,Mumbai,Maharashtra,Metro,19.076,72.8777,Mumbai,2022-23,2022,5,May,2,Summer,0,30.2,1.6,0.333,5624.0,33.0,5657.0,Medium,0.49999999999999994,-0.8660254037844387,2.0,0,0,3,78.6
Monument,"Cave Temple & Inscriptions, Bhaja",Temple,Mumbai,Maharashtra,Metro,19.076,72.8777,Mumbai,2022-23,2022,6,Jun,2,Summer,0,29.2,19.8,0.333,6080.0,35.0,6115.0,Medium,1.2246467991473532e-16,-1.0,2.0,0,0,2,78.6
Monument,"Cave Temple & Inscriptions, Bhaja",Temple,Mumbai,Maharashtra,Metro,19.076,72.8777,Mumbai,2022-23,2022,7,Jul,3,Monsoon,0,28.0,29.3,0.333,7282.0,42.0,7324.0,Medium,-0.4999999999999997,-0.8660254037844388,2.0,0,0,0,78.6
Monument,"Cave Temple & Inscriptions, Bhaja",Temple,Mumbai,Maharashtra,Metro,19.076,72.8777,Mumbai,2022-23,2022,8,Aug,3,Monsoon,0,27.7,17.0,0.333,6002.0,35.0,6037.0,Medium,-0.8660254037844385,-0.5000000000000004,2.0,3,1,0,78.6
Monument,"Cave Temple & Inscriptions, Bhaja",Temple,Mumbai,Maharashtra,Metro,19.076,72.8777,Mumbai,2022-23,2022,9,Sep,3,Monsoon,0,27.9,15.1,0.333,6182.0,36.0,6218.0,Medium,-1.0,-1.8369701987210297e-16,2.0,1,1,0,78.6
Monument,"Cave Temple & Inscriptions, Bhaja",Temple,Mumbai,Maharashtra,Metro,19.076,72.8777,Mumbai,2022-23,2022,10,Oct,4,Autumn,1,28.9,4.7,0.333,7654.0,44.0,7699.0,Medium,-0.8660254037844386,0.5000000000000001,2.0,2,1,1,78.6
Monument,"Cave Temple & Inscriptions, Bhaja",Temple,Mumbai,Maharashtra,Metro,19.076,72.8777,Mumbai,2022-23,2022,11,Nov,4,Autumn,1,28.2,0.8,0.333,8772.0,51.0,8822.0,Medium,-0.5000000000000004,0.8660254037844384,2.0,0,0,0,78.6
Monument,"Cave Temple & Inscriptions, Bhaja",Temple,Mumbai,Maharashtra,Metro,19.076,72.8777,Mumbai,2022-23,2022,12,Dec,4,Winter,1,25.9,0.9,0.333,9652.0,56.0,9708.0,Medium,-2.4492935982947064e-16,1.0,2.0,1,1,2,78.6
Monument,"Cave Temple & Inscriptions, Bhaja",Temple,Mumbai,Maharashtra,Metro,19.076,72.8777,Mumbai,2022-23,2023,1,Jan,1,Winter,1,24.6,0.1,0.333,8995.0,52.0,9047.0,Medium,0.49999999999999994,0.8660254037844387,2.0,2,1,0,82.6
Monument,"Cave Temple & Inscriptions, Bhaja",Temple,Mumbai,Maharashtra,Metro,19.076,72.8777,Mumbai,2022-23,2023,2,Feb,1,Winter,1,25.7,0.0,0.333,9407.0,54.0,9462.0,Medium,0.8660254037844386,0.5000000000000001,2.0,0,0,0,82.6
Monument,"Cave Temple & Inscriptions, Bhaja",Temple,Mumbai,Maharashtra,Metro,19.076,72.8777,Mumbai,2022-23,2023,3,Mar,1,Summer,1,27.8,0.3,0.333,7766.0,45.0,7811.0,Medium,1.0,6.123233995736766e-17,2.0,1,1,0,82.6
Monument,"Cave, Temple and Inscriptions, Junaar, Lenyadri",Temple,Mumbai,Maharashtra,Metro,19.076,72.8777,Mumbai,2021-22,2021,4,Apr,2,Summer,0,29.1,0.3,0.638,11412.0,1.0,11413.0,Medium,0.8660254037844387,-0.4999999999999998,2.0,0,0,1,74.3
Monument,"Cave, Temple and Inscriptions, Junaar, Lenyadri",Temple,Mumbai,Maharashtra,Metro,19.076,72.8777,Mumbai,2021-22,2021,5,May,2,Summer,0,30.2,1.6,0.638,10905.0,1.0,10906.0,Medium,0.49999999999999994,-0.8660254037844387,2.0,0,0,3,74.3
Monument,"Cave, Temple and Inscriptions, Junaar, Lenyadri",Temple,Mumbai,Maharashtra,Metro,19.076,72.8777,Mumbai,2021-22,2021,6,Jun,2,Summer,0,29.2,19.8,0.638,11788.0,1.0,11789.0,Medium,1.2246467991473532e-16,-1.0,2.0,0,0,2,74.3
Monument,"Cave, Temple and Inscriptions, Junaar, Lenyadri",Temple,Mumbai,Maharashtra,Metro,19.076,72.8777,Mumbai,2021-22,2021,7,Jul,3,Monsoon,0,28.0,29.3,0.638,14118.0,2.0,14119.0,Medium,-0.4999999999999997,-0.8660254037844388,2.0,0,0,0,74.3
Monument,"Cave, Temple and Inscriptions, Junaar, Lenyadri",Temple,Mumbai,Maharashtra,Metro,19.076,72.8777,Mumbai,2021-22,2021,8,Aug,3,Monsoon,0,27.7,17.0,0.638,11637.0,1.0,11638.0,Medium,-0.8660254037844385,-0.5000000000000004,2.0,3,1,0,74.3
Monument,"Cave, Temple and Inscriptions, Junaar, Lenyadri",Temple,Mumbai,Maharashtra,Metro,19.076,72.8777,Mumbai,2021-22,2021,9,Sep,3,Monsoon,0,27.9,15.1,0.638,11986.0,1.0,11987.0,Medium,-1.0,-1.8369701987210297e-16,2.0,1,1,0,74.3
Monument,"Cave, Temple and Inscriptions, Junaar, Lenyadri",Temple,Mumbai,Maharashtra,Metro,19.076,72.8777,Mumbai,2021-22,2021,10,Oct,4,Autumn,1,28.9,4.7,0.638,14841.0,2.0,14842.0,Medium,-0.8660254037844386,0.5000000000000001,2.0,1,1,1,74.3
Monument,"Cave, Temple and Inscriptions, Junaar, Lenyadri",Temple,Mumbai,Maharashtra,Metro,19.076,72.8777,Mumbai,2021-22,2021,11,Nov,4,Autumn,1,28.2,0.8,0.638,17007.0,2.0,17009.0,High,-0.5000000000000004,0.8660254037844384,2.0,1,1,0,74.3
Monument,"Cave, Temple and Inscriptions, Junaar, Lenyadri",Temple,Mumbai,Maharashtra,Metro,19.076,72.8777,Mumbai,2021-22,2021,12,Dec,4,Winter,1,25.9,0.9,0.638,18714.0,2.0,18716.0,High,-2.4492935982947064e-16,1.0,2.0,1,1,2,74.3
Monument,"Cave, Temple and Inscriptions, Junaar, Lenyadri",Temple,Mumbai,Maharashtra,Metro,19.076,72.8777,Mumbai,2021-22,2022,1,Jan,1,Winter,1,24.6,0.1,0.638,17440.0,2.0,17442.0,High,0.49999999999999994,0.8660254037844387,2.0,2,1,0,78.6
Monument,"Cave, Temple and Inscriptions, Junaar, Lenyadri",Temple,Mumbai,Maharashtra,Metro,19.076,72.8777,Mumbai,2021-22,2022,2,Feb,1,Winter,1,25.7,0.0,0.638,18239.0,2.0,18241.0,High,0.8660254037844386,0.5000000000000001,2.0,0,0,0,78.6
Monument,"Cave, Temple and Inscriptions, Junaar, Lenyadri",Temple,Mumbai,Maharashtra,Metro,19.076,72.8777,Mumbai,2021-22,2022,3,Mar,1,Summer,1,27.8,0.3,0.638,15057.0,2.0,15059.0,Medium,1.0,6.123233995736766e-17,2.0,1,1,0,78.6
Monument,"Cave, Temple and Inscriptions, Junaar, Lenyadri",Temple,Mumbai,Maharashtra,Metro,19.076,72.8777,Mumbai,2022-23,2022,4,Apr,2,Summer,0,29.1,0.3,0.638,26633.0,26.0,26659.0,High,0.8660254037844387,-0.4999999999999998,2.0,0,0,1,78.6
Monument,"Cave, Temple and Inscriptions, Junaar, Lenyadri",Temple,Mumbai,Maharashtra,Metro,19.076,72.8777,Mumbai,2022-23,2022,5,May,2,Summer,0,30.2,1.6,0.638,25450.0,25.0,25475.0,High,0.49999999999999994,-0.8660254037844387,2.0,0,0,3,78.6
Monument,"Cave, Temple and Inscriptions, Junaar, Lenyadri",Temple,Mumbai,Maharashtra,Metro,19.076,72.8777,Mumbai,2022-23,2022,6,Jun,2,Summer,0,29.2,19.8,0.638,27510.0,27.0,27536.0,High,1.2246467991473532e-16,-1.0,2.0,0,0,2,78.6
Monument,"Cave, Temple and Inscriptions, Junaar, Lenyadri",Temple,Mumbai,Maharashtra,Metro,19.076,72.8777,Mumbai,2022-23,2022,7,Jul,3,Monsoon,0,28.0,29.3,0.638,32948.0,32.0,32980.0,High,-0.4999999999999997,-0.8660254037844388,2.0,0,0,0,78.6
Monument,"Cave, Temple and Inscriptions, Junaar, Lenyadri",Temple,Mumbai,Maharashtra,Metro,19.076,72.8777,Mumbai,2022-23,2022,8,Aug,3,Monsoon,0,27.7,17.0,0.638,27159.0,26.0,27185.0,High,-0.8660254037844385,-0.5000000000000004,2.0,3,1,0,78.6
Monument,"Cave, Temple and Inscriptions, Junaar, Lenyadri",Temple,Mumbai,Maharashtra,Metro,19.076,72.8777,Mumbai,2022-23,2022,9,Sep,3,Monsoon,0,27.9,15.1,0.638,27972.0,27.0,27999.0,High,-1.0,-1.8369701987210297e-16,2.0,1,1,0,78.6
Monument,"Cave, Temple and Inscriptions, Junaar, Lenyadri",Temple,Mumbai,Maharashtra,Metro,19.076,72.8777,Mumbai,2022-23,2022,10,Oct,4,Autumn,1,28.9,4.7,0.638,34635.0,34.0,34669.0,High,-0.8660254037844386,0.5000000000000001,2.0,2,1,1,78.6
Monument,"Cave, Temple and Inscriptions, Junaar, Lenyadri",Temple,Mumbai,Maharashtra,Metro,19.076,72.8777,Mumbai,2022-23,2022,11,Nov,4,Autumn,1,28.2,0.8,0.638,39691.0,38.0,39729.0,High,-0.5000000000000004,0.8660254037844384,2.0,0,0,0,78.6
Monument,"Cave, Temple and Inscriptions, Junaar, Lenyadri",Temple,Mumbai,Maharashtra,Metro,19.076,72.8777,Mumbai,2022-23,2022,12,Dec,4,Winter,1,25.9,0.9,0.638,43674.0,42.0,43716.0,High,-2.4492935982947064e-16,1.0,2.0,1,1,2,78.6
Monument,"Cave, Temple and Inscriptions, Junaar, Lenyadri",Temple,Mumbai,Maharashtra,Metro,19.076,72.8777,Mumbai,2022-23,2023,1,Jan,1,Winter,1,24.6,0.1,0.638,40701.0,39.0,40740.0,High,0.49999999999999994,0.8660254037844387,2.0,2,1,0,82.6
Monument,"Cave, Temple and Inscriptions, Junaar, Lenyadri",Temple,Mumbai,Maharashtra,Metro,19.076,72.8777,Mumbai,2022-23,2023,2,Feb,1,Winter,1,25.7,0.0,0.638,42566.0,41.0,42607.0,High,0.8660254037844386,0.5000000000000001,2.0,0,0,0,82.6
Monument,"Cave, Temple and Inscriptions, Junaar, Lenyadri",Temple,Mumbai,Maharashtra,Metro,19.076,72.8777,Mumbai,2022-23,2023,3,Mar,1,Summer,1,27.8,0.3,0.638,35141.0,34.0,35175.0,High,1.0,6.123233995736766e-17,2.0,1,1,0,82.6
Monument,Caves 1 t0 20 Udaygiri Vidisha,Caves,Thiruchirapalli,Tamil Nadu,Metro,10.7905,78.7047,Bangalore,2021-22,2021,4,Apr,2,Summer,0,27.4,4.6,0.284,2342.0,3.0,2345.0,Low,0.8660254037844387,-0.4999999999999998,183.3,0,0,1,74.3
Monument,Caves 1 t0 20 Udaygiri Vidisha,Caves,Thiruchirapalli,Tamil Nadu,Metro,10.7905,78.7047,Bangalore,2021-22,2021,5,May,2,Summer,0,26.4,5.8,0.284,2238.0,3.0,2240.0,Low,0.49999999999999994,-0.8660254037844387,183.3,0,0,3,74.3
Monument,Caves 1 t0 20 Udaygiri Vidisha,Caves,Thiruchirapalli,Tamil Nadu,Metro,10.7905,78.7047,Bangalore,2021-22,2021,6,Jun,2,Summer,0,24.3,4.2,0.284,2419.0,3.0,2422.0,Low,1.2246467991473532e-16,-1.0,183.3,0,0,2,74.3
Monument,Caves 1 t0 20 Udaygiri Vidisha,Caves,Thiruchirapalli,Tamil Nadu,Metro,10.7905,78.7047,Bangalore,2021-22,2021,7,Jul,3,Monsoon,0,23.3,4.8,0.284,2897.0,3.0,2900.0,Low,-0.4999999999999997,-0.8660254037844388,183.3,0,0,0,74.3
Monument,Caves 1 t0 20 Udaygiri Vidisha,Caves,Thiruchirapalli,Tamil Nadu,Metro,10.7905,78.7047,Bangalore,2021-22,2021,8,Aug,3,Monsoon,0,23.1,5.7,0.284,2388.0,3.0,2391.0,Low,-0.8660254037844385,-0.5000000000000004,183.3,3,1,0,74.3
Monument,Caves 1 t0 20 Udaygiri Vidisha,Caves,Thiruchirapalli,Tamil Nadu,Metro,10.7905,78.7047,Bangalore,2021-22,2021,9,Sep,3,Monsoon,0,23.6,8.0,0.284,2460.0,3.0,2462.0,Low,-1.0,-1.8369701987210297e-16,183.3,1,1,0,74.3
Monument,Caves 1 t0 20 Udaygiri Vidisha,Caves,Thiruchirapalli,Tamil Nadu,Metro,10.7905,78.7047,Bangalore,2021-22,2021,10,Oct,4,Autumn,1,23.2,8.0,0.284,3045.0,4.0,3049.0,Low,-0.8660254037844386,0.5000000000000001,183.3,1,1,1,74.3
Monument,Caves 1 t0 20 Udaygiri Vidisha,Caves,Thiruchirapalli,Tamil Nadu,Metro,10.7905,78.7047,Bangalore,2021-22,2021,11,Nov,4,Autumn,1,22.1,3.7,0.284,3490.0,4.0,3494.0,Low,-0.5000000000000004,0.8660254037844384,183.3,1,1,0,74.3
Monument,Caves 1 t0 20 Udaygiri Vidisha,Caves,Thiruchirapalli,Tamil Nadu,Metro,10.7905,78.7047,Bangalore,2021-22,2021,12,Dec,4,Winter,1,21.0,1.2,0.284,3840.0,5.0,3845.0,Low,-2.4492935982947064e-16,1.0,183.3,1,1,2,74.3
Monument,Caves 1 t0 20 Udaygiri Vidisha,Caves,Thiruchirapalli,Tamil Nadu,Metro,10.7905,78.7047,Bangalore,2021-22,2022,1,Jan,1,Winter,1,21.5,0.1,0.284,3579.0,4.0,3583.0,Low,0.49999999999999994,0.8660254037844387,183.3,2,1,0,78.6
Monument,Caves 1 t0 20 Udaygiri Vidisha,Caves,Thiruchirapalli,Tamil Nadu,Metro,10.7905,78.7047,Bangalore,2021-22,2022,2,Feb,1,Winter,1,23.7,0.4,0.284,3743.0,4.0,3747.0,Low,0.8660254037844386,0.5000000000000001,183.3,0,0,0,78.6
Monument,Caves 1 t0 20 Udaygiri Vidisha,Caves,Thiruchirapalli,Tamil Nadu,Metro,10.7905,78.7047,Bangalore,2021-22,2022,3,Mar,1,Summer,1,26.4,1.2,0.284,3090.0,4.0,3094.0,Low,1.0,6.123233995736766e-17,183.3,1,1,0,78.6
Monument,Caves 1 t0 20 Udaygiri Vidisha,Caves,Thiruchirapalli,Tamil Nadu,Metro,10.7905,78.7047,Bangalore,2022-23,2022,4,Apr,2,Summer,0,27.4,4.6,0.284,3984.0,36.0,4019.0,Low,0.8660254037844387,-0.4999999999999998,183.3,0,0,1,78.6
Monument,Caves 1 t0 20 Udaygiri Vidisha,Caves,Thiruchirapalli,Tamil Nadu,Metro,10.7905,78.7047,Bangalore,2022-23,2022,5,May,2,Summer,0,26.4,5.8,0.284,3807.0,34.0,3841.0,Low,0.49999999999999994,-0.8660254037844387,183.3,0,0,3,78.6
Monument,Caves 1 t0 20 Udaygiri Vidisha,Caves,Thiruchirapalli,Tamil Nadu,Metro,10.7905,78.7047,Bangalore,2022-23,2022,6,Jun,2,Summer,0,24.3,4.2,0.284,4115.0,37.0,4152.0,Medium,1.2246467991473532e-16,-1.0,183.3,0,0,2,78.6
Monument,Caves 1 t0 20 Udaygiri Vidisha,Caves,Thiruchirapalli,Tamil Nadu,Metro,10.7905,78.7047,Bangalore,2022-23,2022,7,Jul,3,Monsoon,0,23.3,4.8,0.284,4928.0,44.0,4972.0,Medium,-0.4999999999999997,-0.8660254037844388,183.3,0,0,0,78.6
Monument,Caves 1 t0 20 Udaygiri Vidisha,Caves,Thiruchirapalli,Tamil Nadu,Metro,10.7905,78.7047,Bangalore,2022-23,2022,8,Aug,3,Monsoon,0,23.1,5.7,0.284,4062.0,36.0,4099.0,Low,-0.8660254037844385,-0.5000000000000004,183.3,3,1,0,78.6
Monument,Caves 1 t0 20 Udaygiri Vidisha,Caves,Thiruchirapalli,Tamil Nadu,Metro,10.7905,78.7047,Bangalore,2022-23,2022,9,Sep,3,Monsoon,0,23.6,8.0,0.284,4184.0,37.0,4221.0,Medium,-1.0,-1.8369701987210297e-16,183.3,1,1,0,78.6
Monument,Caves 1 t0 20 Udaygiri Vidisha,Caves,Thiruchirapalli,Tamil Nadu,Metro,10.7905,78.7047,Bangalore,2022-23,2022,10,Oct,4,Autumn,1,23.2,8.0,0.284,5181.0,46.0,5227.0,Medium,-0.8660254037844386,0.5000000000000001,183.3,2,1,1,78.6
Monument,Caves 1 t0 20 Udaygiri Vidisha,Caves,Thiruchirapalli,Tamil Nadu,Metro,10.7905,78.7047,Bangalore,2022-23,2022,11,Nov,4,Autumn,1,22.1,3.7,0.284,5937.0,53.0,5990.0,Medium,-0.5000000000000004,0.8660254037844384,183.3,0,0,0,78.6
Monument,Caves 1 t0 20 Udaygiri Vidisha,Caves,Thiruchirapalli,Tamil Nadu,Metro,10.7905,78.7047,Bangalore,2022-23,2022,12,Dec,4,Winter,1,21.0,1.2,0.284,6533.0,58.0,6591.0,Medium,-2.4492935982947064e-16,1.0,183.3,1,1,2,78.6
Monument,Caves 1 t0 20 Udaygiri Vidisha,Caves,Thiruchirapalli,Tamil Nadu,Metro,10.7905,78.7047,Bangalore,2022-23,2023,1,Jan,1,Winter,1,21.5,0.1,0.284,6088.0,54.0,6142.0,Medium,0.49999999999999994,0.8660254037844387,183.3,2,1,0,82.6
Monument,Caves 1 t0 20 Udaygiri Vidisha,Caves,Thiruchirapalli,Tamil Nadu,Metro,10.7905,78.7047,Bangalore,2022-23,2023,2,Feb,1,Winter,1,23.7,0.4,0.284,6367.0,57.0,6424.0,Medium,0.8660254037844386,0.5000000000000001,183.3,0,0,0,82.6
Monument,Caves 1 t0 20 Udaygiri Vidisha,Caves,Thiruchirapalli,Tamil Nadu,Metro,10.7905,78.7047,Bangalore,2022-23,2023,3,Mar,1,Summer,1,26.4,1.2,0.284,5256.0,47.0,5303.0,Medium,1.0,6.123233995736766e-17,183.3,1,1,0,82.6
Monument,"Caves, Temples and inscriptions Karla",Temple,Mumbai,Maharashtra,Metro,19.076,72.8777,Mumbai,2021-22,2021,4,Apr,2,Summer,0,29.1,0.3,0.589,10337.0,10.0,10347.0,Medium,0.8660254037844387,-0.4999999999999998,2.0,0,0,1,74.3
Monument,"Caves, Temples and inscriptions Karla",Temple,Mumbai,Maharashtra,Metro,19.076,72.8777,Mumbai,2021-22,2021,5,May,2,Summer,0,30.2,1.6,0.589,9878.0,9.0,9887.0,Medium,0.49999999999999994,-0.8660254037844387,2.0,0,0,3,74.3
Monument,"Caves, Temples and inscriptions Karla",Temple,Mumbai,Maharashtra,Metro,19.076,72.8777,Mumbai,2021-22,2021,6,Jun,2,Summer,0,29.2,19.8,0.589,10677.0,10.0,10687.0,Medium,1.2246467991473532e-16,-1.0,2.0,0,0,2,74.3
Monument,"Caves, Temples and inscriptions Karla",Temple,Mumbai,Maharashtra,Metro,19.076,72.8777,Mumbai,2021-22,2021,7,Jul,3,Monsoon,0,28.0,29.3,0.589,12788.0,12.0,12800.0,Medium,-0.4999999999999997,-0.8660254037844388,2.0,0,0,0,74.3
Monument,"Caves, Temples and inscriptions Karla",Temple,Mumbai,Maharashtra,Metro,19.076,72.8777,Mumbai,2021-22,2021,8,Aug,3,Monsoon,0,27.7,17.0,0.589,10541.0,10.0,10551.0,Medium,-0.8660254037844385,-0.5000000000000004,2.0,3,1,0,74.3
Monument,"Caves, Temples and inscriptions Karla",Temple,Mumbai,Maharashtra,Metro,19.076,72.8777,Mumbai,2021-22,2021,9,Sep,3,Monsoon,0,27.9,15.1,0.589,10857.0,10.0,10867.0,Medium,-1.0,-1.8369701987210297e-16,2.0,1,1,0,74.3
Monument,"Caves, Temples and inscriptions Karla",Temple,Mumbai,Maharashtra,Metro,19.076,72.8777,Mumbai,2021-22,2021,10,Oct,4,Autumn,1,28.9,4.7,0.589,13443.0,13.0,13456.0,Medium,-0.8660254037844386,0.5000000000000001,2.0,1,1,1,74.3
Monument,"Caves, Temples and inscriptions Karla",Temple,Mumbai,Maharashtra,Metro,19.076,72.8777,Mumbai,2021-22,2021,11,Nov,4,Autumn,1,28.2,0.8,0.589,15405.0,15.0,15420.0,Medium,-0.5000000000000004,0.8660254037844384,2.0,1,1,0,74.3
Monument,"Caves, Temples and inscriptions Karla",Temple,Mumbai,Maharashtra,Metro,19.076,72.8777,Mumbai,2021-22,2021,12,Dec,4,Winter,1,25.9,0.9,0.589,16951.0,16.0,16967.0,High,-2.4492935982947064e-16,1.0,2.0,1,1,2,74.3
Monument,"Caves, Temples and inscriptions Karla",Temple,Mumbai,Maharashtra,Metro,19.076,72.8777,Mumbai,2021-22,2022,1,Jan,1,Winter,1,24.6,0.1,0.589,15797.0,15.0,15812.0,Medium,0.49999999999999994,0.8660254037844387,2.0,2,1,0,78.6
Monument,"Caves, Temples and inscriptions Karla",Temple,Mumbai,Maharashtra,Metro,19.076,72.8777,Mumbai,2021-22,2022,2,Feb,1,Winter,1,25.7,0.0,0.589,16521.0,16.0,16537.0,Medium,0.8660254037844386,0.5000000000000001,2.0,0,0,0,78.6
Monument,"Caves, Temples and inscriptions Karla",Temple,Mumbai,Maharashtra,Metro,19.076,72.8777,Mumbai,2021-22,2022,3,Mar,1,Summer,1,27.8,0.3,0.589,13639.0,13.0,13652.0,Medium,1.0,6.123233995736766e-17,2.0,1,1,0,78.6
Monument,"Caves, Temples and inscriptions Karla",Temple,Mumbai,Maharashtra,Metro,19.076,72.8777,Mumbai,2022-23,2022,4,Apr,2,Summer,0,29.1,0.3,0.589,19865.0,143.0,20008.0,High,0.8660254037844387,-0.4999999999999998,2.0,0,0,1,78.6
Monument,"Caves, Temples and inscriptions Karla",Temple,Mumbai,Maharashtra,Metro,19.076,72.8777,Mumbai,2022-23,2022,5,May,2,Summer,0,30.2,1.6,0.589,18982.0,137.0,19119.0,High,0.49999999999999994,-0.8660254037844387,2.0,0,0,3,78.6
Monument,"Caves, Temples and inscriptions Karla",Temple,Mumbai,Maharashtra,Metro,19.076,72.8777,Mumbai,2022-23,2022,6,Jun,2,Summer,0,29.2,19.8,0.589,20519.0,148.0,20667.0,High,1.2246467991473532e-16,-1.0,2.0,0,0,2,78.6
Monument,"Caves, Temples and inscriptions Karla",Temple,Mumbai,Maharashtra,Metro,19.076,72.8777,Mumbai,2022-23,2022,7,Jul,3,Monsoon,0,28.0,29.3,0.589,24575.0,177.0,24752.0,High,-0.4999999999999997,-0.8660254037844388,2.0,0,0,0,78.6
Monument,"Caves, Temples and inscriptions Karla",Temple,Mumbai,Maharashtra,Metro,19.076,72.8777,Mumbai,2022-23,2022,8,Aug,3,Monsoon,0,27.7,17.0,0.589,20257.0,146.0,20403.0,High,-0.8660254037844385,-0.5000000000000004,2.0,3,1,0,78.6
Monument,"Caves, Temples and inscriptions Karla",Temple,Mumbai,Maharashtra,Metro,19.076,72.8777,Mumbai,2022-23,2022,9,Sep,3,Monsoon,0,27.9,15.1,0.589,20863.0,150.0,21014.0,High,-1.0,-1.8369701987210297e-16,2.0,1,1,0,78.6
Monument,"Caves, Temples and inscriptions Karla",Temple,Mumbai,Maharashtra,Metro,19.076,72.8777,Mumbai,2022-23,2022,10,Oct,4,Autumn,1,28.9,4.7,0.589,25834.0,186.0,26020.0,High,-0.8660254037844386,0.5000000000000001,2.0,2,1,1,78.6
Monument,"Caves, Temples and inscriptions Karla",Temple,Mumbai,Maharashtra,Metro,19.076,72.8777,Mumbai,2022-23,2022,11,Nov,4,Autumn,1,28.2,0.8,0.589,29604.0,213.0,29817.0,High,-0.5000000000000004,0.8660254037844384,2.0,0,0,0,78.6
Monument,"Caves, Temples and inscriptions Karla",Temple,Mumbai,Maharashtra,Metro,19.076,72.8777,Mumbai,2022-23,2022,12,Dec,4,Winter,1,25.9,0.9,0.589,32575.0,235.0,32810.0,High,-2.4492935982947064e-16,1.0,2.0,1,1,2,78.6
Monument,"Caves, Temples and inscriptions Karla",Temple,Mumbai,Maharashtra,Metro,19.076,72.8777,Mumbai,2022-23,2023,1,Jan,1,Winter,1,24.6,0.1,0.589,30358.0,219.0,30576.0,High,0.49999999999999994,0.8660254037844387,2.0,2,1,0,82.6
Monument,"Caves, Temples and inscriptions Karla",Temple,Mumbai,Maharashtra,Metro,19.076,72.8777,Mumbai,2022-23,2023,2,Feb,1,Winter,1,25.7,0.0,0.589,31749.0,229.0,31977.0,High,0.8660254037844386,0.5000000000000001,2.0,0,0,0,82.6
Monument,"Caves, Temples and inscriptions Karla",Temple,Mumbai,Maharashtra,Metro,19.076,72.8777,Mumbai,2022-23,2023,3,Mar,1,Summer,1,27.8,0.3,0.589,26210.0,189.0,26399.0,High,1.0,6.123233995736766e-17,2.0,1,1,0,82.6
Monument,"Champaner Monuments, Pavagadh",Other Heritage Site,Vadodara,Gujarat,Metro,22.3072,73.1812,Mumbai,2021-22,2021,4,Apr,2,Summer,0,29.1,0.3,0.34,4041.0,3.0,4043.0,Low,0.8660254037844387,-0.4999999999999998,102.3,0,0,1,74.3
Monument,"Champaner Monuments, Pavagadh",Other Heritage Site,Vadodara,Gujarat,Metro,22.3072,73.1812,Mumbai,2021-22,2021,5,May,2,Summer,0,30.2,1.6,0.34,3861.0,3.0,3864.0,Low,0.49999999999999994,-0.8660254037844387,102.3,0,0,3,74.3
Monument,"Champaner Monuments, Pavagadh",Other Heritage Site,Vadodara,Gujarat,Metro,22.3072,73.1812,Mumbai,2021-22,2021,6,Jun,2,Summer,0,29.2,19.8,0.34,4174.0,3.0,4176.0,Medium,1.2246467991473532e-16,-1.0,102.3,0,0,2,74.3
Monument,"Champaner Monuments, Pavagadh",Other Heritage Site,Vadodara,Gujarat,Metro,22.3072,73.1812,Mumbai,2021-22,2021,7,Jul,3,Monsoon,0,28.0,29.3,0.34,4999.0,4.0,5002.0,Medium,-0.4999999999999997,-0.8660254037844388,102.3,0,0,0,74.3
Monument,"Champaner Monuments, Pavagadh",Other Heritage Site,Vadodara,Gujarat,Metro,22.3072,73.1812,Mumbai,2021-22,2021,8,Aug,3,Monsoon,0,27.7,17.0,0.34,4120.0,3.0,4123.0,Low,-0.8660254037844385,-0.5000000000000004,102.3,3,1,0,74.3
Monument,"Champaner Monuments, Pavagadh",Other Heritage Site,Vadodara,Gujarat,Metro,22.3072,73.1812,Mumbai,2021-22,2021,9,Sep,3,Monsoon,0,27.9,15.1,0.34,4244.0,3.0,4247.0,Medium,-1.0,-1.8369701987210297e-16,102.3,1,1,0,74.3
Monument,"Champaner Monuments, Pavagadh",Other Heritage Site,Vadodara,Gujarat,Metro,22.3072,73.1812,Mumbai,2021-22,2021,10,Oct,4,Autumn,1,28.9,4.7,0.34,5255.0,4.0,5258.0,Medium,-0.8660254037844386,0.5000000000000001,102.3,1,1,1,74.3
Monument,"Champaner Monuments, Pavagadh",Other Heritage Site,Vadodara,Gujarat,Metro,22.3072,73.1812,Mumbai,2021-22,2021,11,Nov,4,Autumn,1,28.2,0.8,0.34,6021.0,4.0,6026.0,Medium,-0.5000000000000004,0.8660254037844384,102.3,1,1,0,74.3
Monument,"Champaner Monuments, Pavagadh",Other Heritage Site,Vadodara,Gujarat,Metro,22.3072,73.1812,Mumbai,2021-22,2021,12,Dec,4,Winter,1,25.9,0.9,0.34,6626.0,5.0,6630.0,Medium,-2.4492935982947064e-16,1.0,102.3,1,1,2,74.3
Monument,"Champaner Monuments, Pavagadh",Other Heritage Site,Vadodara,Gujarat,Metro,22.3072,73.1812,Mumbai,2021-22,2022,1,Jan,1,Winter,1,24.6,0.1,0.34,6175.0,4.0,6179.0,Medium,0.49999999999999994,0.8660254037844387,102.3,2,1,0,78.6
Monument,"Champaner Monuments, Pavagadh",Other Heritage Site,Vadodara,Gujarat,Metro,22.3072,73.1812,Mumbai,2021-22,2022,2,Feb,1,Winter,1,25.7,0.0,0.34,6458.0,5.0,6462.0,Medium,0.8660254037844386,0.5000000000000001,102.3,0,0,0,78.6
Monument,"Champaner Monuments, Pavagadh",Other Heritage Site,Vadodara,Gujarat,Metro,22.3072,73.1812,Mumbai,2021-22,2022,3,Mar,1,Summer,1,27.8,0.3,0.34,5331.0,4.0,5335.0,Medium,1.0,6.123233995736766e-17,102.3,1,1,0,78.6
Monument,"Champaner Monuments, Pavagadh",Other Heritage Site,Vadodara,Gujarat,Metro,22.3072,73.1812,Mumbai,2022-23,2022,4,Apr,2,Summer,0,29.1,0.3,0.34,4320.0,53.0,4373.0,Medium,0.8660254037844387,-0.4999999999999998,102.3,0,0,1,78.6
Monument,"Champaner Monuments, Pavagadh",Other Heritage Site,Vadodara,Gujarat,Metro,22.3072,73.1812,Mumbai,2022-23,2022,5,May,2,Summer,0,30.2,1.6,0.34,4128.0,51.0,4179.0,Medium,0.49999999999999994,-0.8660254037844387,102.3,0,0,3,78.6
Monument,"Champaner Monuments, Pavagadh",Other Heritage Site,Vadodara,Gujarat,Metro,22.3072,73.1812,Mumbai,2022-23,2022,6,Jun,2,Summer,0,29.2,19.8,0.34,4462.0,55.0,4517.0,Medium,1.2246467991473532e-16,-1.0,102.3,0,0,2,78.6
Monument,"Champaner Monuments, Pavagadh",Other Heritage Site,Vadodara,Gujarat,Metro,22.3072,73.1812,Mumbai,2022-23,2022,7,Jul,3,Monsoon,0,28.0,29.3,0.34,5345.0,66.0,5410.0,Medium,-0.4999999999999997,-0.8660254037844388,102.3,0,0,0,78.6
Monument,"Champaner Monuments, Pavagadh",Other Heritage Site,Vadodara,Gujarat,Metro,22.3072,73.1812,Mumbai,2022-23,2022,8,Aug,3,Monsoon,0,27.7,17.0,0.34,4405.0,54.0,4460.0,Medium,-0.8660254037844385,-0.5000000000000004,102.3,3,1,0,78.6
Monument,"Champaner Monuments, Pavagadh",Other Heritage Site,Vadodara,Gujarat,Metro,22.3072,73.1812,Mumbai,2022-23,2022,9,Sep,3,Monsoon,0,27.9,15.1,0.34,4537.0,56.0,4593.0,Medium,-1.0,-1.8369701987210297e-16,102.3,1,1,0,78.6
Monument,"Champaner Monuments, Pavagadh",Other Heritage Site,Vadodara,Gujarat,Metro,22.3072,73.1812,Mumbai,2022-23,2022,10,Oct,4,Autumn,1,28.9,4.7,0.34,5618.0,69.0,5687.0,Medium,-0.8660254037844386,0.5000000000000001,102.3,2,1,1,78.6
Monument,"Champaner Monuments, Pavagadh",Other Heritage Site,Vadodara,Gujarat,Metro,22.3072,73.1812,Mumbai,2022-23,2022,11,Nov,4,Autumn,1,28.2,0.8,0.34,6438.0,79.0,6518.0,Medium,-0.5000000000000004,0.8660254037844384,102.3,0,0,0,78.6
Monument,"Champaner Monuments, Pavagadh",Other Heritage Site,Vadodara,Gujarat,Metro,22.3072,73.1812,Mumbai,2022-23,2022,12,Dec,4,Winter,1,25.9,0.9,0.34,7084.0,87.0,7172.0,Medium,-2.4492935982947064e-16,1.0,102.3,1,1,2,78.6
Monument,"Champaner Monuments, Pavagadh",Other Heritage Site,Vadodara,Gujarat,Metro,22.3072,73.1812,Mumbai,2022-23,2023,1,Jan,1,Winter,1,24.6,0.1,0.34,6602.0,81.0,6683.0,Medium,0.49999999999999994,0.8660254037844387,102.3,2,1,0,82.6
Monument,"Champaner Monuments, Pavagadh",Other Heritage Site,Vadodara,Gujarat,Metro,22.3072,73.1812,Mumbai,2022-23,2023,2,Feb,1,Winter,1,25.7,0.0,0.34,6905.0,85.0,6990.0,Medium,0.8660254037844386,0.5000000000000001,102.3,0,0,0,82.6
Monument,"Champaner Monuments, Pavagadh",Other Heritage Site,Vadodara,Gujarat,Metro,22.3072,73.1812,Mumbai,2022-23,2023,3,Mar,1,Summer,1,27.8,0.3,0.34,5700.0,70.0,5770.0,Medium,1.0,6.123233995736766e-17,102.3,1,1,0,82.6
Monument,Chandragiri Monument,Other Heritage Site,Amaravati,Andhra Pradesh,Metro,16.573,80.3572,Chennai,2021-22,2021,4,Apr,2,Summer,0,30.3,1.4,0.411,5285.0,2.0,5288.0,Medium,0.8660254037844387,-0.4999999999999998,218.1,0,0,1,74.3
Monument,Chandragiri Monument,Other Heritage Site,Amaravati,Andhra Pradesh,Metro,16.573,80.3572,Chennai,2021-22,2021,5,May,2,Summer,0,31.7,3.2,0.411,5051.0,2.0,5053.0,Medium,0.49999999999999994,-0.8660254037844387,218.1,0,0,3,74.3
Monument,Chandragiri Monument,Other Heritage Site,Amaravati,Andhra Pradesh,Metro,16.573,80.3572,Chennai,2021-22,2021,6,Jun,2,Summer,0,31.4,3.6,0.411,5459.0,2.0,5462.0,Medium,1.2246467991473532e-16,-1.0,218.1,0,0,2,74.3
Monument,Chandragiri Monument,Other Heritage Site,Amaravati,Andhra Pradesh,Metro,16.573,80.3572,Chennai,2021-22,2021,7,Jul,3,Monsoon,0,30.3,5.0,0.411,6539.0,3.0,6541.0,Medium,-0.4999999999999997,-0.8660254037844388,218.1,0,0,0,74.3
Monument,Chandragiri Monument,Other Heritage Site,Amaravati,Andhra Pradesh,Metro,16.573,80.3572,Chennai,2021-22,2021,8,Aug,3,Monsoon,0,29.6,6.0,0.411,5390.0,2.0,5392.0,Medium,-0.8660254037844385,-0.5000000000000004,218.1,3,1,0,74.3
Monument,Chandragiri Monument,Other Heritage Site,Amaravati,Andhra Pradesh,Metro,16.573,80.3572,Chennai,2021-22,2021,9,Sep,3,Monsoon,0,29.2,6.0,0.411,5551.0,2.0,5553.0,Medium,-1.0,-1.8369701987210297e-16,218.1,1,1,0,74.3
Monument,Chandragiri Monument,Other Heritage Site,Amaravati,Andhra Pradesh,Metro,16.573,80.3572,Chennai,2021-22,2021,10,Oct,4,Autumn,1,27.9,13.3,0.411,6873.0,3.0,6876.0,Medium,-0.8660254037844386,0.5000000000000001,218.1,1,1,1,74.3
Monument,Chandragiri Monument,Other Heritage Site,Amaravati,Andhra Pradesh,Metro,16.573,80.3572,Chennai,2021-22,2021,11,Nov,4,Autumn,1,26.3,16.4,0.411,7877.0,3.0,7880.0,Medium,-0.5000000000000004,0.8660254037844384,218.1,1,1,0,74.3
Monument,Chandragiri Monument,Other Heritage Site,Amaravati,Andhra Pradesh,Metro,16.573,80.3572,Chennai,2021-22,2021,12,Dec,4,Winter,1,25.3,8.7,0.411,8667.0,4.0,8671.0,Medium,-2.4492935982947064e-16,1.0,218.1,1,1,2,74.3
Monument,Chandragiri Monument,Other Heritage Site,Amaravati,Andhra Pradesh,Metro,16.573,80.3572,Chennai,2021-22,2022,1,Jan,1,Winter,1,25.0,1.3,0.411,8077.0,3.0,8080.0,Medium,0.49999999999999994,0.8660254037844387,218.1,2,1,0,78.6
Monument,Chandragiri Monument,Other Heritage Site,Amaravati,Andhra Pradesh,Metro,16.573,80.3572,Chennai,2021-22,2022,2,Feb,1,Winter,1,26.2,0.9,0.411,8447.0,3.0,8451.0,Medium,0.8660254037844386,0.5000000000000001,218.1,0,0,0,78.6
Monument,Chandragiri Monument,Other Heritage Site,Amaravati,Andhra Pradesh,Metro,16.573,80.3572,Chennai,2021-22,2022,3,Mar,1,Summer,1,28.3,0.9,0.411,6974.0,3.0,6976.0,Medium,1.0,6.123233995736766e-17,218.1,1,1,0,78.6
Monument,Chandragiri Monument,Other Heritage Site,Amaravati,Andhra Pradesh,Metro,16.573,80.3572,Chennai,2022-23,2022,4,Apr,2,Summer,0,30.3,1.4,0.411,7624.0,5.0,7630.0,Medium,0.8660254037844387,-0.4999999999999998,218.1,0,0,1,78.6
Monument,Chandragiri Monument,Other Heritage Site,Amaravati,Andhra Pradesh,Metro,16.573,80.3572,Chennai,2022-23,2022,5,May,2,Summer,0,31.7,3.2,0.411,7286.0,5.0,7291.0,Medium,0.49999999999999994,-0.8660254037844387,218.1,0,0,3,78.6
Monument,Chandragiri Monument,Other Heritage Site,Amaravati,Andhra Pradesh,Metro,16.573,80.3572,Chennai,2022-23,2022,6,Jun,2,Summer,0,31.4,3.6,0.411,7875.0,5.0,7881.0,Medium,1.2246467991473532e-16,-1.0,218.1,0,0,2,78.6
Monument,Chandragiri Monument,Other Heritage Site,Amaravati,Andhra Pradesh,Metro,16.573,80.3572,Chennai,2022-23,2022,7,Jul,3,Monsoon,0,30.3,5.0,0.411,9432.0,7.0,9439.0,Medium,-0.4999999999999997,-0.8660254037844388,218.1,0,0,0,78.6
Monument,Chandragiri Monument,Other Heritage Site,Amaravati,Andhra Pradesh,Metro,16.573,80.3572,Chennai,2022-23,2022,8,Aug,3,Monsoon,0,29.6,6.0,0.411,7775.0,5.0,7780.0,Medium,-0.8660254037844385,-0.5000000000000004,218.1,3,1,0,78.6
Monument,Chandragiri Monument,Other Heritage Site,Amaravati,Andhra Pradesh,Metro,16.573,80.3572,Chennai,2022-23,2022,9,Sep,3,Monsoon,0,29.2,6.0,0.411,8008.0,6.0,8013.0,Medium,-1.0,-1.8369701987210297e-16,218.1,1,1,0,78.6
Monument,Chandragiri Monument,Other Heritage Site,Amaravati,Andhra Pradesh,Metro,16.573,80.3572,Chennai,2022-23,2022,10,Oct,4,Autumn,1,27.9,13.3,0.411,9915.0,7.0,9922.0,Medium,-0.8660254037844386,0.5000000000000001,218.1,2,1,1,78.6
Monument,Chandragiri Monument,Other Heritage Site,Amaravati,Andhra Pradesh,Metro,16.573,80.3572,Chennai,2022-23,2022,11,Nov,4,Autumn,1,26.3,16.4,0.411,11362.0,8.0,11370.0,Medium,-0.5000000000000004,0.8660254037844384,218.1,0,0,0,78.6
Monument,Chandragiri Monument,Other Heritage Site,Amaravati,Andhra Pradesh,Metro,16.573,80.3572,Chennai,2022-23,2022,12,Dec,4,Winter,1,25.3,8.7,0.411,12503.0,9.0,12511.0,Medium,-2.4492935982947064e-16,1.0,218.1,1,1,2,78.6
Monument,Chandragiri Monument,Other Heritage Site,Amaravati,Andhra Pradesh,Metro,16.573,80.3572,Chennai,2022-23,2023,1,Jan,1,Winter,1,25.0,1.3,0.411,11651.0,8.0,11660.0,Medium,0.49999999999999994,0.8660254037844387,218.1,2,1,0,82.6
Monument,Chandragiri Monument,Other Heritage Site,Amaravati,Andhra Pradesh,Metro,16.573,80.3572,Chennai,2022-23,2023,2,Feb,1,Winter,1,26.2,0.9,0.411,12185.0,8.0,12194.0,Medium,0.8660254037844386,0.5000000000000001,218.1,0,0,0,82.6
Monument,Chandragiri Monument,Other Heritage Site,Amaravati,Andhra Pradesh,Metro,16.573,80.3572,Chennai,2022-23,2023,3,Mar,1,Summer,1,28.3,0.9,0.411,10060.0,7.0,10067.0,Medium,1.0,6.123233995736766e-17,218.1,1,1,0,82.6
Monument,Charminar,Minaret/Tower,Hyderabad,Telangana,Metro,17.385,78.4867,Bangalore,2021-22,2021,4,Apr,2,Summer,0,27.4,4.6,0.801,29037.0,43.0,29080.0,High,0.8660254037844387,-0.4999999999999998,17.2,0,0,1,74.3
Monument,Charminar,Minaret/Tower,Hyderabad,Telangana,Metro,17.385,78.4867,Bangalore,2021-22,2021,5,May,2,Summer,0,26.4,5.8,0.801,27747.0,41.0,27788.0,High,0.49999999999999994,-0.8660254037844387,17.2,0,0,3,74.3
Monument,Charminar,Minaret/Tower,Hyderabad,Telangana,Metro,17.385,78.4867,Bangalore,2021-22,2021,6,Jun,2,Summer,0,24.3,4.2,0.801,29993.0,44.0,30037.0,High,1.2246467991473532e-16,-1.0,17.2,0,0,2,74.3
Monument,Charminar,Minaret/Tower,Hyderabad,Telangana,Metro,17.385,78.4867,Bangalore,2021-22,2021,7,Jul,3,Monsoon,0,23.3,4.8,0.801,35922.0,53.0,35975.0,High,-0.4999999999999997,-0.8660254037844388,17.2,0,0,0,74.3
Monument,Charminar,Minaret/Tower,Hyderabad,Telangana,Metro,17.385,78.4867,Bangalore,2021-22,2021,8,Aug,3,Monsoon,0,23.1,5.7,0.801,29610.0,44.0,29653.0,High,-0.8660254037844385,-0.5000000000000004,17.2,3,1,0,74.3
Monument,Charminar,Minaret/Tower,Hyderabad,Telangana,Metro,17.385,78.4867,Bangalore,2021-22,2021,9,Sep,3,Monsoon,0,23.6,8.0,0.801,30496.0,45.0,30541.0,High,-1.0,-1.8369701987210297e-16,17.2,1,1,0,74.3
Monument,Charminar,Minaret/Tower,Hyderabad,Telangana,Metro,17.385,78.4867,Bangalore,2021-22,2021,10,Oct,4,Autumn,1,23.2,8.0,0.801,37761.0,56.0,37817.0,High,-0.8660254037844386,0.5000000000000001,17.2,1,1,1,74.3
Monument,Charminar,Minaret/Tower,Hyderabad,Telangana,Metro,17.385,78.4867,Bangalore,2021-22,2021,11,Nov,4,Autumn,1,22.1,3.7,0.801,43273.0,64.0,43337.0,High,-0.5000000000000004,0.8660254037844384,17.2,1,1,0,74.3
Monument,Charminar,Minaret/Tower,Hyderabad,Telangana,Metro,17.385,78.4867,Bangalore,2021-22,2021,12,Dec,4,Winter,1,21.0,1.2,0.801,47616.0,70.0,47686.0,High,-2.4492935982947064e-16,1.0,17.2,1,1,2,74.3
Monument,Charminar,Minaret/Tower,Hyderabad,Telangana,Metro,17.385,78.4867,Bangalore,2021-22,2022,1,Jan,1,Winter,1,21.5,0.1,0.801,44374.0,65.0,44440.0,High,0.49999999999999994,0.8660254037844387,17.2,2,1,0,78.6
Monument,Charminar,Minaret/Tower,Hyderabad,Telangana,Metro,17.385,78.4867,Bangalore,2021-22,2022,2,Feb,1,Winter,1,23.7,0.4,0.801,46408.0,68.0,46476.0,High,0.8660254037844386,0.5000000000000001,17.2,0,0,0,78.6
Monument,Charminar,Minaret/Tower,Hyderabad,Telangana,Metro,17.385,78.4867,Bangalore,2021-22,2022,3,Mar,1,Summer,1,26.4,1.2,0.801,38312.0,56.0,38369.0,High,1.0,6.123233995736766e-17,17.2,1,1,0,78.6
Monument,Charminar,Minaret/Tower,Hyderabad,Telangana,Metro,17.385,78.4867,Bangalore,2022-23,2022,4,Apr,2,Summer,0,27.4,4.6,0.801,61219.0,395.0,61614.0,High,0.8660254037844387,-0.4999999999999998,17.2,0,0,1,78.6
Monument,Charminar,Minaret/Tower,Hyderabad,Telangana,Metro,17.385,78.4867,Bangalore,2022-23,2022,5,May,2,Summer,0,26.4,5.8,0.801,58499.0,377.0,58876.0,High,0.49999999999999994,-0.8660254037844387,17.2,0,0,3,78.6
Monument,Charminar,Minaret/Tower,Hyderabad,Telangana,Metro,17.385,78.4867,Bangalore,2022-23,2022,6,Jun,2,Summer,0,24.3,4.2,0.801,63233.0,408.0,63641.0,High,1.2246467991473532e-16,-1.0,17.2,0,0,2,78.6
Monument,Charminar,Minaret/Tower,Hyderabad,Telangana,Metro,17.385,78.4867,Bangalore,2022-23,2022,7,Jul,3,Monsoon,0,23.3,4.8,0.801,75734.0,488.0,76222.0,High,-0.4999999999999997,-0.8660254037844388,17.2,0,0,0,78.6
Monument,Charminar,Minaret/Tower,Hyderabad,Telangana,Metro,17.385,78.4867,Bangalore,2022-23,2022,8,Aug,3,Monsoon,0,23.1,5.7,0.801,62426.0,402.0,62828.0,High,-0.8660254037844385,-0.5000000000000004,17.2,3,1,0,78.6
Monument,Charminar,Minaret/Tower,Hyderabad,Telangana,Metro,17.385,78.4867,Bangalore,2022-23,2022,9,Sep,3,Monsoon,0,23.6,8.0,0.801,64296.0,414.0,64710.0,High,-1.0,-1.8369701987210297e-16,17.2,1,1,0,78.6
Monument,Charminar,Minaret/Tower,Hyderabad,Telangana,Metro,17.385,78.4867,Bangalore,2022-23,2022,10,Oct,4,Autumn,1,23.2,8.0,0.801,79612.0,513.0,80125.0,High,-0.8660254037844386,0.5000000000000001,17.2,2,1,1,78.6
Monument,Charminar,Minaret/Tower,Hyderabad,Telangana,Metro,17.385,78.4867,Bangalore,2022-23,2022,11,Nov,4,Autumn,1,22.1,3.7,0.801,91232.0,588.0,91820.0,High,-0.5000000000000004,0.8660254037844384,17.2,0,0,0,78.6
Monument,Charminar,Minaret/Tower,Hyderabad,Telangana,Metro,17.385,78.4867,Bangalore,2022-23,2022,12,Dec,4,Winter,1,21.0,1.2,0.801,100388.0,647.0,101035.0,High,-2.4492935982947064e-16,1.0,17.2,1,1,2,78.6
Monument,Charminar,Minaret/Tower,Hyderabad,Telangana,Metro,17.385,78.4867,Bangalore,2022-23,2023,1,Jan,1,Winter,1,21.5,0.1,0.801,93554.0,603.0,94157.0,High,0.49999999999999994,0.8660254037844387,17.2,2,1,0,82.6
Monument,Charminar,Minaret/Tower,Hyderabad,Telangana,Metro,17.385,78.4867,Bangalore,2022-23,2023,2,Feb,1,Winter,1,23.7,0.4,0.801,97841.0,631.0,98472.0,High,0.8660254037844386,0.5000000000000001,17.2,0,0,0,82.6
Monument,Charminar,Minaret/Tower,Hyderabad,Telangana,Metro,17.385,78.4867,Bangalore,2022-23,2023,3,Mar,1,Summer,1,26.4,1.2,0.801,80774.0,521.0,81294.0,High,1.0,6.123233995736766e-17,17.2,1,1,0,82.6
Monument,Chittaurgarh Fort,Fort,Jodhpur,Rajasthan,Tier-3/Other,26.2389,73.0243,Jodhpur,2021-22,2021,4,Apr,2,Summer,0,27.4,4.6,0.809,38913.0,19.0,38932.0,High,0.8660254037844387,-0.4999999999999998,284.9,0,0,1,74.3
Monument,Chittaurgarh Fort,Fort,Jodhpur,Rajasthan,Tier-3/Other,26.2389,73.0243,Jodhpur,2021-22,2021,5,May,2,Summer,0,26.4,5.8,0.809,37184.0,18.0,37202.0,High,0.49999999999999994,-0.8660254037844387,284.9,0,0,3,74.3
Monument,Chittaurgarh Fort,Fort,Jodhpur,Rajasthan,Tier-3/Other,26.2389,73.0243,Jodhpur,2021-22,2021,6,Jun,2,Summer,0,24.3,4.2,0.809,40194.0,20.0,40213.0,High,1.2246467991473532e-16,-1.0,284.9,0,0,2,74.3
Monument,Chittaurgarh Fort,Fort,Jodhpur,Rajasthan,Tier-3/Other,26.2389,73.0243,Jodhpur,2021-22,2021,7,Jul,3,Monsoon,0,23.3,4.8,0.809,48140.0,23.0,48163.0,High,-0.4999999999999997,-0.8660254037844388,284.9,0,0,0,74.3
Monument,Chittaurgarh Fort,Fort,Jodhpur,Rajasthan,Tier-3/Other,26.2389,73.0243,Jodhpur,2021-22,2021,8,Aug,3,Monsoon,0,23.1,5.7,0.809,39681.0,19.0,39700.0,High,-0.8660254037844385,-0.5000000000000004,284.9,3,1,0,74.3
Monument,Chittaurgarh Fort,Fort,Jodhpur,Rajasthan,Tier-3/Other,26.2389,73.0243,Jodhpur,2021-22,2021,9,Sep,3,Monsoon,0,23.6,8.0,0.809,40869.0,20.0,40889.0,High,-1.0,-1.8369701987210297e-16,284.9,1,1,0,74.3
Monument,Chittaurgarh Fort,Fort,Jodhpur,Rajasthan,Tier-3/Other,26.2389,73.0243,Jodhpur,2021-22,2021,10,Oct,4,Autumn,1,23.2,8.0,0.809,50605.0,25.0,50629.0,High,-0.8660254037844386,0.5000000000000001,284.9,1,1,1,74.3
Monument,Chittaurgarh Fort,Fort,Jodhpur,Rajasthan,Tier-3/Other,26.2389,73.0243,Jodhpur,2021-22,2021,11,Nov,4,Autumn,1,22.1,3.7,0.809,57991.0,28.0,58019.0,High,-0.5000000000000004,0.8660254037844384,284.9,1,1,0,74.3
Monument,Chittaurgarh Fort,Fort,Jodhpur,Rajasthan,Tier-3/Other,26.2389,73.0243,Jodhpur,2021-22,2021,12,Dec,4,Winter,1,21.0,1.2,0.809,63811.0,31.0,63842.0,High,-2.4492935982947064e-16,1.0,284.9,1,1,2,74.3
Monument,Chittaurgarh Fort,Fort,Jodhpur,Rajasthan,Tier-3/Other,26.2389,73.0243,Jodhpur,2021-22,2022,1,Jan,1,Winter,1,21.5,0.1,0.809,59467.0,29.0,59496.0,High,0.49999999999999994,0.8660254037844387,284.9,2,1,0,78.6
Monument,Chittaurgarh Fort,Fort,Jodhpur,Rajasthan,Tier-3/Other,26.2389,73.0243,Jodhpur,2021-22,2022,2,Feb,1,Winter,1,23.7,0.4,0.809,62192.0,30.0,62222.0,High,0.8660254037844386,0.5000000000000001,284.9,0,0,0,78.6
Monument,Chittaurgarh Fort,Fort,Jodhpur,Rajasthan,Tier-3/Other,26.2389,73.0243,Jodhpur,2021-22,2022,3,Mar,1,Summer,1,26.4,1.2,0.809,51343.0,25.0,51368.0,High,1.0,6.123233995736766e-17,284.9,1,1,0,78.6
Monument,Chittaurgarh Fort,Fort,Jodhpur,Rajasthan,Tier-3/Other,26.2389,73.0243,Jodhpur,2022-23,2022,4,Apr,2,Summer,0,27.4,4.6,0.809,52914.0,472.0,53386.0,High,0.8660254037844387,-0.4999999999999998,284.9,0,0,1,78.6
Monument,Chittaurgarh Fort,Fort,Jodhpur,Rajasthan,Tier-3/Other,26.2389,73.0243,Jodhpur,2022-23,2022,5,May,2,Summer,0,26.4,5.8,0.809,50563.0,451.0,51014.0,High,0.49999999999999994,-0.8660254037844387,284.9,0,0,3,78.6
Monument,Chittaurgarh Fort,Fort,Jodhpur,Rajasthan,Tier-3/Other,26.2389,73.0243,Jodhpur,2022-23,2022,6,Jun,2,Summer,0,24.3,4.2,0.809,54655.0,487.0,55142.0,High,1.2246467991473532e-16,-1.0,284.9,0,0,2,78.6
Monument,Chittaurgarh Fort,Fort,Jodhpur,Rajasthan,Tier-3/Other,26.2389,73.0243,Jodhpur,2022-23,2022,7,Jul,3,Monsoon,0,23.3,4.8,0.809,65460.0,583.0,66043.0,High,-0.4999999999999997,-0.8660254037844388,284.9,0,0,0,78.6
Monument,Chittaurgarh Fort,Fort,Jodhpur,Rajasthan,Tier-3/Other,26.2389,73.0243,Jodhpur,2022-23,2022,8,Aug,3,Monsoon,0,23.1,5.7,0.809,53957.0,481.0,54438.0,High,-0.8660254037844385,-0.5000000000000004,284.9,3,1,0,78.6
Monument,Chittaurgarh Fort,Fort,Jodhpur,Rajasthan,Tier-3/Other,26.2389,73.0243,Jodhpur,2022-23,2022,9,Sep,3,Monsoon,0,23.6,8.0,0.809,55573.0,495.0,56069.0,High,-1.0,-1.8369701987210297e-16,284.9,1,1,0,78.6
Monument,Chittaurgarh Fort,Fort,Jodhpur,Rajasthan,Tier-3/Other,26.2389,73.0243,Jodhpur,2022-23,2022,10,Oct,4,Autumn,1,23.2,8.0,0.809,68812.0,613.0,69425.0,High,-0.8660254037844386,0.5000000000000001,284.9,2,1,1,78.6
Monument,Chittaurgarh Fort,Fort,Jodhpur,Rajasthan,Tier-3/Other,26.2389,73.0243,Jodhpur,2022-23,2022,11,Nov,4,Autumn,1,22.1,3.7,0.809,78856.0,703.0,79559.0,High,-0.5000000000000004,0.8660254037844384,284.9,0,0,0,78.6
Monument,Chittaurgarh Fort,Fort,Jodhpur,Rajasthan,Tier-3/Other,26.2389,73.0243,Jodhpur,2022-23,2022,12,Dec,4,Winter,1,21.0,1.2,0.809,86770.0,773.0,87543.0,High,-2.4492935982947064e-16,1.0,284.9,1,1,2,78.6
Monument,Chittaurgarh Fort,Fort,Jodhpur,Rajasthan,Tier-3/Other,26.2389,73.0243,Jodhpur,2022-23,2023,1,Jan,1,Winter,1,21.5,0.1,0.809,80863.0,721.0,81584.0,High,0.49999999999999994,0.8660254037844387,284.9,2,1,0,82.6
Monument,Chittaurgarh Fort,Fort,Jodhpur,Rajasthan,Tier-3/Other,26.2389,73.0243,Jodhpur,2022-23,2023,2,Feb,1,Winter,1,23.7,0.4,0.809,84568.0,754.0,85322.0,High,0.8660254037844386,0.5000000000000001,284.9,0,0,0,82.6
Monument,Chittaurgarh Fort,Fort,Jodhpur,Rajasthan,Tier-3/Other,26.2389,73.0243,Jodhpur,2022-23,2023,3,Mar,1,Summer,1,26.4,1.2,0.809,69816.0,622.0,70438.0,High,1.0,6.123233995736766e-17,284.9,1,1,0,82.6
Monument,Dariya Daulath Bagh,Garden,Bangalore,Karnataka,Metro,12.9716,77.5946,Bangalore,2021-22,2021,4,Apr,2,Summer,0,27.4,4.6,0.652,9421.0,59.0,9480.0,Medium,0.8660254037844387,-0.4999999999999998,28.0,0,0,1,74.3
Monument,Dariya Daulath Bagh,Garden,Bangalore,Karnataka,Metro,12.9716,77.5946,Bangalore,2021-22,2021,5,May,2,Summer,0,26.4,5.8,0.652,9002.0,56.0,9059.0,Medium,0.49999999999999994,-0.8660254037844387,28.0,0,0,3,74.3
Monument,Dariya Daulath Bagh,Garden,Bangalore,Karnataka,Metro,12.9716,77.5946,Bangalore,2021-22,2021,6,Jun,2,Summer,0,24.3,4.2,0.652,9731.0,61.0,9792.0,Medium,1.2246467991473532e-16,-1.0,28.0,0,0,2,74.3
Monument,Dariya Daulath Bagh,Garden,Bangalore,Karnataka,Metro,12.9716,77.5946,Bangalore,2021-22,2021,7,Jul,3,Monsoon,0,23.3,4.8,0.652,11655.0,73.0,11727.0,Medium,-0.4999999999999997,-0.8660254037844388,28.0,0,0,0,74.3
Monument,Dariya Daulath Bagh,Garden,Bangalore,Karnataka,Metro,12.9716,77.5946,Bangalore,2021-22,2021,8,Aug,3,Monsoon,0,23.1,5.7,0.652,9607.0,60.0,9667.0,Medium,-0.8660254037844385,-0.5000000000000004,28.0,3,1,0,74.3
Monument,Dariya Daulath Bagh,Garden,Bangalore,Karnataka,Metro,12.9716,77.5946,Bangalore,2021-22,2021,9,Sep,3,Monsoon,0,23.6,8.0,0.652,9894.0,62.0,9956.0,Medium,-1.0,-1.8369701987210297e-16,28.0,1,1,0,74.3
Monument,Dariya Daulath Bagh,Garden,Bangalore,Karnataka,Metro,12.9716,77.5946,Bangalore,2021-22,2021,10,Oct,4,Autumn,1,23.2,8.0,0.652,12252.0,76.0,12328.0,Medium,-0.8660254037844386,0.5000000000000001,28.0,1,1,1,74.3
Monument,Dariya Daulath Bagh,Garden,Bangalore,Karnataka,Metro,12.9716,77.5946,Bangalore,2021-22,2021,11,Nov,4,Autumn,1,22.1,3.7,0.652,14040.0,88.0,14127.0,Medium,-0.5000000000000004,0.8660254037844384,28.0,1,1,0,74.3
Monument,Dariya Daulath Bagh,Garden,Bangalore,Karnataka,Metro,12.9716,77.5946,Bangalore,2021-22,2021,12,Dec,4,Winter,1,21.0,1.2,0.652,15449.0,96.0,15545.0,Medium,-2.4492935982947064e-16,1.0,28.0,1,1,2,74.3
Monument,Dariya Daulath Bagh,Garden,Bangalore,Karnataka,Metro,12.9716,77.5946,Bangalore,2021-22,2022,1,Jan,1,Winter,1,21.5,0.1,0.652,14397.0,90.0,14487.0,Medium,0.49999999999999994,0.8660254037844387,28.0,2,1,0,78.6
Monument,Dariya Daulath Bagh,Garden,Bangalore,Karnataka,Metro,12.9716,77.5946,Bangalore,2021-22,2022,2,Feb,1,Winter,1,23.7,0.4,0.652,15057.0,94.0,15151.0,Medium,0.8660254037844386,0.5000000000000001,28.0,0,0,0,78.6
Monument,Dariya Daulath Bagh,Garden,Bangalore,Karnataka,Metro,12.9716,77.5946,Bangalore,2021-22,2022,3,Mar,1,Summer,1,26.4,1.2,0.652,12430.0,77.0,12508.0,Medium,1.0,6.123233995736766e-17,28.0,1,1,0,78.6
Monument,Dariya Daulath Bagh,Garden,Bangalore,Karnataka,Metro,12.9716,77.5946,Bangalore,2022-23,2022,4,Apr,2,Summer,0,27.4,4.6,0.652,28787.0,568.0,29355.0,High,0.8660254037844387,-0.4999999999999998,28.0,0,0,1,78.6
Monument,Dariya Daulath Bagh,Garden,Bangalore,Karnataka,Metro,12.9716,77.5946,Bangalore,2022-23,2022,5,May,2,Summer,0,26.4,5.8,0.652,27508.0,543.0,28051.0,High,0.49999999999999994,-0.8660254037844387,28.0,0,0,3,78.6
Monument,Dariya Daulath Bagh,Garden,Bangalore,Karnataka,Metro,12.9716,77.5946,Bangalore,2022-23,2022,6,Jun,2,Summer,0,24.3,4.2,0.652,29735.0,586.0,30321.0,High,1.2246467991473532e-16,-1.0,28.0,0,0,2,78.6
Monument,Dariya Daulath Bagh,Garden,Bangalore,Karnataka,Metro,12.9716,77.5946,Bangalore,2022-23,2022,7,Jul,3,Monsoon,0,23.3,4.8,0.652,35613.0,702.0,36315.0,High,-0.4999999999999997,-0.8660254037844388,28.0,0,0,0,78.6
Monument,Dariya Daulath Bagh,Garden,Bangalore,Karnataka,Metro,12.9716,77.5946,Bangalore,2022-23,2022,8,Aug,3,Monsoon,0,23.1,5.7,0.652,29355.0,579.0,29934.0,High,-0.8660254037844385,-0.5000000000000004,28.0,3,1,0,78.6
Monument,Dariya Daulath Bagh,Garden,Bangalore,Karnataka,Metro,12.9716,77.5946,Bangalore,2022-23,2022,9,Sep,3,Monsoon,0,23.6,8.0,0.652,30234.0,596.0,30830.0,High,-1.0,-1.8369701987210297e-16,28.0,1,1,0,78.6
Monument,Dariya Daulath Bagh,Garden,Bangalore,Karnataka,Metro,12.9716,77.5946,Bangalore,2022-23,2022,10,Oct,4,Autumn,1,23.2,8.0,0.652,37436.0,738.0,38175.0,High,-0.8660254037844386,0.5000000000000001,28.0,2,1,1,78.6
Monument,Dariya Daulath Bagh,Garden,Bangalore,Karnataka,Metro,12.9716,77.5946,Bangalore,2022-23,2022,11,Nov,4,Autumn,1,22.1,3.7,0.652,42901.0,846.0,43747.0,High,-0.5000000000000004,0.8660254037844384,28.0,0,0,0,78.6
Monument,Dariya Daulath Bagh,Garden,Bangalore,Karnataka,Metro,12.9716,77.5946,Bangalore,2022-23,2022,12,Dec,4,Winter,1,21.0,1.2,0.652,47206.0,931.0,48137.0,High,-2.4492935982947064e-16,1.0,28.0,1,1,2,78.6
Monument,Dariya Daulath Bagh,Garden,Bangalore,Karnataka,Metro,12.9716,77.5946,Bangalore,2022-23,2023,1,Jan,1,Winter,1,21.5,0.1,0.652,43993.0,868.0,44860.0,High,0.49999999999999994,0.8660254037844387,28.0,2,1,0,82.6
Monument,Dariya Daulath Bagh,Garden,Bangalore,Karnataka,Metro,12.9716,77.5946,Bangalore,2022-23,2023,2,Feb,1,Winter,1,23.7,0.4,0.652,46008.0,907.0,46916.0,High,0.8660254037844386,0.5000000000000001,28.0,0,0,0,82.6
Monument,Dariya Daulath Bagh,Garden,Bangalore,Karnataka,Metro,12.9716,77.5946,Bangalore,2022-23,2023,3,Mar,1,Summer,1,26.4,1.2,0.652,37983.0,749.0,38732.0,High,1.0,6.123233995736766e-17,28.0,1,1,0,82.6
Monument,Daulatabad Fort,Fort,Aurangabad,Maharashtra,Metro,19.8762,75.3433,Mumbai,2021-22,2021,4,Apr,2,Summer,0,29.1,0.3,0.745,13501.0,17.0,13518.0,Medium,0.8660254037844387,-0.4999999999999998,274.1,0,0,1,74.3
Monument,Daulatabad Fort,Fort,Aurangabad,Maharashtra,Metro,19.8762,75.3433,Mumbai,2021-22,2021,5,May,2,Summer,0,30.2,1.6,0.745,12901.0,17.0,12918.0,Medium,0.49999999999999994,-0.8660254037844387,274.1,0,0,3,74.3
Monument,Daulatabad Fort,Fort,Aurangabad,Maharashtra,Metro,19.8762,75.3433,Mumbai,2021-22,2021,6,Jun,2,Summer,0,29.2,19.8,0.745,13945.0,18.0,13963.0,Medium,1.2246467991473532e-16,-1.0,274.1,0,0,2,74.3
Monument,Daulatabad Fort,Fort,Aurangabad,Maharashtra,Metro,19.8762,75.3433,Mumbai,2021-22,2021,7,Jul,3,Monsoon,0,28.0,29.3,0.745,16702.0,22.0,16723.0,Medium,-0.4999999999999997,-0.8660254037844388,274.1,0,0,0,74.3
Monument,Daulatabad Fort,Fort,Aurangabad,Maharashtra,Metro,19.8762,75.3433,Mumbai,2021-22,2021,8,Aug,3,Monsoon,0,27.7,17.0,0.745,13767.0,18.0,13785.0,Medium,-0.8660254037844385,-0.5000000000000004,274.1,3,1,0,74.3
Monument,Daulatabad Fort,Fort,Aurangabad,Maharashtra,Metro,19.8762,75.3433,Mumbai,2021-22,2021,9,Sep,3,Monsoon,0,27.9,15.1,0.745,14179.0,18.0,14198.0,Medium,-1.0,-1.8369701987210297e-16,274.1,1,1,0,74.3
Monument,Daulatabad Fort,Fort,Aurangabad,Maharashtra,Metro,19.8762,75.3433,Mumbai,2021-22,2021,10,Oct,4,Autumn,1,28.9,4.7,0.745,17557.0,23.0,17580.0,High,-0.8660254037844386,0.5000000000000001,274.1,1,1,1,74.3
Monument,Daulatabad Fort,Fort,Aurangabad,Maharashtra,Metro,19.8762,75.3433,Mumbai,2021-22,2021,11,Nov,4,Autumn,1,28.2,0.8,0.745,20120.0,26.0,20146.0,High,-0.5000000000000004,0.8660254037844384,274.1,1,1,0,74.3
Monument,Daulatabad Fort,Fort,Aurangabad,Maharashtra,Metro,19.8762,75.3433,Mumbai,2021-22,2021,12,Dec,4,Winter,1,25.9,0.9,0.745,22139.0,29.0,22168.0,High,-2.4492935982947064e-16,1.0,274.1,1,1,2,74.3
Monument,Daulatabad Fort,Fort,Aurangabad,Maharashtra,Metro,19.8762,75.3433,Mumbai,2021-22,2022,1,Jan,1,Winter,1,24.6,0.1,0.745,20632.0,27.0,20659.0,High,0.49999999999999994,0.8660254037844387,274.1,2,1,0,78.6
Monument,Daulatabad Fort,Fort,Aurangabad,Maharashtra,Metro,19.8762,75.3433,Mumbai,2021-22,2022,2,Feb,1,Winter,1,25.7,0.0,0.745,21577.0,28.0,21605.0,High,0.8660254037844386,0.5000000000000001,274.1,0,0,0,78.6
Monument,Daulatabad Fort,Fort,Aurangabad,Maharashtra,Metro,19.8762,75.3433,Mumbai,2021-22,2022,3,Mar,1,Summer,1,27.8,0.3,0.745,17813.0,23.0,17836.0,High,1.0,6.123233995736766e-17,274.1,1,1,0,78.6
Monument,Daulatabad Fort,Fort,Aurangabad,Maharashtra,Metro,19.8762,75.3433,Mumbai,2022-23,2022,4,Apr,2,Summer,0,29.1,0.3,0.745,34020.0,169.0,34189.0,High,0.8660254037844387,-0.4999999999999998,274.1,0,0,1,78.6
Monument,Daulatabad Fort,Fort,Aurangabad,Maharashtra,Metro,19.8762,75.3433,Mumbai,2022-23,2022,5,May,2,Summer,0,30.2,1.6,0.745,32508.0,162.0,32670.0,High,0.49999999999999994,-0.8660254037844387,274.1,0,0,3,78.6
Monument,Daulatabad Fort,Fort,Aurangabad,Maharashtra,Metro,19.8762,75.3433,Mumbai,2022-23,2022,6,Jun,2,Summer,0,29.2,19.8,0.745,35139.0,175.0,35314.0,High,1.2246467991473532e-16,-1.0,274.1,0,0,2,78.6
Monument,Daulatabad Fort,Fort,Aurangabad,Maharashtra,Metro,19.8762,75.3433,Mumbai,2022-23,2022,7,Jul,3,Monsoon,0,28.0,29.3,0.745,42086.0,209.0,42295.0,High,-0.4999999999999997,-0.8660254037844388,274.1,0,0,0,78.6
Monument,Daulatabad Fort,Fort,Aurangabad,Maharashtra,Metro,19.8762,75.3433,Mumbai,2022-23,2022,8,Aug,3,Monsoon,0,27.7,17.0,0.745,34691.0,172.0,34863.0,High,-0.8660254037844385,-0.5000000000000004,274.1,3,1,0,78.6
Monument,Daulatabad Fort,Fort,Aurangabad,Maharashtra,Metro,19.8762,75.3433,Mumbai,2022-23,2022,9,Sep,3,Monsoon,0,27.9,15.1,0.745,35729.0,178.0,35907.0,High,-1.0,-1.8369701987210297e-16,274.1,1,1,0,78.6
Monument,Daulatabad Fort,Fort,Aurangabad,Maharashtra,Metro,19.8762,75.3433,Mumbai,2022-23,2022,10,Oct,4,Autumn,1,28.9,4.7,0.745,44241.0,220.0,44461.0,High,-0.8660254037844386,0.5000000000000001,274.1,2,1,1,78.6
Monument,Daulatabad Fort,Fort,Aurangabad,Maharashtra,Metro,19.8762,75.3433,Mumbai,2022-23,2022,11,Nov,4,Autumn,1,28.2,0.8,0.745,50698.0,252.0,50950.0,High,-0.5000000000000004,0.8660254037844384,274.1,0,0,0,78.6
Monument,Daulatabad Fort,Fort,Aurangabad,Maharashtra,Metro,19.8762,75.3433,Mumbai,2022-23,2022,12,Dec,4,Winter,1,25.9,0.9,0.745,55786.0,277.0,56063.0,High,-2.4492935982947064e-16,1.0,274.1,1,1,2,78.6
Monument,Daulatabad Fort,Fort,Aurangabad,Maharashtra,Metro,19.8762,75.3433,Mumbai,2022-23,2023,1,Jan,1,Winter,1,24.6,0.1,0.745,51989.0,258.0,52247.0,High,0.49999999999999994,0.8660254037844387,274.1,2,1,0,82.6
Monument,Daulatabad Fort,Fort,Aurangabad,Maharashtra,Metro,19.8762,75.3433,Mumbai,2022-23,2023,2,Feb,1,Winter,1,25.7,0.0,0.745,54371.0,270.0,54641.0,High,0.8660254037844386,0.5000000000000001,274.1,0,0,0,82.6
Monument,Daulatabad Fort,Fort,Aurangabad,Maharashtra,Metro,19.8762,75.3433,Mumbai,2022-23,2023,3,Mar,1,Summer,1,27.8,0.3,0.745,44886.0,223.0,45109.0,High,1.0,6.123233995736766e-17,274.1,1,1,0,82.6
Monument,Deeg Bhawan,Other Heritage Site,Jaipur,Rajasthan,Metro,26.9124,75.7873,Delhi,2021-22,2021,4,Apr,2,Summer,0,29.3,0.6,0.213,2175.0,2.0,2177.0,Low,0.8660254037844387,-0.4999999999999998,10.1,0,0,1,74.3
Monument,Deeg Bhawan,Other Heritage Site,Jaipur,Rajasthan,Metro,26.9124,75.7873,Delhi,2021-22,2021,5,May,2,Summer,0,32.8,2.1,0.213,2079.0,2.0,2080.0,Low,0.49999999999999994,-0.8660254037844387,10.1,0,0,3,74.3
Monument,Deeg Bhawan,Other Heritage Site,Jaipur,Rajasthan,Metro,26.9124,75.7873,Delhi,2021-22,2021,6,Jun,2,Summer,0,33.3,3.7,0.213,2247.0,2.0,2249.0,Low,1.2246467991473532e-16,-1.0,10.1,0,0,2,74.3
Monument,Deeg Bhawan,Other Heritage Site,Jaipur,Rajasthan,Metro,26.9124,75.7873,Delhi,2021-22,2021,7,Jul,3,Monsoon,0,31.1,8.7,0.213,2691.0,2.0,2693.0,Low,-0.4999999999999997,-0.8660254037844388,10.1,0,0,0,74.3
Monument,Deeg Bhawan,Other Heritage Site,Jaipur,Rajasthan,Metro,26.9124,75.7873,Delhi,2021-22,2021,8,Aug,3,Monsoon,0,30.2,9.2,0.213,2218.0,2.0,2220.0,Low,-0.8660254037844385,-0.5000000000000004,10.1,3,1,0,74.3
Monument,Deeg Bhawan,Other Heritage Site,Jaipur,Rajasthan,Metro,26.9124,75.7873,Delhi,2021-22,2021,9,Sep,3,Monsoon,0,29.2,7.3,0.213,2285.0,2.0,2287.0,Low,-1.0,-1.8369701987210297e-16,10.1,1,1,0,74.3
Monument,Deeg Bhawan,Other Heritage Site,Jaipur,Rajasthan,Metro,26.9124,75.7873,Delhi,2021-22,2021,10,Oct,4,Autumn,1,25.6,0.9,0.213,2829.0,2.0,2831.0,Low,-0.8660254037844386,0.5000000000000001,10.1,1,1,1,74.3
Monument,Deeg Bhawan,Other Heritage Site,Jaipur,Rajasthan,Metro,26.9124,75.7873,Delhi,2021-22,2021,11,Nov,4,Autumn,1,19.7,0.2,0.213,3242.0,3.0,3244.0,Low,-0.5000000000000004,0.8660254037844384,10.1,1,1,0,74.3
Monument,Deeg Bhawan,Other Heritage Site,Jaipur,Rajasthan,Metro,26.9124,75.7873,Delhi,2021-22,2021,12,Dec,4,Winter,1,14.7,0.6,0.213,3567.0,3.0,3570.0,Low,-2.4492935982947064e-16,1.0,10.1,1,1,2,74.3
Monument,Deeg Bhawan,Other Heritage Site,Jaipur,Rajasthan,Metro,26.9124,75.7873,Delhi,2021-22,2022,1,Jan,1,Winter,1,13.4,1.5,0.213,3324.0,3.0,3327.0,Low,0.49999999999999994,0.8660254037844387,10.1,2,1,0,78.6
Monument,Deeg Bhawan,Other Heritage Site,Jaipur,Rajasthan,Metro,26.9124,75.7873,Delhi,2021-22,2022,2,Feb,1,Winter,1,17.3,1.7,0.213,3477.0,3.0,3480.0,Low,0.8660254037844386,0.5000000000000001,10.1,0,0,0,78.6
Monument,Deeg Bhawan,Other Heritage Site,Jaipur,Rajasthan,Metro,26.9124,75.7873,Delhi,2021-22,2022,3,Mar,1,Summer,1,23.1,1.8,0.213,2870.0,2.0,2873.0,Low,1.0,6.123233995736766e-17,10.1,1,1,0,78.6
Monument,Deeg Bhawan,Other Heritage Site,Jaipur,Rajasthan,Metro,26.9124,75.7873,Delhi,2022-23,2022,4,Apr,2,Summer,0,29.3,0.6,0.213,2150.0,25.0,2176.0,Low,0.8660254037844387,-0.4999999999999998,10.1,0,0,1,78.6
Monument,Deeg Bhawan,Other Heritage Site,Jaipur,Rajasthan,Metro,26.9124,75.7873,Delhi,2022-23,2022,5,May,2,Summer,0,32.8,2.1,0.213,2055.0,24.0,2079.0,Low,0.49999999999999994,-0.8660254037844387,10.1,0,0,3,78.6
Monument,Deeg Bhawan,Other Heritage Site,Jaipur,Rajasthan,Metro,26.9124,75.7873,Delhi,2022-23,2022,6,Jun,2,Summer,0,33.3,3.7,0.213,2221.0,26.0,2247.0,Low,1.2246467991473532e-16,-1.0,10.1,0,0,2,78.6
Monument,Deeg Bhawan,Other Heritage Site,Jaipur,Rajasthan,Metro,26.9124,75.7873,Delhi,2022-23,2022,7,Jul,3,Monsoon,0,31.1,8.7,0.213,2660.0,31.0,2691.0,Low,-0.4999999999999997,-0.8660254037844388,10.1,0,0,0,78.6
Monument,Deeg Bhawan,Other Heritage Site,Jaipur,Rajasthan,Metro,26.9124,75.7873,Delhi,2022-23,2022,8,Aug,3,Monsoon,0,30.2,9.2,0.213,2193.0,26.0,2218.0,Low,-0.8660254037844385,-0.5000000000000004,10.1,3,1,0,78.6
Monument,Deeg Bhawan,Other Heritage Site,Jaipur,Rajasthan,Metro,26.9124,75.7873,Delhi,2022-23,2022,9,Sep,3,Monsoon,0,29.2,7.3,0.213,2258.0,27.0,2285.0,Low,-1.0,-1.8369701987210297e-16,10.1,1,1,0,78.6
Monument,Deeg Bhawan,Other Heritage Site,Jaipur,Rajasthan,Metro,26.9124,75.7873,Delhi,2022-23,2022,10,Oct,4,Autumn,1,25.6,0.9,0.213,2796.0,33.0,2829.0,Low,-0.8660254037844386,0.5000000000000001,10.1,2,1,1,78.6
Monument,Deeg Bhawan,Other Heritage Site,Jaipur,Rajasthan,Metro,26.9124,75.7873,Delhi,2022-23,2022,11,Nov,4,Autumn,1,19.7,0.2,0.213,3204.0,38.0,3242.0,Low,-0.5000000000000004,0.8660254037844384,10.1,0,0,0,78.6
Monument,Deeg Bhawan,Other Heritage Site,Jaipur,Rajasthan,Metro,26.9124,75.7873,Delhi,2022-23,2022,12,Dec,4,Winter,1,14.7,0.6,0.213,3526.0,41.0,3567.0,Low,-2.4492935982947064e-16,1.0,10.1,1,1,2,78.6
Monument,Deeg Bhawan,Other Heritage Site,Jaipur,Rajasthan,Metro,26.9124,75.7873,Delhi,2022-23,2023,1,Jan,1,Winter,1,13.4,1.5,0.213,3286.0,39.0,3325.0,Low,0.49999999999999994,0.8660254037844387,10.1,2,1,0,82.6
Monument,Deeg Bhawan,Other Heritage Site,Jaipur,Rajasthan,Metro,26.9124,75.7873,Delhi,2022-23,2023,2,Feb,1,Winter,1,17.3,1.7,0.213,3437.0,40.0,3477.0,Low,0.8660254037844386,0.5000000000000001,10.1,0,0,0,82.6
Monument,Deeg Bhawan,Other Heritage Site,Jaipur,Rajasthan,Metro,26.9124,75.7873,Delhi,2022-23,2023,3,Mar,1,Summer,1,23.1,1.8,0.213,2837.0,33.0,2870.0,Low,1.0,6.123233995736766e-17,10.1,1,1,0,82.6
Monument,Durga temple complx Aihole,Temple,Dharwad,Karnataka,Metro,15.4589,75.0078,Bangalore,2021-22,2021,4,Apr,2,Summer,0,27.4,4.6,0.511,6483.0,5.0,6488.0,Medium,0.8660254037844387,-0.4999999999999998,126.4,0,0,1,74.3
Monument,Durga temple complx Aihole,Temple,Dharwad,Karnataka,Metro,15.4589,75.0078,Bangalore,2021-22,2021,5,May,2,Summer,0,26.4,5.8,0.511,6195.0,4.0,6200.0,Medium,0.49999999999999994,-0.8660254037844387,126.4,0,0,3,74.3
Monument,Durga temple complx Aihole,Temple,Dharwad,Karnataka,Metro,15.4589,75.0078,Bangalore,2021-22,2021,6,Jun,2,Summer,0,24.3,4.2,0.511,6697.0,5.0,6701.0,Medium,1.2246467991473532e-16,-1.0,126.4,0,0,2,74.3
Monument,Durga temple complx Aihole,Temple,Dharwad,Karnataka,Metro,15.4589,75.0078,Bangalore,2021-22,2021,7,Jul,3,Monsoon,0,23.3,4.8,0.511,8020.0,6.0,8026.0,Medium,-0.4999999999999997,-0.8660254037844388,126.4,0,0,0,74.3
Monument,Durga temple complx Aihole,Temple,Dharwad,Karnataka,Metro,15.4589,75.0078,Bangalore,2021-22,2021,8,Aug,3,Monsoon,0,23.1,5.7,0.511,6611.0,5.0,6616.0,Medium,-0.8660254037844385,-0.5000000000000004,126.4,3,1,0,74.3
Monument,Durga temple complx Aihole,Temple,Dharwad,Karnataka,Metro,15.4589,75.0078,Bangalore,2021-22,2021,9,Sep,3,Monsoon,0,23.6,8.0,0.511,6809.0,5.0,6814.0,Medium,-1.0,-1.8369701987210297e-16,126.4,1,1,0,74.3
Monument,Durga temple complx Aihole,Temple,Dharwad,Karnataka,Metro,15.4589,75.0078,Bangalore,2021-22,2021,10,Oct,4,Autumn,1,23.2,8.0,0.511,8431.0,6.0,8437.0,Medium,-0.8660254037844386,0.5000000000000001,126.4,1,1,1,74.3
Monument,Durga temple complx Aihole,Temple,Dharwad,Karnataka,Metro,15.4589,75.0078,Bangalore,2021-22,2021,11,Nov,4,Autumn,1,22.1,3.7,0.511,9662.0,7.0,9668.0,Medium,-0.5000000000000004,0.8660254037844384,126.4,1,1,0,74.3
Monument,Durga temple complx Aihole,Temple,Dharwad,Karnataka,Metro,15.4589,75.0078,Bangalore,2021-22,2021,12,Dec,4,Winter,1,21.0,1.2,0.511,10631.0,7.0,10639.0,Medium,-2.4492935982947064e-16,1.0,126.4,1,1,2,74.3
Monument,Durga temple complx Aihole,Temple,Dharwad,Karnataka,Metro,15.4589,75.0078,Bangalore,2021-22,2022,1,Jan,1,Winter,1,21.5,0.1,0.511,9908.0,7.0,9915.0,Medium,0.49999999999999994,0.8660254037844387,126.4,2,1,0,78.6
Monument,Durga temple complx Aihole,Temple,Dharwad,Karnataka,Metro,15.4589,75.0078,Bangalore,2021-22,2022,2,Feb,1,Winter,1,23.7,0.4,0.511,10362.0,7.0,10369.0,Medium,0.8660254037844386,0.5000000000000001,126.4,0,0,0,78.6
Monument,Durga temple complx Aihole,Temple,Dharwad,Karnataka,Metro,15.4589,75.0078,Bangalore,2021-22,2022,3,Mar,1,Summer,1,26.4,1.2,0.511,8554.0,6.0,8560.0,Medium,1.0,6.123233995736766e-17,126.4,1,1,0,78.6
Monument,Durga temple complx Aihole,Temple,Dharwad,Karnataka,Metro,15.4589,75.0078,Bangalore,2022-23,2022,4,Apr,2,Summer,0,27.4,4.6,0.511,12874.0,137.0,13011.0,Medium,0.8660254037844387,-0.4999999999999998,126.4,0,0,1,78.6
Monument,Durga temple complx Aihole,Temple,Dharwad,Karnataka,Metro,15.4589,75.0078,Bangalore,2022-23,2022,5,May,2,Summer,0,26.4,5.8,0.511,12302.0,130.0,12433.0,Medium,0.49999999999999994,-0.8660254037844387,126.4,0,0,3,78.6
Monument,Durga temple complx Aihole,Temple,Dharwad,Karnataka,Metro,15.4589,75.0078,Bangalore,2022-23,2022,6,Jun,2,Summer,0,24.3,4.2,0.511,13298.0,141.0,13439.0,Medium,1.2246467991473532e-16,-1.0,126.4,0,0,2,78.6
Monument,Durga temple complx Aihole,Temple,Dharwad,Karnataka,Metro,15.4589,75.0078,Bangalore,2022-23,2022,7,Jul,3,Monsoon,0,23.3,4.8,0.511,15927.0,169.0,16095.0,Medium,-0.4999999999999997,-0.8660254037844388,126.4,0,0,0,78.6
Monument,Durga temple complx Aihole,Temple,Dharwad,Karnataka,Metro,15.4589,75.0078,Bangalore,2022-23,2022,8,Aug,3,Monsoon,0,23.1,5.7,0.511,13128.0,139.0,13267.0,Medium,-0.8660254037844385,-0.5000000000000004,126.4,3,1,0,78.6
Monument,Durga temple complx Aihole,Temple,Dharwad,Karnataka,Metro,15.4589,75.0078,Bangalore,2022-23,2022,9,Sep,3,Monsoon,0,23.6,8.0,0.511,13521.0,143.0,13665.0,Medium,-1.0,-1.8369701987210297e-16,126.4,1,1,0,78.6
Monument,Durga temple complx Aihole,Temple,Dharwad,Karnataka,Metro,15.4589,75.0078,Bangalore,2022-23,2022,10,Oct,4,Autumn,1,23.2,8.0,0.511,16742.0,178.0,16920.0,High,-0.8660254037844386,0.5000000000000001,126.4,2,1,1,78.6
Monument,Durga temple complx Aihole,Temple,Dharwad,Karnataka,Metro,15.4589,75.0078,Bangalore,2022-23,2022,11,Nov,4,Autumn,1,22.1,3.7,0.511,19186.0,204.0,19389.0,High,-0.5000000000000004,0.8660254037844384,126.4,0,0,0,78.6
Monument,Durga temple complx Aihole,Temple,Dharwad,Karnataka,Metro,15.4589,75.0078,Bangalore,2022-23,2022,12,Dec,4,Winter,1,21.0,1.2,0.511,21111.0,224.0,21335.0,High,-2.4492935982947064e-16,1.0,126.4,1,1,2,78.6
Monument,Durga temple complx Aihole,Temple,Dharwad,Karnataka,Metro,15.4589,75.0078,Bangalore,2022-23,2023,1,Jan,1,Winter,1,21.5,0.1,0.511,19674.0,209.0,19883.0,High,0.49999999999999994,0.8660254037844387,126.4,2,1,0,82.6
Monument,Durga temple complx Aihole,Temple,Dharwad,Karnataka,Metro,15.4589,75.0078,Bangalore,2022-23,2023,2,Feb,1,Winter,1,23.7,0.4,0.511,20576.0,218.0,20794.0,High,0.8660254037844386,0.5000000000000001,126.4,0,0,0,82.6
Monument,Durga temple complx Aihole,Temple,Dharwad,Karnataka,Metro,15.4589,75.0078,Bangalore,2022-23,2023,3,Mar,1,Summer,1,26.4,1.2,0.511,16986.0,180.0,17167.0,High,1.0,6.123233995736766e-17,126.4,1,1,0,82.6
Monument,Elephanta Caves,Caves,Mumbai,Maharashtra,Metro,19.076,72.8777,Mumbai,2021-22,2021,4,Apr,2,Summer,0,29.1,0.3,0.723,14490.0,87.0,14577.0,Medium,0.8660254037844387,-0.4999999999999998,2.0,0,0,1,74.3
Monument,Elephanta Caves,Caves,Mumbai,Maharashtra,Metro,19.076,72.8777,Mumbai,2021-22,2021,5,May,2,Summer,0,30.2,1.6,0.723,13846.0,83.0,13929.0,Medium,0.49999999999999994,-0.8660254037844387,2.0,0,0,3,74.3
Monument,Elephanta Caves,Caves,Mumbai,Maharashtra,Metro,19.076,72.8777,Mumbai,2021-22,2021,6,Jun,2,Summer,0,29.2,19.8,0.723,14967.0,90.0,15056.0,Medium,1.2246467991473532e-16,-1.0,2.0,0,0,2,74.3
Monument,Elephanta Caves,Caves,Mumbai,Maharashtra,Metro,19.076,72.8777,Mumbai,2021-22,2021,7,Jul,3,Monsoon,0,28.0,29.3,0.723,17925.0,108.0,18033.0,High,-0.4999999999999997,-0.8660254037844388,2.0,0,0,0,74.3
Monument,Elephanta Caves,Caves,Mumbai,Maharashtra,Metro,19.076,72.8777,Mumbai,2021-22,2021,8,Aug,3,Monsoon,0,27.7,17.0,0.723,14775.0,89.0,14864.0,Medium,-0.8660254037844385,-0.5000000000000004,2.0,3,1,0,74.3
Monument,Elephanta Caves,Caves,Mumbai,Maharashtra,Metro,19.076,72.8777,Mumbai,2021-22,2021,9,Sep,3,Monsoon,0,27.9,15.1,0.723,15218.0,91.0,15309.0,Medium,-1.0,-1.8369701987210297e-16,2.0,1,1,0,74.3
Monument,Elephanta Caves,Caves,Mumbai,Maharashtra,Metro,19.076,72.8777,Mumbai,2021-22,2021,10,Oct,4,Autumn,1,28.9,4.7,0.723,18843.0,113.0,18956.0,High,-0.8660254037844386,0.5000000000000001,2.0,1,1,1,74.3
Monument,Elephanta Caves,Caves,Mumbai,Maharashtra,Metro,19.076,72.8777,Mumbai,2021-22,2021,11,Nov,4,Autumn,1,28.2,0.8,0.723,21594.0,130.0,21723.0,High,-0.5000000000000004,0.8660254037844384,2.0,1,1,0,74.3
Monument,Elephanta Caves,Caves,Mumbai,Maharashtra,Metro,19.076,72.8777,Mumbai,2021-22,2021,12,Dec,4,Winter,1,25.9,0.9,0.723,23761.0,143.0,23903.0,High,-2.4492935982947064e-16,1.0,2.0,1,1,2,74.3
Monument,Elephanta Caves,Caves,Mumbai,Maharashtra,Metro,19.076,72.8777,Mumbai,2021-22,2022,1,Jan,1,Winter,1,24.6,0.1,0.723,22143.0,133.0,22276.0,High,0.49999999999999994,0.8660254037844387,2.0,2,1,0,78.6
Monument,Elephanta Caves,Caves,Mumbai,Maharashtra,Metro,19.076,72.8777,Mumbai,2021-22,2022,2,Feb,1,Winter,1,25.7,0.0,0.723,23158.0,139.0,23297.0,High,0.8660254037844386,0.5000000000000001,2.0,0,0,0,78.6
Monument,Elephanta Caves,Caves,Mumbai,Maharashtra,Metro,19.076,72.8777,Mumbai,2021-22,2022,3,Mar,1,Summer,1,27.8,0.3,0.723,19118.0,115.0,19233.0,High,1.0,6.123233995736766e-17,2.0,1,1,0,78.6
Monument,Elephanta Caves,Caves,Mumbai,Maharashtra,Metro,19.076,72.8777,Mumbai,2022-23,2022,4,Apr,2,Summer,0,29.1,0.3,0.723,30611.0,881.0,31492.0,High,0.8660254037844387,-0.4999999999999998,2.0,0,0,1,78.6
Monument,Elephanta Caves,Caves,Mumbai,Maharashtra,Metro,19.076,72.8777,Mumbai,2022-23,2022,5,May,2,Summer,0,30.2,1.6,0.723,29251.0,842.0,30093.0,High,0.49999999999999994,-0.8660254037844387,2.0,0,0,3,78.6
Monument,Elephanta Caves,Caves,Mumbai,Maharashtra,Metro,19.076,72.8777,Mumbai,2022-23,2022,6,Jun,2,Summer,0,29.2,19.8,0.723,31618.0,910.0,32528.0,High,1.2246467991473532e-16,-1.0,2.0,0,0,2,78.6
Monument,Elephanta Caves,Caves,Mumbai,Maharashtra,Metro,19.076,72.8777,Mumbai,2022-23,2022,7,Jul,3,Monsoon,0,28.0,29.3,0.723,37869.0,1090.0,38959.0,High,-0.4999999999999997,-0.8660254037844388,2.0,0,0,0,78.6
Monument,Elephanta Caves,Caves,Mumbai,Maharashtra,Metro,19.076,72.8777,Mumbai,2022-23,2022,8,Aug,3,Monsoon,0,27.7,17.0,0.723,31215.0,898.0,32113.0,High,-0.8660254037844385,-0.5000000000000004,2.0,3,1,0,78.6
Monument,Elephanta Caves,Caves,Mumbai,Maharashtra,Metro,19.076,72.8777,Mumbai,2022-23,2022,9,Sep,3,Monsoon,0,27.9,15.1,0.723,32149.0,925.0,33075.0,High,-1.0,-1.8369701987210297e-16,2.0,1,1,0,78.6
Monument,Elephanta Caves,Caves,Mumbai,Maharashtra,Metro,19.076,72.8777,Mumbai,2022-23,2022,10,Oct,4,Autumn,1,28.9,4.7,0.723,39808.0,1146.0,40954.0,High,-0.8660254037844386,0.5000000000000001,2.0,2,1,1,78.6
Monument,Elephanta Caves,Caves,Mumbai,Maharashtra,Metro,19.076,72.8777,Mumbai,2022-23,2022,11,Nov,4,Autumn,1,28.2,0.8,0.723,45619.0,1313.0,46932.0,High,-0.5000000000000004,0.8660254037844384,2.0,0,0,0,78.6
Monument,Elephanta Caves,Caves,Mumbai,Maharashtra,Metro,19.076,72.8777,Mumbai,2022-23,2022,12,Dec,4,Winter,1,25.9,0.9,0.723,50197.0,1445.0,51641.0,High,-2.4492935982947064e-16,1.0,2.0,1,1,2,78.6
Monument,Elephanta Caves,Caves,Mumbai,Maharashtra,Metro,19.076,72.8777,Mumbai,2022-23,2023,1,Jan,1,Winter,1,24.6,0.1,0.723,46780.0,1346.0,48126.0,High,0.49999999999999994,0.8660254037844387,2.0,2,1,0,82.6
Monument,Elephanta Caves,Caves,Mumbai,Maharashtra,Metro,19.076,72.8777,Mumbai,2022-23,2023,2,Feb,1,Winter,1,25.7,0.0,0.723,48923.0,1408.0,50331.0,High,0.8660254037844386,0.5000000000000001,2.0,0,0,0,82.6
Monument,Elephanta Caves,Caves,Mumbai,Maharashtra,Metro,19.076,72.8777,Mumbai,2022-23,2023,3,Mar,1,Summer,1,27.8,0.3,0.723,40389.0,1163.0,41551.0,High,1.0,6.123233995736766e-17,2.0,1,1,0,82.6
Monument,Ellora Caves,Caves,Aurangabad,Maharashtra,Metro,19.8762,75.3433,Mumbai,2021-22,2021,4,Apr,2,Summer,0,29.1,0.3,0.837,27150.0,60.0,27210.0,High,0.8660254037844387,-0.4999999999999998,274.1,0,0,1,74.3
Monument,Ellora Caves,Caves,Aurangabad,Maharashtra,Metro,19.8762,75.3433,Mumbai,2021-22,2021,5,May,2,Summer,0,30.2,1.6,0.837,25943.0,57.0,26001.0,High,0.49999999999999994,-0.8660254037844387,274.1,0,0,3,74.3
Monument,Ellora Caves,Caves,Aurangabad,Maharashtra,Metro,19.8762,75.3433,Mumbai,2021-22,2021,6,Jun,2,Summer,0,29.2,19.8,0.837,28043.0,62.0,28105.0,High,1.2246467991473532e-16,-1.0,274.1,0,0,2,74.3
Monument,Ellora Caves,Caves,Aurangabad,Maharashtra,Metro,19.8762,75.3433,Mumbai,2021-22,2021,7,Jul,3,Monsoon,0,28.0,29.3,0.837,33587.0,74.0,33661.0,High,-0.4999999999999997,-0.8660254037844388,274.1,0,0,0,74.3
Monument,Ellora Caves,Caves,Aurangabad,Maharashtra,Metro,19.8762,75.3433,Mumbai,2021-22,2021,8,Aug,3,Monsoon,0,27.7,17.0,0.837,27685.0,61.0,27746.0,High,-0.8660254037844385,-0.5000000000000004,274.1,3,1,0,74.3
Monument,Ellora Caves,Caves,Aurangabad,Maharashtra,Metro,19.8762,75.3433,Mumbai,2021-22,2021,9,Sep,3,Monsoon,0,27.9,15.1,0.837,28514.0,63.0,28577.0,High,-1.0,-1.8369701987210297e-16,274.1,1,1,0,74.3
Monument,Ellora Caves,Caves,Aurangabad,Maharashtra,Metro,19.8762,75.3433,Mumbai,2021-22,2021,10,Oct,4,Autumn,1,28.9,4.7,0.837,35307.0,78.0,35385.0,High,-0.8660254037844386,0.5000000000000001,274.1,1,1,1,74.3
Monument,Ellora Caves,Caves,Aurangabad,Maharashtra,Metro,19.8762,75.3433,Mumbai,2021-22,2021,11,Nov,4,Autumn,1,28.2,0.8,0.837,40460.0,89.0,40550.0,High,-0.5000000000000004,0.8660254037844384,274.1,1,1,0,74.3
Monument,Ellora Caves,Caves,Aurangabad,Maharashtra,Metro,19.8762,75.3433,Mumbai,2021-22,2021,12,Dec,4,Winter,1,25.9,0.9,0.837,44521.0,98.0,44619.0,High,-2.4492935982947064e-16,1.0,274.1,1,1,2,74.3
Monument,Ellora Caves,Caves,Aurangabad,Maharashtra,Metro,19.8762,75.3433,Mumbai,2021-22,2022,1,Jan,1,Winter,1,24.6,0.1,0.837,41490.0,92.0,41582.0,High,0.49999999999999994,0.8660254037844387,274.1,2,1,0,78.6
Monument,Ellora Caves,Caves,Aurangabad,Maharashtra,Metro,19.8762,75.3433,Mumbai,2021-22,2022,2,Feb,1,Winter,1,25.7,0.0,0.837,43391.0,96.0,43487.0,High,0.8660254037844386,0.5000000000000001,274.1,0,0,0,78.6
Monument,Ellora Caves,Caves,Aurangabad,Maharashtra,Metro,19.8762,75.3433,Mumbai,2021-22,2022,3,Mar,1,Summer,1,27.8,0.3,0.837,35822.0,79.0,35901.0,High,1.0,6.123233995736766e-17,274.1,1,1,0,78.6
Monument,Ellora Caves,Caves,Aurangabad,Maharashtra,Metro,19.8762,75.3433,Mumbai,2022-23,2022,4,Apr,2,Summer,0,29.1,0.3,0.837,94752.0,822.0,95573.0,High,0.8660254037844387,-0.4999999999999998,274.1,0,0,1,78.6
Monument,Ellora Caves,Caves,Aurangabad,Maharashtra,Metro,19.8762,75.3433,Mumbai,2022-23,2022,5,May,2,Summer,0,30.2,1.6,0.837,90541.0,785.0,91326.0,High,0.49999999999999994,-0.8660254037844387,274.1,0,0,3,78.6
Monument,Ellora Caves,Caves,Aurangabad,Maharashtra,Metro,19.8762,75.3433,Mumbai,2022-23,2022,6,Jun,2,Summer,0,29.2,19.8,0.837,97869.0,849.0,98718.0,High,1.2246467991473532e-16,-1.0,274.1,0,0,2,78.6
Monument,Ellora Caves,Caves,Aurangabad,Maharashtra,Metro,19.8762,75.3433,Mumbai,2022-23,2022,7,Jul,3,Monsoon,0,28.0,29.3,0.837,117217.0,1016.0,118233.0,High,-0.4999999999999997,-0.8660254037844388,274.1,0,0,0,78.6
Monument,Ellora Caves,Caves,Aurangabad,Maharashtra,Metro,19.8762,75.3433,Mumbai,2022-23,2022,8,Aug,3,Monsoon,0,27.7,17.0,0.837,96620.0,838.0,97458.0,High,-0.8660254037844385,-0.5000000000000004,274.1,3,1,0,78.6
Monument,Ellora Caves,Caves,Aurangabad,Maharashtra,Metro,19.8762,75.3433,Mumbai,2022-23,2022,9,Sep,3,Monsoon,0,27.9,15.1,0.837,99513.0,863.0,100376.0,High,-1.0,-1.8369701987210297e-16,274.1,1,1,0,78.6
Monument,Ellora Caves,Caves,Aurangabad,Maharashtra,Metro,19.8762,75.3433,Mumbai,2022-23,2022,10,Oct,4,Autumn,1,28.9,4.7,0.837,123219.0,1068.0,124287.0,High,-0.8660254037844386,0.5000000000000001,274.1,2,1,1,78.6
Monument,Ellora Caves,Caves,Aurangabad,Maharashtra,Metro,19.8762,75.3433,Mumbai,2022-23,2022,11,Nov,4,Autumn,1,28.2,0.8,0.837,141205.0,1224.0,142429.0,High,-0.5000000000000004,0.8660254037844384,274.1,0,0,0,78.6
Monument,Ellora Caves,Caves,Aurangabad,Maharashtra,Metro,19.8762,75.3433,Mumbai,2022-23,2022,12,Dec,4,Winter,1,25.9,0.9,0.837,155375.0,1347.0,156723.0,High,-2.4492935982947064e-16,1.0,274.1,1,1,2,78.6
Monument,Ellora Caves,Caves,Aurangabad,Maharashtra,Metro,19.8762,75.3433,Mumbai,2022-23,2023,1,Jan,1,Winter,1,24.6,0.1,0.837,144798.0,1255.0,146054.0,High,0.49999999999999994,0.8660254037844387,274.1,2,1,0,82.6
Monument,Ellora Caves,Caves,Aurangabad,Maharashtra,Metro,19.8762,75.3433,Mumbai,2022-23,2023,2,Feb,1,Winter,1,25.7,0.0,0.837,151433.0,1313.0,152746.0,High,0.8660254037844386,0.5000000000000001,274.1,0,0,0,82.6
Monument,Ellora Caves,Caves,Aurangabad,Maharashtra,Metro,19.8762,75.3433,Mumbai,2022-23,2023,3,Mar,1,Summer,1,27.8,0.3,0.837,125017.0,1084.0,126101.0,High,1.0,6.123233995736766e-17,274.1,1,1,0,82.6
Monument,Excavated Remains at sarnath,Archaeological Site,Sarnath,Uttar Pradesh,Tier-2,25.3176,82.9739,Lucknow,2021-22,2021,4,Apr,2,Summer,0,30.0,0.4,0.773,21664.0,107.0,21771.0,High,0.8660254037844387,-0.4999999999999998,18.9,0,0,1,74.3
Monument,Excavated Remains at sarnath,Archaeological Site,Sarnath,Uttar Pradesh,Tier-2,25.3176,82.9739,Lucknow,2021-22,2021,5,May,2,Summer,0,32.6,3.1,0.773,20701.0,102.0,20803.0,High,0.49999999999999994,-0.8660254037844387,18.9,0,0,3,74.3
Monument,Excavated Remains at sarnath,Archaeological Site,Sarnath,Uttar Pradesh,Tier-2,25.3176,82.9739,Lucknow,2021-22,2021,6,Jun,2,Summer,0,32.6,4.8,0.773,22377.0,110.0,22487.0,High,1.2246467991473532e-16,-1.0,18.9,0,0,2,74.3
Monument,Excavated Remains at sarnath,Archaeological Site,Sarnath,Uttar Pradesh,Tier-2,25.3176,82.9739,Lucknow,2021-22,2021,7,Jul,3,Monsoon,0,30.1,9.7,0.773,26800.0,132.0,26932.0,High,-0.4999999999999997,-0.8660254037844388,18.9,0,0,0,74.3
Monument,Excavated Remains at sarnath,Archaeological Site,Sarnath,Uttar Pradesh,Tier-2,25.3176,82.9739,Lucknow,2021-22,2021,8,Aug,3,Monsoon,0,29.5,9.7,0.773,22091.0,109.0,22200.0,High,-0.8660254037844385,-0.5000000000000004,18.9,3,1,0,74.3
Monument,Excavated Remains at sarnath,Archaeological Site,Sarnath,Uttar Pradesh,Tier-2,25.3176,82.9739,Lucknow,2021-22,2021,9,Sep,3,Monsoon,0,28.8,9.7,0.773,22753.0,112.0,22865.0,High,-1.0,-1.8369701987210297e-16,18.9,1,1,0,74.3
Monument,Excavated Remains at sarnath,Archaeological Site,Sarnath,Uttar Pradesh,Tier-2,25.3176,82.9739,Lucknow,2021-22,2021,10,Oct,4,Autumn,1,26.0,1.7,0.773,28173.0,139.0,28311.0,High,-0.8660254037844386,0.5000000000000001,18.9,1,1,1,74.3
Monument,Excavated Remains at sarnath,Archaeological Site,Sarnath,Uttar Pradesh,Tier-2,25.3176,82.9739,Lucknow,2021-22,2021,11,Nov,4,Autumn,1,20.7,0.4,0.773,32285.0,159.0,32444.0,High,-0.5000000000000004,0.8660254037844384,18.9,1,1,0,74.3
Monument,Excavated Remains at sarnath,Archaeological Site,Sarnath,Uttar Pradesh,Tier-2,25.3176,82.9739,Lucknow,2021-22,2021,12,Dec,4,Winter,1,15.8,0.9,0.773,35525.0,175.0,35700.0,High,-2.4492935982947064e-16,1.0,18.9,1,1,2,74.3
Monument,Excavated Remains at sarnath,Archaeological Site,Sarnath,Uttar Pradesh,Tier-2,25.3176,82.9739,Lucknow,2021-22,2022,1,Jan,1,Winter,1,14.1,1.4,0.773,33107.0,163.0,33270.0,High,0.49999999999999994,0.8660254037844387,18.9,2,1,0,78.6
Monument,Excavated Remains at sarnath,Archaeological Site,Sarnath,Uttar Pradesh,Tier-2,25.3176,82.9739,Lucknow,2021-22,2022,2,Feb,1,Winter,1,18.4,1.5,0.773,34624.0,170.0,34794.0,High,0.8660254037844386,0.5000000000000001,18.9,0,0,0,78.6
Monument,Excavated Remains at sarnath,Archaeological Site,Sarnath,Uttar Pradesh,Tier-2,25.3176,82.9739,Lucknow,2021-22,2022,3,Mar,1,Summer,1,23.9,0.8,0.773,28584.0,141.0,28725.0,High,1.0,6.123233995736766e-17,18.9,1,1,0,78.6
Monument,Excavated Remains at sarnath,Archaeological Site,Sarnath,Uttar Pradesh,Tier-2,25.3176,82.9739,Lucknow,2022-23,2022,4,Apr,2,Summer,0,30.0,0.4,0.773,49767.0,3608.0,53375.0,High,0.8660254037844387,-0.4999999999999998,18.9,0,0,1,78.6
Monument,Excavated Remains at sarnath,Archaeological Site,Sarnath,Uttar Pradesh,Tier-2,25.3176,82.9739,Lucknow,2022-23,2022,5,May,2,Summer,0,32.6,3.1,0.773,47556.0,3448.0,51004.0,High,0.49999999999999994,-0.8660254037844387,18.9,0,0,3,78.6
Monument,Excavated Remains at sarnath,Archaeological Site,Sarnath,Uttar Pradesh,Tier-2,25.3176,82.9739,Lucknow,2022-23,2022,6,Jun,2,Summer,0,32.6,4.8,0.773,51405.0,3727.0,55132.0,High,1.2246467991473532e-16,-1.0,18.9,0,0,2,78.6
Monument,Excavated Remains at sarnath,Archaeological Site,Sarnath,Uttar Pradesh,Tier-2,25.3176,82.9739,Lucknow,2022-23,2022,7,Jul,3,Monsoon,0,30.1,9.7,0.773,61567.0,4464.0,66030.0,High,-0.4999999999999997,-0.8660254037844388,18.9,0,0,0,78.6
Monument,Excavated Remains at sarnath,Archaeological Site,Sarnath,Uttar Pradesh,Tier-2,25.3176,82.9739,Lucknow,2022-23,2022,8,Aug,3,Monsoon,0,29.5,9.7,0.773,50748.0,3679.0,54428.0,High,-0.8660254037844385,-0.5000000000000004,18.9,3,1,0,78.6
Monument,Excavated Remains at sarnath,Archaeological Site,Sarnath,Uttar Pradesh,Tier-2,25.3176,82.9739,Lucknow,2022-23,2022,9,Sep,3,Monsoon,0,28.8,9.7,0.773,52268.0,3790.0,56058.0,High,-1.0,-1.8369701987210297e-16,18.9,1,1,0,78.6
Monument,Excavated Remains at sarnath,Archaeological Site,Sarnath,Uttar Pradesh,Tier-2,25.3176,82.9739,Lucknow,2022-23,2022,10,Oct,4,Autumn,1,26.0,1.7,0.773,64719.0,4692.0,69412.0,High,-0.8660254037844386,0.5000000000000001,18.9,2,1,1,78.6
Monument,Excavated Remains at sarnath,Archaeological Site,Sarnath,Uttar Pradesh,Tier-2,25.3176,82.9739,Lucknow,2022-23,2022,11,Nov,4,Autumn,1,20.7,0.4,0.773,74166.0,5377.0,79543.0,High,-0.5000000000000004,0.8660254037844384,18.9,0,0,0,78.6
Monument,Excavated Remains at sarnath,Archaeological Site,Sarnath,Uttar Pradesh,Tier-2,25.3176,82.9739,Lucknow,2022-23,2022,12,Dec,4,Winter,1,15.8,0.9,0.773,81609.0,5917.0,87526.0,High,-2.4492935982947064e-16,1.0,18.9,1,1,2,78.6
Monument,Excavated Remains at sarnath,Archaeological Site,Sarnath,Uttar Pradesh,Tier-2,25.3176,82.9739,Lucknow,2022-23,2023,1,Jan,1,Winter,1,14.1,1.4,0.773,76054.0,5514.0,81568.0,High,0.49999999999999994,0.8660254037844387,18.9,2,1,0,82.6
Monument,Excavated Remains at sarnath,Archaeological Site,Sarnath,Uttar Pradesh,Tier-2,25.3176,82.9739,Lucknow,2022-23,2023,2,Feb,1,Winter,1,18.4,1.5,0.773,79539.0,5767.0,85305.0,High,0.8660254037844386,0.5000000000000001,18.9,0,0,0,82.6
Monument,Excavated Remains at sarnath,Archaeological Site,Sarnath,Uttar Pradesh,Tier-2,25.3176,82.9739,Lucknow,2022-23,2023,3,Mar,1,Summer,1,23.9,0.8,0.773,65664.0,4761.0,70424.0,High,1.0,6.123233995736766e-17,18.9,1,1,0,82.6
Monument,Fatehpur Sikri,Other Heritage Site,Agra,Uttar Pradesh,Metro,27.1767,78.0081,Delhi,2021-22,2021,4,Apr,2,Summer,0,29.3,0.6,0.709,10365.0,140.0,10505.0,Medium,0.8660254037844387,-0.4999999999999998,177.5,0,0,1,74.3
Monument,Fatehpur Sikri,Other Heritage Site,Agra,Uttar Pradesh,Metro,27.1767,78.0081,Delhi,2021-22,2021,5,May,2,Summer,0,32.8,2.1,0.709,9904.0,134.0,10038.0,Medium,0.49999999999999994,-0.8660254037844387,177.5,0,0,3,74.3
Monument,Fatehpur Sikri,Other Heritage Site,Agra,Uttar Pradesh,Metro,27.1767,78.0081,Delhi,2021-22,2021,6,Jun,2,Summer,0,33.3,3.7,0.709,10706.0,144.0,10850.0,Medium,1.2246467991473532e-16,-1.0,177.5,0,0,2,74.3
Monument,Fatehpur Sikri,Other Heritage Site,Agra,Uttar Pradesh,Metro,27.1767,78.0081,Delhi,2021-22,2021,7,Jul,3,Monsoon,0,31.1,8.7,0.709,12822.0,173.0,12995.0,Medium,-0.4999999999999997,-0.8660254037844388,177.5,0,0,0,74.3
Monument,Fatehpur Sikri,Other Heritage Site,Agra,Uttar Pradesh,Metro,27.1767,78.0081,Delhi,2021-22,2021,8,Aug,3,Monsoon,0,30.2,9.2,0.709,10569.0,143.0,10712.0,Medium,-0.8660254037844385,-0.5000000000000004,177.5,3,1,0,74.3
Monument,Fatehpur Sikri,Other Heritage Site,Agra,Uttar Pradesh,Metro,27.1767,78.0081,Delhi,2021-22,2021,9,Sep,3,Monsoon,0,29.2,7.3,0.709,10886.0,147.0,11033.0,Medium,-1.0,-1.8369701987210297e-16,177.5,1,1,0,74.3
Monument,Fatehpur Sikri,Other Heritage Site,Agra,Uttar Pradesh,Metro,27.1767,78.0081,Delhi,2021-22,2021,10,Oct,4,Autumn,1,25.6,0.9,0.709,13479.0,182.0,13661.0,Medium,-0.8660254037844386,0.5000000000000001,177.5,1,1,1,74.3
Monument,Fatehpur Sikri,Other Heritage Site,Agra,Uttar Pradesh,Metro,27.1767,78.0081,Delhi,2021-22,2021,11,Nov,4,Autumn,1,19.7,0.2,0.709,15446.0,208.0,15655.0,Medium,-0.5000000000000004,0.8660254037844384,177.5,1,1,0,74.3
Monument,Fatehpur Sikri,Other Heritage Site,Agra,Uttar Pradesh,Metro,27.1767,78.0081,Delhi,2021-22,2021,12,Dec,4,Winter,1,14.7,0.6,0.709,16996.0,229.0,17226.0,High,-2.4492935982947064e-16,1.0,177.5,1,1,2,74.3
Monument,Fatehpur Sikri,Other Heritage Site,Agra,Uttar Pradesh,Metro,27.1767,78.0081,Delhi,2021-22,2022,1,Jan,1,Winter,1,13.4,1.5,0.709,15839.0,214.0,16053.0,Medium,0.49999999999999994,0.8660254037844387,177.5,2,1,0,78.6
Monument,Fatehpur Sikri,Other Heritage Site,Agra,Uttar Pradesh,Metro,27.1767,78.0081,Delhi,2021-22,2022,2,Feb,1,Winter,1,17.3,1.7,0.709,16565.0,224.0,16789.0,Medium,0.8660254037844386,0.5000000000000001,177.5,0,0,0,78.6
Monument,Fatehpur Sikri,Other Heritage Site,Agra,Uttar Pradesh,Metro,27.1767,78.0081,Delhi,2021-22,2022,3,Mar,1,Summer,1,23.1,1.8,0.709,13675.0,185.0,13860.0,Medium,1.0,6.123233995736766e-17,177.5,1,1,0,78.6
Monument,Fatehpur Sikri,Other Heritage Site,Agra,Uttar Pradesh,Metro,27.1767,78.0081,Delhi,2022-23,2022,4,Apr,2,Summer,0,29.3,0.6,0.709,29244.0,4102.0,33346.0,High,0.8660254037844387,-0.4999999999999998,177.5,0,0,1,78.6
Monument,Fatehpur Sikri,Other Heritage Site,Agra,Uttar Pradesh,Metro,27.1767,78.0081,Delhi,2022-23,2022,5,May,2,Summer,0,32.8,2.1,0.709,27945.0,3920.0,31865.0,High,0.49999999999999994,-0.8660254037844387,177.5,0,0,3,78.6
Monument,Fatehpur Sikri,Other Heritage Site,Agra,Uttar Pradesh,Metro,27.1767,78.0081,Delhi,2022-23,2022,6,Jun,2,Summer,0,33.3,3.7,0.709,30206.0,4237.0,34444.0,High,1.2246467991473532e-16,-1.0,177.5,0,0,2,78.6
Monument,Fatehpur Sikri,Other Heritage Site,Agra,Uttar Pradesh,Metro,27.1767,78.0081,Delhi,2022-23,2022,7,Jul,3,Monsoon,0,31.1,8.7,0.709,36178.0,5075.0,41253.0,High,-0.4999999999999997,-0.8660254037844388,177.5,0,0,0,78.6
Monument,Fatehpur Sikri,Other Heritage Site,Agra,Uttar Pradesh,Metro,27.1767,78.0081,Delhi,2022-23,2022,8,Aug,3,Monsoon,0,30.2,9.2,0.709,29821.0,4183.0,34004.0,High,-0.8660254037844385,-0.5000000000000004,177.5,3,1,0,78.6
Monument,Fatehpur Sikri,Other Heritage Site,Agra,Uttar Pradesh,Metro,27.1767,78.0081,Delhi,2022-23,2022,9,Sep,3,Monsoon,0,29.2,7.3,0.709,30714.0,4308.0,35022.0,High,-1.0,-1.8369701987210297e-16,177.5,1,1,0,78.6
Monument,Fatehpur Sikri,Other Heritage Site,Agra,Uttar Pradesh,Metro,27.1767,78.0081,Delhi,2022-23,2022,10,Oct,4,Autumn,1,25.6,0.9,0.709,38030.0,5335.0,43365.0,High,-0.8660254037844386,0.5000000000000001,177.5,2,1,1,78.6
Monument,Fatehpur Sikri,Other Heritage Site,Agra,Uttar Pradesh,Metro,27.1767,78.0081,Delhi,2022-23,2022,11,Nov,4,Autumn,1,19.7,0.2,0.709,43581.0,6113.0,49695.0,High,-0.5000000000000004,0.8660254037844384,177.5,0,0,0,78.6
Monument,Fatehpur Sikri,Other Heritage Site,Agra,Uttar Pradesh,Metro,27.1767,78.0081,Delhi,2022-23,2022,12,Dec,4,Winter,1,14.7,0.6,0.709,47955.0,6727.0,54682.0,High,-2.4492935982947064e-16,1.0,177.5,1,1,2,78.6
Monument,Fatehpur Sikri,Other Heritage Site,Agra,Uttar Pradesh,Metro,27.1767,78.0081,Delhi,2022-23,2023,1,Jan,1,Winter,1,13.4,1.5,0.709,44691.0,6269.0,50960.0,High,0.49999999999999994,0.8660254037844387,177.5,2,1,0,82.6
Monument,Fatehpur Sikri,Other Heritage Site,Agra,Uttar Pradesh,Metro,27.1767,78.0081,Delhi,2022-23,2023,2,Feb,1,Winter,1,17.3,1.7,0.709,46738.0,6556.0,53295.0,High,0.8660254037844386,0.5000000000000001,177.5,0,0,0,82.6
Monument,Fatehpur Sikri,Other Heritage Site,Agra,Uttar Pradesh,Metro,27.1767,78.0081,Delhi,2022-23,2023,3,Mar,1,Summer,1,23.1,1.8,0.709,38585.0,5413.0,43998.0,High,1.0,6.123233995736766e-17,177.5,1,1,0,82.6
Monument,"Fort Museum, Thirumayam",Fort,Thiruchirapalli,Tamil Nadu,Metro,10.7905,78.7047,Bangalore,2021-22,2021,4,Apr,2,Summer,0,27.4,4.6,0.362,4128.0,2.0,4129.0,Low,0.8660254037844387,-0.4999999999999998,183.3,0,0,1,74.3
Monument,"Fort Museum, Thirumayam",Fort,Thiruchirapalli,Tamil Nadu,Metro,10.7905,78.7047,Bangalore,2021-22,2021,5,May,2,Summer,0,26.4,5.8,0.362,3944.0,2.0,3946.0,Low,0.49999999999999994,-0.8660254037844387,183.3,0,0,3,74.3
Monument,"Fort Museum, Thirumayam",Fort,Thiruchirapalli,Tamil Nadu,Metro,10.7905,78.7047,Bangalore,2021-22,2021,6,Jun,2,Summer,0,24.3,4.2,0.362,4263.0,2.0,4265.0,Medium,1.2246467991473532e-16,-1.0,183.3,0,0,2,74.3
Monument,"Fort Museum, Thirumayam",Fort,Thiruchirapalli,Tamil Nadu,Metro,10.7905,78.7047,Bangalore,2021-22,2021,7,Jul,3,Monsoon,0,23.3,4.8,0.362,5106.0,2.0,5108.0,Medium,-0.4999999999999997,-0.8660254037844388,183.3,0,0,0,74.3
Monument,"Fort Museum, Thirumayam",Fort,Thiruchirapalli,Tamil Nadu,Metro,10.7905,78.7047,Bangalore,2021-22,2021,8,Aug,3,Monsoon,0,23.1,5.7,0.362,4209.0,2.0,4211.0,Medium,-0.8660254037844385,-0.5000000000000004,183.3,3,1,0,74.3
Monument,"Fort Museum, Thirumayam",Fort,Thiruchirapalli,Tamil Nadu,Metro,10.7905,78.7047,Bangalore,2021-22,2021,9,Sep,3,Monsoon,0,23.6,8.0,0.362,4335.0,2.0,4337.0,Medium,-1.0,-1.8369701987210297e-16,183.3,1,1,0,74.3
Monument,"Fort Museum, Thirumayam",Fort,Thiruchirapalli,Tamil Nadu,Metro,10.7905,78.7047,Bangalore,2021-22,2021,10,Oct,4,Autumn,1,23.2,8.0,0.362,5368.0,2.0,5370.0,Medium,-0.8660254037844386,0.5000000000000001,183.3,1,1,1,74.3
Monument,"Fort Museum, Thirumayam",Fort,Thiruchirapalli,Tamil Nadu,Metro,10.7905,78.7047,Bangalore,2021-22,2021,11,Nov,4,Autumn,1,22.1,3.7,0.362,6151.0,3.0,6154.0,Medium,-0.5000000000000004,0.8660254037844384,183.3,1,1,0,74.3
Monument,"Fort Museum, Thirumayam",Fort,Thiruchirapalli,Tamil Nadu,Metro,10.7905,78.7047,Bangalore,2021-22,2021,12,Dec,4,Winter,1,21.0,1.2,0.362,6768.0,3.0,6771.0,Medium,-2.4492935982947064e-16,1.0,183.3,1,1,2,74.3
Monument,"Fort Museum, Thirumayam",Fort,Thiruchirapalli,Tamil Nadu,Metro,10.7905,78.7047,Bangalore,2021-22,2022,1,Jan,1,Winter,1,21.5,0.1,0.362,6308.0,3.0,6310.0,Medium,0.49999999999999994,0.8660254037844387,183.3,2,1,0,78.6
Monument,"Fort Museum, Thirumayam",Fort,Thiruchirapalli,Tamil Nadu,Metro,10.7905,78.7047,Bangalore,2021-22,2022,2,Feb,1,Winter,1,23.7,0.4,0.362,6597.0,3.0,6599.0,Medium,0.8660254037844386,0.5000000000000001,183.3,0,0,0,78.6
Monument,"Fort Museum, Thirumayam",Fort,Thiruchirapalli,Tamil Nadu,Metro,10.7905,78.7047,Bangalore,2021-22,2022,3,Mar,1,Summer,1,26.4,1.2,0.362,5446.0,2.0,5448.0,Medium,1.0,6.123233995736766e-17,183.3,1,1,0,78.6
Monument,"Fort Museum, Thirumayam",Fort,Thiruchirapalli,Tamil Nadu,Metro,10.7905,78.7047,Bangalore,2022-23,2022,4,Apr,2,Summer,0,27.4,4.6,0.362,6185.0,47.0,6232.0,Medium,0.8660254037844387,-0.4999999999999998,183.3,0,0,1,78.6
Monument,"Fort Museum, Thirumayam",Fort,Thiruchirapalli,Tamil Nadu,Metro,10.7905,78.7047,Bangalore,2022-23,2022,5,May,2,Summer,0,26.4,5.8,0.362,5910.0,45.0,5955.0,Medium,0.49999999999999994,-0.8660254037844387,183.3,0,0,3,78.6
Monument,"Fort Museum, Thirumayam",Fort,Thiruchirapalli,Tamil Nadu,Metro,10.7905,78.7047,Bangalore,2022-23,2022,6,Jun,2,Summer,0,24.3,4.2,0.362,6388.0,49.0,6437.0,Medium,1.2246467991473532e-16,-1.0,183.3,0,0,2,78.6
Monument,"Fort Museum, Thirumayam",Fort,Thiruchirapalli,Tamil Nadu,Metro,10.7905,78.7047,Bangalore,2022-23,2022,7,Jul,3,Monsoon,0,23.3,4.8,0.362,7651.0,58.0,7709.0,Medium,-0.4999999999999997,-0.8660254037844388,183.3,0,0,0,78.6
Monument,"Fort Museum, Thirumayam",Fort,Thiruchirapalli,Tamil Nadu,Metro,10.7905,78.7047,Bangalore,2022-23,2022,8,Aug,3,Monsoon,0,23.1,5.7,0.362,6307.0,48.0,6355.0,Medium,-0.8660254037844385,-0.5000000000000004,183.3,3,1,0,78.6
Monument,"Fort Museum, Thirumayam",Fort,Thiruchirapalli,Tamil Nadu,Metro,10.7905,78.7047,Bangalore,2022-23,2022,9,Sep,3,Monsoon,0,23.6,8.0,0.362,6495.0,49.0,6545.0,Medium,-1.0,-1.8369701987210297e-16,183.3,1,1,0,78.6
Monument,"Fort Museum, Thirumayam",Fort,Thiruchirapalli,Tamil Nadu,Metro,10.7905,78.7047,Bangalore,2022-23,2022,10,Oct,4,Autumn,1,23.2,8.0,0.362,8043.0,61.0,8104.0,Medium,-0.8660254037844386,0.5000000000000001,183.3,2,1,1,78.6
Monument,"Fort Museum, Thirumayam",Fort,Thiruchirapalli,Tamil Nadu,Metro,10.7905,78.7047,Bangalore,2022-23,2022,11,Nov,4,Autumn,1,22.1,3.7,0.362,9217.0,70.0,9287.0,Medium,-0.5000000000000004,0.8660254037844384,183.3,0,0,0,78.6
Monument,"Fort Museum, Thirumayam",Fort,Thiruchirapalli,Tamil Nadu,Metro,10.7905,78.7047,Bangalore,2022-23,2022,12,Dec,4,Winter,1,21.0,1.2,0.362,10142.0,77.0,10219.0,Medium,-2.4492935982947064e-16,1.0,183.3,1,1,2,78.6
Monument,"Fort Museum, Thirumayam",Fort,Thiruchirapalli,Tamil Nadu,Metro,10.7905,78.7047,Bangalore,2022-23,2023,1,Jan,1,Winter,1,21.5,0.1,0.362,9451.0,72.0,9523.0,Medium,0.49999999999999994,0.8660254037844387,183.3,2,1,0,82.6
Monument,"Fort Museum, Thirumayam",Fort,Thiruchirapalli,Tamil Nadu,Metro,10.7905,78.7047,Bangalore,2022-23,2023,2,Feb,1,Winter,1,23.7,0.4,0.362,9884.0,75.0,9960.0,Medium,0.8660254037844386,0.5000000000000001,183.3,0,0,0,82.6
Monument,"Fort Museum, Thirumayam",Fort,Thiruchirapalli,Tamil Nadu,Metro,10.7905,78.7047,Bangalore,2022-23,2023,3,Mar,1,Summer,1,26.4,1.2,0.362,8160.0,62.0,8222.0,Medium,1.0,6.123233995736766e-17,183.3,1,1,0,82.6
Monument,"Fort St. Angelo, Kannur",Fort,Thrissur,Kerala,Metro,10.5276,76.2144,Bangalore,2021-22,2021,4,Apr,2,Summer,0,27.4,4.6,0.582,10054.0,4.0,10058.0,Medium,0.8660254037844387,-0.4999999999999998,46.5,0,0,1,74.3
Monument,"Fort St. Angelo, Kannur",Fort,Thrissur,Kerala,Metro,10.5276,76.2144,Bangalore,2021-22,2021,5,May,2,Summer,0,26.4,5.8,0.582,9608.0,4.0,9611.0,Medium,0.49999999999999994,-0.8660254037844387,46.5,0,0,3,74.3
Monument,"Fort St. Angelo, Kannur",Fort,Thrissur,Kerala,Metro,10.5276,76.2144,Bangalore,2021-22,2021,6,Jun,2,Summer,0,24.3,4.2,0.582,10385.0,4.0,10389.0,Medium,1.2246467991473532e-16,-1.0,46.5,0,0,2,74.3
Monument,"Fort St. Angelo, Kannur",Fort,Thrissur,Kerala,Metro,10.5276,76.2144,Bangalore,2021-22,2021,7,Jul,3,Monsoon,0,23.3,4.8,0.582,12438.0,5.0,12443.0,Medium,-0.4999999999999997,-0.8660254037844388,46.5,0,0,0,74.3
Monument,"Fort St. Angelo, Kannur",Fort,Thrissur,Kerala,Metro,10.5276,76.2144,Bangalore,2021-22,2021,8,Aug,3,Monsoon,0,23.1,5.7,0.582,10253.0,4.0,10257.0,Medium,-0.8660254037844385,-0.5000000000000004,46.5,3,1,0,74.3
Monument,"Fort St. Angelo, Kannur",Fort,Thrissur,Kerala,Metro,10.5276,76.2144,Bangalore,2021-22,2021,9,Sep,3,Monsoon,0,23.6,8.0,0.582,10560.0,4.0,10564.0,Medium,-1.0,-1.8369701987210297e-16,46.5,1,1,0,74.3
Monument,"Fort St. Angelo, Kannur",Fort,Thrissur,Kerala,Metro,10.5276,76.2144,Bangalore,2021-22,2021,10,Oct,4,Autumn,1,23.2,8.0,0.582,13075.0,5.0,13080.0,Medium,-0.8660254037844386,0.5000000000000001,46.5,1,1,1,74.3
Monument,"Fort St. Angelo, Kannur",Fort,Thrissur,Kerala,Metro,10.5276,76.2144,Bangalore,2021-22,2021,11,Nov,4,Autumn,1,22.1,3.7,0.582,14984.0,6.0,14989.0,Medium,-0.5000000000000004,0.8660254037844384,46.5,1,1,0,74.3
Monument,"Fort St. Angelo, Kannur",Fort,Thrissur,Kerala,Metro,10.5276,76.2144,Bangalore,2021-22,2021,12,Dec,4,Winter,1,21.0,1.2,0.582,16487.0,6.0,16494.0,Medium,-2.4492935982947064e-16,1.0,46.5,1,1,2,74.3
Monument,"Fort St. Angelo, Kannur",Fort,Thrissur,Kerala,Metro,10.5276,76.2144,Bangalore,2021-22,2022,1,Jan,1,Winter,1,21.5,0.1,0.582,15365.0,6.0,15371.0,Medium,0.49999999999999994,0.8660254037844387,46.5,2,1,0,78.6
Monument,"Fort St. Angelo, Kannur",Fort,Thrissur,Kerala,Metro,10.5276,76.2144,Bangalore,2021-22,2022,2,Feb,1,Winter,1,23.7,0.4,0.582,16069.0,6.0,16075.0,Medium,0.8660254037844386,0.5000000000000001,46.5,0,0,0,78.6
Monument,"Fort St. Angelo, Kannur",Fort,Thrissur,Kerala,Metro,10.5276,76.2144,Bangalore,2021-22,2022,3,Mar,1,Summer,1,26.4,1.2,0.582,13266.0,5.0,13271.0,Medium,1.0,6.123233995736766e-17,46.5,1,1,0,78.6
Monument,"Fort St. Angelo, Kannur",Fort,Thrissur,Kerala,Metro,10.5276,76.2144,Bangalore,2022-23,2022,4,Apr,2,Summer,0,27.4,4.6,0.582,17825.0,301.0,18126.0,High,0.8660254037844387,-0.4999999999999998,46.5,0,0,1,78.6
Monument,"Fort St. Angelo, Kannur",Fort,Thrissur,Kerala,Metro,10.5276,76.2144,Bangalore,2022-23,2022,5,May,2,Summer,0,26.4,5.8,0.582,17033.0,288.0,17321.0,High,0.49999999999999994,-0.8660254037844387,46.5,0,0,3,78.6
Monument,"Fort St. Angelo, Kannur",Fort,Thrissur,Kerala,Metro,10.5276,76.2144,Bangalore,2022-23,2022,6,Jun,2,Summer,0,24.3,4.2,0.582,18411.0,311.0,18722.0,High,1.2246467991473532e-16,-1.0,46.5,0,0,2,78.6
Monument,"Fort St. Angelo, Kannur",Fort,Thrissur,Kerala,Metro,10.5276,76.2144,Bangalore,2022-23,2022,7,Jul,3,Monsoon,0,23.3,4.8,0.582,22051.0,373.0,22424.0,High,-0.4999999999999997,-0.8660254037844388,46.5,0,0,0,78.6
Monument,"Fort St. Angelo, Kannur",Fort,Thrissur,Kerala,Metro,10.5276,76.2144,Bangalore,2022-23,2022,8,Aug,3,Monsoon,0,23.1,5.7,0.582,18176.0,307.0,18483.0,High,-0.8660254037844385,-0.5000000000000004,46.5,3,1,0,78.6
Monument,"Fort St. Angelo, Kannur",Fort,Thrissur,Kerala,Metro,10.5276,76.2144,Bangalore,2022-23,2022,9,Sep,3,Monsoon,0,23.6,8.0,0.582,18720.0,316.0,19037.0,High,-1.0,-1.8369701987210297e-16,46.5,1,1,0,78.6
Monument,"Fort St. Angelo, Kannur",Fort,Thrissur,Kerala,Metro,10.5276,76.2144,Bangalore,2022-23,2022,10,Oct,4,Autumn,1,23.2,8.0,0.582,23180.0,392.0,23572.0,High,-0.8660254037844386,0.5000000000000001,46.5,2,1,1,78.6
Monument,"Fort St. Angelo, Kannur",Fort,Thrissur,Kerala,Metro,10.5276,76.2144,Bangalore,2022-23,2022,11,Nov,4,Autumn,1,22.1,3.7,0.582,26563.0,449.0,27012.0,High,-0.5000000000000004,0.8660254037844384,46.5,0,0,0,78.6
Monument,"Fort St. Angelo, Kannur",Fort,Thrissur,Kerala,Metro,10.5276,76.2144,Bangalore,2022-23,2022,12,Dec,4,Winter,1,21.0,1.2,0.582,29229.0,494.0,29723.0,High,-2.4492935982947064e-16,1.0,46.5,1,1,2,78.6
Monument,"Fort St. Angelo, Kannur",Fort,Thrissur,Kerala,Metro,10.5276,76.2144,Bangalore,2022-23,2023,1,Jan,1,Winter,1,21.5,0.1,0.582,27239.0,461.0,27700.0,High,0.49999999999999994,0.8660254037844387,46.5,2,1,0,82.6
Monument,"Fort St. Angelo, Kannur",Fort,Thrissur,Kerala,Metro,10.5276,76.2144,Bangalore,2022-23,2023,2,Feb,1,Winter,1,23.7,0.4,0.582,28488.0,482.0,28969.0,High,0.8660254037844386,0.5000000000000001,46.5,0,0,0,82.6
Monument,"Fort St. Angelo, Kannur",Fort,Thrissur,Kerala,Metro,10.5276,76.2144,Bangalore,2022-23,2023,3,Mar,1,Summer,1,26.4,1.2,0.582,23518.0,398.0,23916.0,High,1.0,6.123233995736766e-17,46.5,1,1,0,82.6
Monument,Fort Vattakottai,Fort,Thiruchirapalli,Tamil Nadu,Metro,10.7905,78.7047,Bangalore,2021-22,2021,4,Apr,2,Summer,0,27.4,4.6,0.369,3506.0,0.0,3506.0,Low,0.8660254037844387,-0.4999999999999998,183.3,0,0,1,74.3
Monument,Fort Vattakottai,Fort,Thiruchirapalli,Tamil Nadu,Metro,10.7905,78.7047,Bangalore,2021-22,2021,5,May,2,Summer,0,26.4,5.8,0.369,3351.0,0.0,3351.0,Low,0.49999999999999994,-0.8660254037844387,183.3,0,0,3,74.3
Monument,Fort Vattakottai,Fort,Thiruchirapalli,Tamil Nadu,Metro,10.7905,78.7047,Bangalore,2021-22,2021,6,Jun,2,Summer,0,24.3,4.2,0.369,3622.0,0.0,3622.0,Low,1.2246467991473532e-16,-1.0,183.3,0,0,2,74.3
Monument,Fort Vattakottai,Fort,Thiruchirapalli,Tamil Nadu,Metro,10.7905,78.7047,Bangalore,2021-22,2021,7,Jul,3,Monsoon,0,23.3,4.8,0.369,4338.0,0.0,4338.0,Medium,-0.4999999999999997,-0.8660254037844388,183.3,0,0,0,74.3
Monument,Fort Vattakottai,Fort,Thiruchirapalli,Tamil Nadu,Metro,10.7905,78.7047,Bangalore,2021-22,2021,8,Aug,3,Monsoon,0,23.1,5.7,0.369,3576.0,0.0,3576.0,Low,-0.8660254037844385,-0.5000000000000004,183.3,3,1,0,74.3
Monument,Fort Vattakottai,Fort,Thiruchirapalli,Tamil Nadu,Metro,10.7905,78.7047,Bangalore,2021-22,2021,9,Sep,3,Monsoon,0,23.6,8.0,0.369,3683.0,0.0,3683.0,Low,-1.0,-1.8369701987210297e-16,183.3,1,1,0,74.3
Monument,Fort Vattakottai,Fort,Thiruchirapalli,Tamil Nadu,Metro,10.7905,78.7047,Bangalore,2021-22,2021,10,Oct,4,Autumn,1,23.2,8.0,0.369,4560.0,0.0,4560.0,Medium,-0.8660254037844386,0.5000000000000001,183.3,1,1,1,74.3
Monument,Fort Vattakottai,Fort,Thiruchirapalli,Tamil Nadu,Metro,10.7905,78.7047,Bangalore,2021-22,2021,11,Nov,4,Autumn,1,22.1,3.7,0.369,5226.0,0.0,5226.0,Medium,-0.5000000000000004,0.8660254037844384,183.3,1,1,0,74.3
Monument,Fort Vattakottai,Fort,Thiruchirapalli,Tamil Nadu,Metro,10.7905,78.7047,Bangalore,2021-22,2021,12,Dec,4,Winter,1,21.0,1.2,0.369,5750.0,0.0,5750.0,Medium,-2.4492935982947064e-16,1.0,183.3,1,1,2,74.3
Monument,Fort Vattakottai,Fort,Thiruchirapalli,Tamil Nadu,Metro,10.7905,78.7047,Bangalore,2021-22,2022,1,Jan,1,Winter,1,21.5,0.1,0.369,5359.0,0.0,5359.0,Medium,0.49999999999999994,0.8660254037844387,183.3,2,1,0,78.6
Monument,Fort Vattakottai,Fort,Thiruchirapalli,Tamil Nadu,Metro,10.7905,78.7047,Bangalore,2021-22,2022,2,Feb,1,Winter,1,23.7,0.4,0.369,5604.0,0.0,5604.0,Medium,0.8660254037844386,0.5000000000000001,183.3,0,0,0,78.6
Monument,Fort Vattakottai,Fort,Thiruchirapalli,Tamil Nadu,Metro,10.7905,78.7047,Bangalore,2021-22,2022,3,Mar,1,Summer,1,26.4,1.2,0.369,4627.0,0.0,4627.0,Medium,1.0,6.123233995736766e-17,183.3,1,1,0,78.6
Monument,Fort Vattakottai,Fort,Thiruchirapalli,Tamil Nadu,Metro,10.7905,78.7047,Bangalore,2022-23,2022,4,Apr,2,Summer,0,27.4,4.6,0.369,7042.0,10.0,7052.0,Medium,0.8660254037844387,-0.4999999999999998,183.3,0,0,1,78.6
Monument,Fort Vattakottai,Fort,Thiruchirapalli,Tamil Nadu,Metro,10.7905,78.7047,Bangalore,2022-23,2022,5,May,2,Summer,0,26.4,5.8,0.369,6729.0,10.0,6739.0,Medium,0.49999999999999994,-0.8660254037844387,183.3,0,0,3,78.6
Monument,Fort Vattakottai,Fort,Thiruchirapalli,Tamil Nadu,Metro,10.7905,78.7047,Bangalore,2022-23,2022,6,Jun,2,Summer,0,24.3,4.2,0.369,7274.0,11.0,7284.0,Medium,1.2246467991473532e-16,-1.0,183.3,0,0,2,78.6
Monument,Fort Vattakottai,Fort,Thiruchirapalli,Tamil Nadu,Metro,10.7905,78.7047,Bangalore,2022-23,2022,7,Jul,3,Monsoon,0,23.3,4.8,0.369,8711.0,13.0,8724.0,Medium,-0.4999999999999997,-0.8660254037844388,183.3,0,0,0,78.6
Monument,Fort Vattakottai,Fort,Thiruchirapalli,Tamil Nadu,Metro,10.7905,78.7047,Bangalore,2022-23,2022,8,Aug,3,Monsoon,0,23.1,5.7,0.369,7181.0,11.0,7191.0,Medium,-0.8660254037844385,-0.5000000000000004,183.3,3,1,0,78.6
Monument,Fort Vattakottai,Fort,Thiruchirapalli,Tamil Nadu,Metro,10.7905,78.7047,Bangalore,2022-23,2022,9,Sep,3,Monsoon,0,23.6,8.0,0.369,7396.0,11.0,7407.0,Medium,-1.0,-1.8369701987210297e-16,183.3,1,1,0,78.6
Monument,Fort Vattakottai,Fort,Thiruchirapalli,Tamil Nadu,Metro,10.7905,78.7047,Bangalore,2022-23,2022,10,Oct,4,Autumn,1,23.2,8.0,0.369,9158.0,14.0,9171.0,Medium,-0.8660254037844386,0.5000000000000001,183.3,2,1,1,78.6
Monument,Fort Vattakottai,Fort,Thiruchirapalli,Tamil Nadu,Metro,10.7905,78.7047,Bangalore,2022-23,2022,11,Nov,4,Autumn,1,22.1,3.7,0.369,10494.0,16.0,10510.0,Medium,-0.5000000000000004,0.8660254037844384,183.3,0,0,0,78.6
Monument,Fort Vattakottai,Fort,Thiruchirapalli,Tamil Nadu,Metro,10.7905,78.7047,Bangalore,2022-23,2022,12,Dec,4,Winter,1,21.0,1.2,0.369,11547.0,17.0,11564.0,Medium,-2.4492935982947064e-16,1.0,183.3,1,1,2,78.6
Monument,Fort Vattakottai,Fort,Thiruchirapalli,Tamil Nadu,Metro,10.7905,78.7047,Bangalore,2022-23,2023,1,Jan,1,Winter,1,21.5,0.1,0.369,10761.0,16.0,10777.0,Medium,0.49999999999999994,0.8660254037844387,183.3,2,1,0,82.6
Monument,Fort Vattakottai,Fort,Thiruchirapalli,Tamil Nadu,Metro,10.7905,78.7047,Bangalore,2022-23,2023,2,Feb,1,Winter,1,23.7,0.4,0.369,11254.0,17.0,11271.0,Medium,0.8660254037844386,0.5000000000000001,183.3,0,0,0,82.6
Monument,Fort Vattakottai,Fort,Thiruchirapalli,Tamil Nadu,Metro,10.7905,78.7047,Bangalore,2022-23,2023,3,Mar,1,Summer,1,26.4,1.2,0.369,9291.0,14.0,9305.0,Medium,1.0,6.123233995736766e-17,183.3,1,1,0,82.6
Monument,"Fort on Rock, Dindigual",Fort,Thiruchirapalli,Tamil Nadu,Metro,10.7905,78.7047,Bangalore,2021-22,2021,4,Apr,2,Summer,0,27.4,4.6,0.206,1804.0,0.0,1804.0,Low,0.8660254037844387,-0.4999999999999998,183.3,0,0,1,74.3
Monument,"Fort on Rock, Dindigual",Fort,Thiruchirapalli,Tamil Nadu,Metro,10.7905,78.7047,Bangalore,2021-22,2021,5,May,2,Summer,0,26.4,5.8,0.206,1724.0,0.0,1724.0,Low,0.49999999999999994,-0.8660254037844387,183.3,0,0,3,74.3
Monument,"Fort on Rock, Dindigual",Fort,Thiruchirapalli,Tamil Nadu,Metro,10.7905,78.7047,Bangalore,2021-22,2021,6,Jun,2,Summer,0,24.3,4.2,0.206,1863.0,0.0,1863.0,Low,1.2246467991473532e-16,-1.0,183.3,0,0,2,74.3
Monument,"Fort on Rock, Dindigual",Fort,Thiruchirapalli,Tamil Nadu,Metro,10.7905,78.7047,Bangalore,2021-22,2021,7,Jul,3,Monsoon,0,23.3,4.8,0.206,2232.0,0.0,2232.0,Low,-0.4999999999999997,-0.8660254037844388,183.3,0,0,0,74.3
Monument,"Fort on Rock, Dindigual",Fort,Thiruchirapalli,Tamil Nadu,Metro,10.7905,78.7047,Bangalore,2021-22,2021,8,Aug,3,Monsoon,0,23.1,5.7,0.206,1839.0,0.0,1840.0,Low,-0.8660254037844385,-0.5000000000000004,183.3,3,1,0,74.3
Monument,"Fort on Rock, Dindigual",Fort,Thiruchirapalli,Tamil Nadu,Metro,10.7905,78.7047,Bangalore,2021-22,2021,9,Sep,3,Monsoon,0,23.6,8.0,0.206,1895.0,0.0,1895.0,Low,-1.0,-1.8369701987210297e-16,183.3,1,1,0,74.3
Monument,"Fort on Rock, Dindigual",Fort,Thiruchirapalli,Tamil Nadu,Metro,10.7905,78.7047,Bangalore,2021-22,2021,10,Oct,4,Autumn,1,23.2,8.0,0.206,2346.0,0.0,2346.0,Low,-0.8660254037844386,0.5000000000000001,183.3,1,1,1,74.3
Monument,"Fort on Rock, Dindigual",Fort,Thiruchirapalli,Tamil Nadu,Metro,10.7905,78.7047,Bangalore,2021-22,2021,11,Nov,4,Autumn,1,22.1,3.7,0.206,2688.0,0.0,2689.0,Low,-0.5000000000000004,0.8660254037844384,183.3,1,1,0,74.3
Monument,"Fort on Rock, Dindigual",Fort,Thiruchirapalli,Tamil Nadu,Metro,10.7905,78.7047,Bangalore,2021-22,2021,12,Dec,4,Winter,1,21.0,1.2,0.206,2958.0,0.0,2958.0,Low,-2.4492935982947064e-16,1.0,183.3,1,1,2,74.3
Monument,"Fort on Rock, Dindigual",Fort,Thiruchirapalli,Tamil Nadu,Metro,10.7905,78.7047,Bangalore,2021-22,2022,1,Jan,1,Winter,1,21.5,0.1,0.206,2757.0,0.0,2757.0,Low,0.49999999999999994,0.8660254037844387,183.3,2,1,0,78.6
Monument,"Fort on Rock, Dindigual",Fort,Thiruchirapalli,Tamil Nadu,Metro,10.7905,78.7047,Bangalore,2021-22,2022,2,Feb,1,Winter,1,23.7,0.4,0.206,2883.0,0.0,2883.0,Low,0.8660254037844386,0.5000000000000001,183.3,0,0,0,78.6
Monument,"Fort on Rock, Dindigual",Fort,Thiruchirapalli,Tamil Nadu,Metro,10.7905,78.7047,Bangalore,2021-22,2022,3,Mar,1,Summer,1,26.4,1.2,0.206,2380.0,0.0,2380.0,Low,1.0,6.123233995736766e-17,183.3,1,1,0,78.6
Monument,"Fort on Rock, Dindigual",Fort,Thiruchirapalli,Tamil Nadu,Metro,10.7905,78.7047,Bangalore,2022-23,2022,4,Apr,2,Summer,0,27.4,4.6,0.206,2377.0,4.0,2381.0,Low,0.8660254037844387,-0.4999999999999998,183.3,0,0,1,78.6
Monument,"Fort on Rock, Dindigual",Fort,Thiruchirapalli,Tamil Nadu,Metro,10.7905,78.7047,Bangalore,2022-23,2022,5,May,2,Summer,0,26.4,5.8,0.206,2272.0,4.0,2275.0,Low,0.49999999999999994,-0.8660254037844387,183.3,0,0,3,78.6
Monument,"Fort on Rock, Dindigual",Fort,Thiruchirapalli,Tamil Nadu,Metro,10.7905,78.7047,Bangalore,2022-23,2022,6,Jun,2,Summer,0,24.3,4.2,0.206,2456.0,4.0,2460.0,Low,1.2246467991473532e-16,-1.0,183.3,0,0,2,78.6
Monument,"Fort on Rock, Dindigual",Fort,Thiruchirapalli,Tamil Nadu,Metro,10.7905,78.7047,Bangalore,2022-23,2022,7,Jul,3,Monsoon,0,23.3,4.8,0.206,2941.0,5.0,2946.0,Low,-0.4999999999999997,-0.8660254037844388,183.3,0,0,0,78.6
Monument,"Fort on Rock, Dindigual",Fort,Thiruchirapalli,Tamil Nadu,Metro,10.7905,78.7047,Bangalore,2022-23,2022,8,Aug,3,Monsoon,0,23.1,5.7,0.206,2424.0,4.0,2428.0,Low,-0.8660254037844385,-0.5000000000000004,183.3,3,1,0,78.6
Monument,"Fort on Rock, Dindigual",Fort,Thiruchirapalli,Tamil Nadu,Metro,10.7905,78.7047,Bangalore,2022-23,2022,9,Sep,3,Monsoon,0,23.6,8.0,0.206,2497.0,4.0,2501.0,Low,-1.0,-1.8369701987210297e-16,183.3,1,1,0,78.6
Monument,"Fort on Rock, Dindigual",Fort,Thiruchirapalli,Tamil Nadu,Metro,10.7905,78.7047,Bangalore,2022-23,2022,10,Oct,4,Autumn,1,23.2,8.0,0.206,3092.0,5.0,3097.0,Low,-0.8660254037844386,0.5000000000000001,183.3,2,1,1,78.6
Monument,"Fort on Rock, Dindigual",Fort,Thiruchirapalli,Tamil Nadu,Metro,10.7905,78.7047,Bangalore,2022-23,2022,11,Nov,4,Autumn,1,22.1,3.7,0.206,3543.0,6.0,3549.0,Low,-0.5000000000000004,0.8660254037844384,183.3,0,0,0,78.6
Monument,"Fort on Rock, Dindigual",Fort,Thiruchirapalli,Tamil Nadu,Metro,10.7905,78.7047,Bangalore,2022-23,2022,12,Dec,4,Winter,1,21.0,1.2,0.206,3899.0,6.0,3905.0,Low,-2.4492935982947064e-16,1.0,183.3,1,1,2,78.6
Monument,"Fort on Rock, Dindigual",Fort,Thiruchirapalli,Tamil Nadu,Metro,10.7905,78.7047,Bangalore,2022-23,2023,1,Jan,1,Winter,1,21.5,0.1,0.206,3633.0,6.0,3639.0,Low,0.49999999999999994,0.8660254037844387,183.3,2,1,0,82.6
Monument,"Fort on Rock, Dindigual",Fort,Thiruchirapalli,Tamil Nadu,Metro,10.7905,78.7047,Bangalore,2022-23,2023,2,Feb,1,Winter,1,23.7,0.4,0.206,3800.0,6.0,3806.0,Low,0.8660254037844386,0.5000000000000001,183.3,0,0,0,82.6
Monument,"Fort on Rock, Dindigual",Fort,Thiruchirapalli,Tamil Nadu,Metro,10.7905,78.7047,Bangalore,2022-23,2023,3,Mar,1,Summer,1,26.4,1.2,0.206,3137.0,5.0,3142.0,Low,1.0,6.123233995736766e-17,183.3,1,1,0,82.6
Monument,"Fort, Palakkad, Palakkad",Fort,Thrissur,Kerala,Metro,10.5276,76.2144,Bangalore,2021-22,2021,4,Apr,2,Summer,0,27.4,4.6,0.525,6337.0,1.0,6338.0,Medium,0.8660254037844387,-0.4999999999999998,46.5,0,0,1,74.3
Monument,"Fort, Palakkad, Palakkad",Fort,Thrissur,Kerala,Metro,10.5276,76.2144,Bangalore,2021-22,2021,5,May,2,Summer,0,26.4,5.8,0.525,6055.0,1.0,6056.0,Medium,0.49999999999999994,-0.8660254037844387,46.5,0,0,3,74.3
Monument,"Fort, Palakkad, Palakkad",Fort,Thrissur,Kerala,Metro,10.5276,76.2144,Bangalore,2021-22,2021,6,Jun,2,Summer,0,24.3,4.2,0.525,6545.0,1.0,6546.0,Medium,1.2246467991473532e-16,-1.0,46.5,0,0,2,74.3
Monument,"Fort, Palakkad, Palakkad",Fort,Thrissur,Kerala,Metro,10.5276,76.2144,Bangalore,2021-22,2021,7,Jul,3,Monsoon,0,23.3,4.8,0.525,7839.0,1.0,7840.0,Medium,-0.4999999999999997,-0.8660254037844388,46.5,0,0,0,74.3
Monument,"Fort, Palakkad, Palakkad",Fort,Thrissur,Kerala,Metro,10.5276,76.2144,Bangalore,2021-22,2021,8,Aug,3,Monsoon,0,23.1,5.7,0.525,6462.0,1.0,6462.0,Medium,-0.8660254037844385,-0.5000000000000004,46.5,3,1,0,74.3
Monument,"Fort, Palakkad, Palakkad",Fort,Thrissur,Kerala,Metro,10.5276,76.2144,Bangalore,2021-22,2021,9,Sep,3,Monsoon,0,23.6,8.0,0.525,6655.0,1.0,6656.0,Medium,-1.0,-1.8369701987210297e-16,46.5,1,1,0,74.3
Monument,"Fort, Palakkad, Palakkad",Fort,Thrissur,Kerala,Metro,10.5276,76.2144,Bangalore,2021-22,2021,10,Oct,4,Autumn,1,23.2,8.0,0.525,8241.0,1.0,8242.0,Medium,-0.8660254037844386,0.5000000000000001,46.5,1,1,1,74.3
Monument,"Fort, Palakkad, Palakkad",Fort,Thrissur,Kerala,Metro,10.5276,76.2144,Bangalore,2021-22,2021,11,Nov,4,Autumn,1,22.1,3.7,0.525,9444.0,1.0,9445.0,Medium,-0.5000000000000004,0.8660254037844384,46.5,1,1,0,74.3
Monument,"Fort, Palakkad, Palakkad",Fort,Thrissur,Kerala,Metro,10.5276,76.2144,Bangalore,2021-22,2021,12,Dec,4,Winter,1,21.0,1.2,0.525,10391.0,1.0,10392.0,Medium,-2.4492935982947064e-16,1.0,46.5,1,1,2,74.3
Monument,"Fort, Palakkad, Palakkad",Fort,Thrissur,Kerala,Metro,10.5276,76.2144,Bangalore,2021-22,2022,1,Jan,1,Winter,1,21.5,0.1,0.525,9684.0,1.0,9685.0,Medium,0.49999999999999994,0.8660254037844387,46.5,2,1,0,78.6
Monument,"Fort, Palakkad, Palakkad",Fort,Thrissur,Kerala,Metro,10.5276,76.2144,Bangalore,2021-22,2022,2,Feb,1,Winter,1,23.7,0.4,0.525,10128.0,1.0,10129.0,Medium,0.8660254037844386,0.5000000000000001,46.5,0,0,0,78.6
Monument,"Fort, Palakkad, Palakkad",Fort,Thrissur,Kerala,Metro,10.5276,76.2144,Bangalore,2021-22,2022,3,Mar,1,Summer,1,26.4,1.2,0.525,8361.0,1.0,8362.0,Medium,1.0,6.123233995736766e-17,46.5,1,1,0,78.6
Monument,"Fort, Palakkad, Palakkad",Fort,Thrissur,Kerala,Metro,10.5276,76.2144,Bangalore,2022-23,2022,4,Apr,2,Summer,0,27.4,4.6,0.525,17059.0,17.0,17075.0,High,0.8660254037844387,-0.4999999999999998,46.5,0,0,1,78.6
Monument,"Fort, Palakkad, Palakkad",Fort,Thrissur,Kerala,Metro,10.5276,76.2144,Bangalore,2022-23,2022,5,May,2,Summer,0,26.4,5.8,0.525,16301.0,16.0,16317.0,Medium,0.49999999999999994,-0.8660254037844387,46.5,0,0,3,78.6
Monument,"Fort, Palakkad, Palakkad",Fort,Thrissur,Kerala,Metro,10.5276,76.2144,Bangalore,2022-23,2022,6,Jun,2,Summer,0,24.3,4.2,0.525,17620.0,17.0,17637.0,High,1.2246467991473532e-16,-1.0,46.5,0,0,2,78.6
Monument,"Fort, Palakkad, Palakkad",Fort,Thrissur,Kerala,Metro,10.5276,76.2144,Bangalore,2022-23,2022,7,Jul,3,Monsoon,0,23.3,4.8,0.525,21103.0,21.0,21124.0,High,-0.4999999999999997,-0.8660254037844388,46.5,0,0,0,78.6
Monument,"Fort, Palakkad, Palakkad",Fort,Thrissur,Kerala,Metro,10.5276,76.2144,Bangalore,2022-23,2022,8,Aug,3,Monsoon,0,23.1,5.7,0.525,17395.0,17.0,17412.0,High,-0.8660254037844385,-0.5000000000000004,46.5,3,1,0,78.6
Monument,"Fort, Palakkad, Palakkad",Fort,Thrissur,Kerala,Metro,10.5276,76.2144,Bangalore,2022-23,2022,9,Sep,3,Monsoon,0,23.6,8.0,0.525,17916.0,17.0,17933.0,High,-1.0,-1.8369701987210297e-16,46.5,1,1,0,78.6
Monument,"Fort, Palakkad, Palakkad",Fort,Thrissur,Kerala,Metro,10.5276,76.2144,Bangalore,2022-23,2022,10,Oct,4,Autumn,1,23.2,8.0,0.525,22184.0,22.0,22205.0,High,-0.8660254037844386,0.5000000000000001,46.5,2,1,1,78.6
Monument,"Fort, Palakkad, Palakkad",Fort,Thrissur,Kerala,Metro,10.5276,76.2144,Bangalore,2022-23,2022,11,Nov,4,Autumn,1,22.1,3.7,0.525,25422.0,25.0,25447.0,High,-0.5000000000000004,0.8660254037844384,46.5,0,0,0,78.6
Monument,"Fort, Palakkad, Palakkad",Fort,Thrissur,Kerala,Metro,10.5276,76.2144,Bangalore,2022-23,2022,12,Dec,4,Winter,1,21.0,1.2,0.525,27973.0,27.0,28000.0,High,-2.4492935982947064e-16,1.0,46.5,1,1,2,78.6
Monument,"Fort, Palakkad, Palakkad",Fort,Thrissur,Kerala,Metro,10.5276,76.2144,Bangalore,2022-23,2023,1,Jan,1,Winter,1,21.5,0.1,0.525,26069.0,25.0,26094.0,High,0.49999999999999994,0.8660254037844387,46.5,2,1,0,82.6
Monument,"Fort, Palakkad, Palakkad",Fort,Thrissur,Kerala,Metro,10.5276,76.2144,Bangalore,2022-23,2023,2,Feb,1,Winter,1,23.7,0.4,0.525,27263.0,27.0,27290.0,High,0.8660254037844386,0.5000000000000001,46.5,0,0,0,82.6
Monument,"Fort, Palakkad, Palakkad",Fort,Thrissur,Kerala,Metro,10.5276,76.2144,Bangalore,2022-23,2023,3,Mar,1,Summer,1,26.4,1.2,0.525,22508.0,22.0,22529.0,High,1.0,6.123233995736766e-17,46.5,1,1,0,82.6
Monument,Fortress and Temple Chitrudurga Fort,Fort,Bangalore,Karnataka,Metro,12.9716,77.5946,Bangalore,2021-22,2021,4,Apr,2,Summer,0,27.4,4.6,0.667,13873.0,54.0,13927.0,Medium,0.8660254037844387,-0.4999999999999998,28.0,0,0,1,74.3
Monument,Fortress and Temple Chitrudurga Fort,Fort,Bangalore,Karnataka,Metro,12.9716,77.5946,Bangalore,2021-22,2021,5,May,2,Summer,0,26.4,5.8,0.667,13257.0,52.0,13308.0,Medium,0.49999999999999994,-0.8660254037844387,28.0,0,0,3,74.3
Monument,Fortress and Temple Chitrudurga Fort,Fort,Bangalore,Karnataka,Metro,12.9716,77.5946,Bangalore,2021-22,2021,6,Jun,2,Summer,0,24.3,4.2,0.667,14330.0,56.0,14385.0,Medium,1.2246467991473532e-16,-1.0,28.0,0,0,2,74.3
Monument,Fortress and Temple Chitrudurga Fort,Fort,Bangalore,Karnataka,Metro,12.9716,77.5946,Bangalore,2021-22,2021,7,Jul,3,Monsoon,0,23.3,4.8,0.667,17162.0,67.0,17229.0,High,-0.4999999999999997,-0.8660254037844388,28.0,0,0,0,74.3
Monument,Fortress and Temple Chitrudurga Fort,Fort,Bangalore,Karnataka,Metro,12.9716,77.5946,Bangalore,2021-22,2021,8,Aug,3,Monsoon,0,23.1,5.7,0.667,14147.0,55.0,14202.0,Medium,-0.8660254037844385,-0.5000000000000004,28.0,3,1,0,74.3
Monument,Fortress and Temple Chitrudurga Fort,Fort,Bangalore,Karnataka,Metro,12.9716,77.5946,Bangalore,2021-22,2021,9,Sep,3,Monsoon,0,23.6,8.0,0.667,14570.0,57.0,14627.0,Medium,-1.0,-1.8369701987210297e-16,28.0,1,1,0,74.3
Monument,Fortress and Temple Chitrudurga Fort,Fort,Bangalore,Karnataka,Metro,12.9716,77.5946,Bangalore,2021-22,2021,10,Oct,4,Autumn,1,23.2,8.0,0.667,18041.0,70.0,18112.0,High,-0.8660254037844386,0.5000000000000001,28.0,1,1,1,74.3
Monument,Fortress and Temple Chitrudurga Fort,Fort,Bangalore,Karnataka,Metro,12.9716,77.5946,Bangalore,2021-22,2021,11,Nov,4,Autumn,1,22.1,3.7,0.667,20675.0,80.0,20755.0,High,-0.5000000000000004,0.8660254037844384,28.0,1,1,0,74.3
Monument,Fortress and Temple Chitrudurga Fort,Fort,Bangalore,Karnataka,Metro,12.9716,77.5946,Bangalore,2021-22,2021,12,Dec,4,Winter,1,21.0,1.2,0.667,22750.0,89.0,22838.0,High,-2.4492935982947064e-16,1.0,28.0,1,1,2,74.3
Monument,Fortress and Temple Chitrudurga Fort,Fort,Bangalore,Karnataka,Metro,12.9716,77.5946,Bangalore,2021-22,2022,1,Jan,1,Winter,1,21.5,0.1,0.667,21201.0,82.0,21283.0,High,0.49999999999999994,0.8660254037844387,28.0,2,1,0,78.6
Monument,Fortress and Temple Chitrudurga Fort,Fort,Bangalore,Karnataka,Metro,12.9716,77.5946,Bangalore,2021-22,2022,2,Feb,1,Winter,1,23.7,0.4,0.667,22172.0,86.0,22259.0,High,0.8660254037844386,0.5000000000000001,28.0,0,0,0,78.6
Monument,Fortress and Temple Chitrudurga Fort,Fort,Bangalore,Karnataka,Metro,12.9716,77.5946,Bangalore,2021-22,2022,3,Mar,1,Summer,1,26.4,1.2,0.667,18305.0,71.0,18376.0,High,1.0,6.123233995736766e-17,28.0,1,1,0,78.6
Monument,Fortress and Temple Chitrudurga Fort,Fort,Bangalore,Karnataka,Metro,12.9716,77.5946,Bangalore,2022-23,2022,4,Apr,2,Summer,0,27.4,4.6,0.667,26873.0,119.0,26992.0,High,0.8660254037844387,-0.4999999999999998,28.0,0,0,1,78.6
Monument,Fortress and Temple Chitrudurga Fort,Fort,Bangalore,Karnataka,Metro,12.9716,77.5946,Bangalore,2022-23,2022,5,May,2,Summer,0,26.4,5.8,0.667,25679.0,114.0,25793.0,High,0.49999999999999994,-0.8660254037844387,28.0,0,0,3,78.6
Monument,Fortress and Temple Chitrudurga Fort,Fort,Bangalore,Karnataka,Metro,12.9716,77.5946,Bangalore,2022-23,2022,6,Jun,2,Summer,0,24.3,4.2,0.667,27757.0,123.0,27880.0,High,1.2246467991473532e-16,-1.0,28.0,0,0,2,78.6
Monument,Fortress and Temple Chitrudurga Fort,Fort,Bangalore,Karnataka,Metro,12.9716,77.5946,Bangalore,2022-23,2022,7,Jul,3,Monsoon,0,23.3,4.8,0.667,33244.0,148.0,33392.0,High,-0.4999999999999997,-0.8660254037844388,28.0,0,0,0,78.6
Monument,Fortress and Temple Chitrudurga Fort,Fort,Bangalore,Karnataka,Metro,12.9716,77.5946,Bangalore,2022-23,2022,8,Aug,3,Monsoon,0,23.1,5.7,0.667,27403.0,122.0,27524.0,High,-0.8660254037844385,-0.5000000000000004,28.0,3,1,0,78.6
Monument,Fortress and Temple Chitrudurga Fort,Fort,Bangalore,Karnataka,Metro,12.9716,77.5946,Bangalore,2022-23,2022,9,Sep,3,Monsoon,0,23.6,8.0,0.667,28223.0,125.0,28349.0,High,-1.0,-1.8369701987210297e-16,28.0,1,1,0,78.6
Monument,Fortress and Temple Chitrudurga Fort,Fort,Bangalore,Karnataka,Metro,12.9716,77.5946,Bangalore,2022-23,2022,10,Oct,4,Autumn,1,23.2,8.0,0.667,34947.0,155.0,35102.0,High,-0.8660254037844386,0.5000000000000001,28.0,2,1,1,78.6
Monument,Fortress and Temple Chitrudurga Fort,Fort,Bangalore,Karnataka,Metro,12.9716,77.5946,Bangalore,2022-23,2022,11,Nov,4,Autumn,1,22.1,3.7,0.667,40048.0,178.0,40225.0,High,-0.5000000000000004,0.8660254037844384,28.0,0,0,0,78.6
Monument,Fortress and Temple Chitrudurga Fort,Fort,Bangalore,Karnataka,Metro,12.9716,77.5946,Bangalore,2022-23,2022,12,Dec,4,Winter,1,21.0,1.2,0.667,44067.0,196.0,44262.0,High,-2.4492935982947064e-16,1.0,28.0,1,1,2,78.6
Monument,Fortress and Temple Chitrudurga Fort,Fort,Bangalore,Karnataka,Metro,12.9716,77.5946,Bangalore,2022-23,2023,1,Jan,1,Winter,1,21.5,0.1,0.667,41067.0,182.0,41249.0,High,0.49999999999999994,0.8660254037844387,28.0,2,1,0,82.6
Monument,Fortress and Temple Chitrudurga Fort,Fort,Bangalore,Karnataka,Metro,12.9716,77.5946,Bangalore,2022-23,2023,2,Feb,1,Winter,1,23.7,0.4,0.667,42949.0,191.0,43139.0,High,0.8660254037844386,0.5000000000000001,28.0,0,0,0,82.6
Monument,Fortress and Temple Chitrudurga Fort,Fort,Bangalore,Karnataka,Metro,12.9716,77.5946,Bangalore,2022-23,2023,3,Mar,1,Summer,1,26.4,1.2,0.667,35457.0,157.0,35614.0,High,1.0,6.123233995736766e-17,28.0,1,1,0,82.6
Monument,"Gingee Fort , Gingee",Fort,Chennai,Tamil Nadu,Metro,13.0827,80.2707,Chennai,2021-22,2021,4,Apr,2,Summer,0,30.3,1.4,0.546,12424.0,37.0,12461.0,Medium,0.8660254037844387,-0.4999999999999998,14.6,0,0,1,74.3
Monument,"Gingee Fort , Gingee",Fort,Chennai,Tamil Nadu,Metro,13.0827,80.2707,Chennai,2021-22,2021,5,May,2,Summer,0,31.7,3.2,0.546,11872.0,35.0,11907.0,Medium,0.49999999999999994,-0.8660254037844387,14.6,0,0,3,74.3
Monument,"Gingee Fort , Gingee",Fort,Chennai,Tamil Nadu,Metro,13.0827,80.2707,Chennai,2021-22,2021,6,Jun,2,Summer,0,31.4,3.6,0.546,12833.0,38.0,12871.0,Medium,1.2246467991473532e-16,-1.0,14.6,0,0,2,74.3
Monument,"Gingee Fort , Gingee",Fort,Chennai,Tamil Nadu,Metro,13.0827,80.2707,Chennai,2021-22,2021,7,Jul,3,Monsoon,0,30.3,5.0,0.546,15370.0,45.0,15415.0,Medium,-0.4999999999999997,-0.8660254037844388,14.6,0,0,0,74.3
Monument,"Gingee Fort , Gingee",Fort,Chennai,Tamil Nadu,Metro,13.0827,80.2707,Chennai,2021-22,2021,8,Aug,3,Monsoon,0,29.6,6.0,0.546,12669.0,37.0,12706.0,Medium,-0.8660254037844385,-0.5000000000000004,14.6,3,1,0,74.3
Monument,"Gingee Fort , Gingee",Fort,Chennai,Tamil Nadu,Metro,13.0827,80.2707,Chennai,2021-22,2021,9,Sep,3,Monsoon,0,29.2,6.0,0.546,13048.0,38.0,13087.0,Medium,-1.0,-1.8369701987210297e-16,14.6,1,1,0,74.3
Monument,"Gingee Fort , Gingee",Fort,Chennai,Tamil Nadu,Metro,13.0827,80.2707,Chennai,2021-22,2021,10,Oct,4,Autumn,1,27.9,13.3,0.546,16157.0,48.0,16204.0,Medium,-0.8660254037844386,0.5000000000000001,14.6,1,1,1,74.3
Monument,"Gingee Fort , Gingee",Fort,Chennai,Tamil Nadu,Metro,13.0827,80.2707,Chennai,2021-22,2021,11,Nov,4,Autumn,1,26.3,16.4,0.546,18515.0,55.0,18570.0,High,-0.5000000000000004,0.8660254037844384,14.6,1,1,0,74.3
Monument,"Gingee Fort , Gingee",Fort,Chennai,Tamil Nadu,Metro,13.0827,80.2707,Chennai,2021-22,2021,12,Dec,4,Winter,1,25.3,8.7,0.546,20373.0,60.0,20433.0,High,-2.4492935982947064e-16,1.0,14.6,1,1,2,74.3
Monument,"Gingee Fort , Gingee",Fort,Chennai,Tamil Nadu,Metro,13.0827,80.2707,Chennai,2021-22,2022,1,Jan,1,Winter,1,25.0,1.3,0.546,18986.0,56.0,19042.0,High,0.49999999999999994,0.8660254037844387,14.6,2,1,0,78.6
Monument,"Gingee Fort , Gingee",Fort,Chennai,Tamil Nadu,Metro,13.0827,80.2707,Chennai,2021-22,2022,2,Feb,1,Winter,1,26.2,0.9,0.546,19856.0,58.0,19915.0,High,0.8660254037844386,0.5000000000000001,14.6,0,0,0,78.6
Monument,"Gingee Fort , Gingee",Fort,Chennai,Tamil Nadu,Metro,13.0827,80.2707,Chennai,2021-22,2022,3,Mar,1,Summer,1,28.3,0.9,0.546,16393.0,48.0,16441.0,Medium,1.0,6.123233995736766e-17,14.6,1,1,0,78.6
Monument,"Gingee Fort , Gingee",Fort,Chennai,Tamil Nadu,Metro,13.0827,80.2707,Chennai,2022-23,2022,4,Apr,2,Summer,0,30.3,1.4,0.546,11817.0,125.0,11942.0,Medium,0.8660254037844387,-0.4999999999999998,14.6,0,0,1,78.6
Monument,"Gingee Fort , Gingee",Fort,Chennai,Tamil Nadu,Metro,13.0827,80.2707,Chennai,2022-23,2022,5,May,2,Summer,0,31.7,3.2,0.546,11292.0,119.0,11412.0,Medium,0.49999999999999994,-0.8660254037844387,14.6,0,0,3,78.6
Monument,"Gingee Fort , Gingee",Fort,Chennai,Tamil Nadu,Metro,13.0827,80.2707,Chennai,2022-23,2022,6,Jun,2,Summer,0,31.4,3.6,0.546,12206.0,129.0,12335.0,Medium,1.2246467991473532e-16,-1.0,14.6,0,0,2,78.6
Monument,"Gingee Fort , Gingee",Fort,Chennai,Tamil Nadu,Metro,13.0827,80.2707,Chennai,2022-23,2022,7,Jul,3,Monsoon,0,30.3,5.0,0.546,14619.0,155.0,14774.0,Medium,-0.4999999999999997,-0.8660254037844388,14.6,0,0,0,78.6
Monument,"Gingee Fort , Gingee",Fort,Chennai,Tamil Nadu,Metro,13.0827,80.2707,Chennai,2022-23,2022,8,Aug,3,Monsoon,0,29.6,6.0,0.546,12050.0,127.0,12178.0,Medium,-0.8660254037844385,-0.5000000000000004,14.6,3,1,0,78.6
Monument,"Gingee Fort , Gingee",Fort,Chennai,Tamil Nadu,Metro,13.0827,80.2707,Chennai,2022-23,2022,9,Sep,3,Monsoon,0,29.2,6.0,0.546,12411.0,131.0,12542.0,Medium,-1.0,-1.8369701987210297e-16,14.6,1,1,0,78.6
Monument,"Gingee Fort , Gingee",Fort,Chennai,Tamil Nadu,Metro,13.0827,80.2707,Chennai,2022-23,2022,10,Oct,4,Autumn,1,27.9,13.3,0.546,15368.0,163.0,15530.0,Medium,-0.8660254037844386,0.5000000000000001,14.6,2,1,1,78.6
Monument,"Gingee Fort , Gingee",Fort,Chennai,Tamil Nadu,Metro,13.0827,80.2707,Chennai,2022-23,2022,11,Nov,4,Autumn,1,26.3,16.4,0.546,17611.0,186.0,17797.0,High,-0.5000000000000004,0.8660254037844384,14.6,0,0,0,78.6
Monument,"Gingee Fort , Gingee",Fort,Chennai,Tamil Nadu,Metro,13.0827,80.2707,Chennai,2022-23,2022,12,Dec,4,Winter,1,25.3,8.7,0.546,19378.0,205.0,19583.0,High,-2.4492935982947064e-16,1.0,14.6,1,1,2,78.6
Monument,"Gingee Fort , Gingee",Fort,Chennai,Tamil Nadu,Metro,13.0827,80.2707,Chennai,2022-23,2023,1,Jan,1,Winter,1,25.0,1.3,0.546,18059.0,191.0,18250.0,High,0.49999999999999994,0.8660254037844387,14.6,2,1,0,82.6
Monument,"Gingee Fort , Gingee",Fort,Chennai,Tamil Nadu,Metro,13.0827,80.2707,Chennai,2022-23,2023,2,Feb,1,Winter,1,26.2,0.9,0.546,18886.0,200.0,19086.0,High,0.8660254037844386,0.5000000000000001,14.6,0,0,0,82.6
Monument,"Gingee Fort , Gingee",Fort,Chennai,Tamil Nadu,Metro,13.0827,80.2707,Chennai,2022-23,2023,3,Mar,1,Summer,1,28.3,0.9,0.546,15592.0,165.0,15757.0,Medium,1.0,6.123233995736766e-17,14.6,1,1,0,82.6
Monument,"Gol Gumbaz, Vijayapura",Other Heritage Site,Dharwad,Karnataka,Metro,15.4589,75.0078,Bangalore,2021-22,2021,4,Apr,2,Summer,0,27.4,4.6,0.794,29504.0,17.0,29521.0,High,0.8660254037844387,-0.4999999999999998,126.4,0,0,1,74.3
Monument,"Gol Gumbaz, Vijayapura",Other Heritage Site,Dharwad,Karnataka,Metro,15.4589,75.0078,Bangalore,2021-22,2021,5,May,2,Summer,0,26.4,5.8,0.794,28193.0,17.0,28209.0,High,0.49999999999999994,-0.8660254037844387,126.4,0,0,3,74.3
Monument,"Gol Gumbaz, Vijayapura",Other Heritage Site,Dharwad,Karnataka,Metro,15.4589,75.0078,Bangalore,2021-22,2021,6,Jun,2,Summer,0,24.3,4.2,0.794,30475.0,18.0,30492.0,High,1.2246467991473532e-16,-1.0,126.4,0,0,2,74.3
Monument,"Gol Gumbaz, Vijayapura",Other Heritage Site,Dharwad,Karnataka,Metro,15.4589,75.0078,Bangalore,2021-22,2021,7,Jul,3,Monsoon,0,23.3,4.8,0.794,36499.0,21.0,36520.0,High,-0.4999999999999997,-0.8660254037844388,126.4,0,0,0,74.3
Monument,"Gol Gumbaz, Vijayapura",Other Heritage Site,Dharwad,Karnataka,Metro,15.4589,75.0078,Bangalore,2021-22,2021,8,Aug,3,Monsoon,0,23.1,5.7,0.794,30085.0,18.0,30103.0,High,-0.8660254037844385,-0.5000000000000004,126.4,3,1,0,74.3
Monument,"Gol Gumbaz, Vijayapura",Other Heritage Site,Dharwad,Karnataka,Metro,15.4589,75.0078,Bangalore,2021-22,2021,9,Sep,3,Monsoon,0,23.6,8.0,0.794,30986.0,18.0,31005.0,High,-1.0,-1.8369701987210297e-16,126.4,1,1,0,74.3
Monument,"Gol Gumbaz, Vijayapura",Other Heritage Site,Dharwad,Karnataka,Metro,15.4589,75.0078,Bangalore,2021-22,2021,10,Oct,4,Autumn,1,23.2,8.0,0.794,38368.0,23.0,38390.0,High,-0.8660254037844386,0.5000000000000001,126.4,1,1,1,74.3
Monument,"Gol Gumbaz, Vijayapura",Other Heritage Site,Dharwad,Karnataka,Metro,15.4589,75.0078,Bangalore,2021-22,2021,11,Nov,4,Autumn,1,22.1,3.7,0.794,43968.0,26.0,43994.0,High,-0.5000000000000004,0.8660254037844384,126.4,1,1,0,74.3
Monument,"Gol Gumbaz, Vijayapura",Other Heritage Site,Dharwad,Karnataka,Metro,15.4589,75.0078,Bangalore,2021-22,2021,12,Dec,4,Winter,1,21.0,1.2,0.794,48381.0,28.0,48409.0,High,-2.4492935982947064e-16,1.0,126.4,1,1,2,74.3
Monument,"Gol Gumbaz, Vijayapura",Other Heritage Site,Dharwad,Karnataka,Metro,15.4589,75.0078,Bangalore,2021-22,2022,1,Jan,1,Winter,1,21.5,0.1,0.794,45087.0,26.0,45114.0,High,0.49999999999999994,0.8660254037844387,126.4,2,1,0,78.6
Monument,"Gol Gumbaz, Vijayapura",Other Heritage Site,Dharwad,Karnataka,Metro,15.4589,75.0078,Bangalore,2021-22,2022,2,Feb,1,Winter,1,23.7,0.4,0.794,47153.0,28.0,47181.0,High,0.8660254037844386,0.5000000000000001,126.4,0,0,0,78.6
Monument,"Gol Gumbaz, Vijayapura",Other Heritage Site,Dharwad,Karnataka,Metro,15.4589,75.0078,Bangalore,2021-22,2022,3,Mar,1,Summer,1,26.4,1.2,0.794,38928.0,23.0,38951.0,High,1.0,6.123233995736766e-17,126.4,1,1,0,78.6
Monument,"Gol Gumbaz, Vijayapura",Other Heritage Site,Dharwad,Karnataka,Metro,15.4589,75.0078,Bangalore,2022-23,2022,4,Apr,2,Summer,0,27.4,4.6,0.794,54780.0,50.0,54829.0,High,0.8660254037844387,-0.4999999999999998,126.4,0,0,1,78.6
Monument,"Gol Gumbaz, Vijayapura",Other Heritage Site,Dharwad,Karnataka,Metro,15.4589,75.0078,Bangalore,2022-23,2022,5,May,2,Summer,0,26.4,5.8,0.794,52345.0,48.0,52393.0,High,0.49999999999999994,-0.8660254037844387,126.4,0,0,3,78.6
Monument,"Gol Gumbaz, Vijayapura",Other Heritage Site,Dharwad,Karnataka,Metro,15.4589,75.0078,Bangalore,2022-23,2022,6,Jun,2,Summer,0,24.3,4.2,0.794,56582.0,51.0,56633.0,High,1.2246467991473532e-16,-1.0,126.4,0,0,2,78.6
Monument,"Gol Gumbaz, Vijayapura",Other Heritage Site,Dharwad,Karnataka,Metro,15.4589,75.0078,Bangalore,2022-23,2022,7,Jul,3,Monsoon,0,23.3,4.8,0.794,67767.0,62.0,67829.0,High,-0.4999999999999997,-0.8660254037844388,126.4,0,0,0,78.6
Monument,"Gol Gumbaz, Vijayapura",Other Heritage Site,Dharwad,Karnataka,Metro,15.4589,75.0078,Bangalore,2022-23,2022,8,Aug,3,Monsoon,0,23.1,5.7,0.794,55860.0,51.0,55910.0,High,-0.8660254037844385,-0.5000000000000004,126.4,3,1,0,78.6
Monument,"Gol Gumbaz, Vijayapura",Other Heritage Site,Dharwad,Karnataka,Metro,15.4589,75.0078,Bangalore,2022-23,2022,9,Sep,3,Monsoon,0,23.6,8.0,0.794,57532.0,52.0,57585.0,High,-1.0,-1.8369701987210297e-16,126.4,1,1,0,78.6
Monument,"Gol Gumbaz, Vijayapura",Other Heritage Site,Dharwad,Karnataka,Metro,15.4589,75.0078,Bangalore,2022-23,2022,10,Oct,4,Autumn,1,23.2,8.0,0.794,71238.0,65.0,71302.0,High,-0.8660254037844386,0.5000000000000001,126.4,2,1,1,78.6
Monument,"Gol Gumbaz, Vijayapura",Other Heritage Site,Dharwad,Karnataka,Metro,15.4589,75.0078,Bangalore,2022-23,2022,11,Nov,4,Autumn,1,22.1,3.7,0.794,81636.0,74.0,81710.0,High,-0.5000000000000004,0.8660254037844384,126.4,0,0,0,78.6
Monument,"Gol Gumbaz, Vijayapura",Other Heritage Site,Dharwad,Karnataka,Metro,15.4589,75.0078,Bangalore,2022-23,2022,12,Dec,4,Winter,1,21.0,1.2,0.794,89829.0,82.0,89910.0,High,-2.4492935982947064e-16,1.0,126.4,1,1,2,78.6
Monument,"Gol Gumbaz, Vijayapura",Other Heritage Site,Dharwad,Karnataka,Metro,15.4589,75.0078,Bangalore,2022-23,2023,1,Jan,1,Winter,1,21.5,0.1,0.794,83714.0,76.0,83790.0,High,0.49999999999999994,0.8660254037844387,126.4,2,1,0,82.6
Monument,"Gol Gumbaz, Vijayapura",Other Heritage Site,Dharwad,Karnataka,Metro,15.4589,75.0078,Bangalore,2022-23,2023,2,Feb,1,Winter,1,23.7,0.4,0.794,87549.0,80.0,87629.0,High,0.8660254037844386,0.5000000000000001,126.4,0,0,0,82.6
Monument,"Gol Gumbaz, Vijayapura",Other Heritage Site,Dharwad,Karnataka,Metro,15.4589,75.0078,Bangalore,2022-23,2023,3,Mar,1,Summer,1,26.4,1.2,0.794,72277.0,66.0,72343.0,High,1.0,6.123233995736766e-17,126.4,1,1,0,82.6
Monument,Golconda,Other Heritage Site,Hyderabad,Telangana,Metro,17.385,78.4867,Bangalore,2021-22,2021,4,Apr,2,Summer,0,27.4,4.6,0.844,62416.0,100.0,62516.0,High,0.8660254037844387,-0.4999999999999998,17.2,0,0,1,74.3
Monument,Golconda,Other Heritage Site,Hyderabad,Telangana,Metro,17.385,78.4867,Bangalore,2021-22,2021,5,May,2,Summer,0,26.4,5.8,0.844,59643.0,95.0,59738.0,High,0.49999999999999994,-0.8660254037844387,17.2,0,0,3,74.3
Monument,Golconda,Other Heritage Site,Hyderabad,Telangana,Metro,17.385,78.4867,Bangalore,2021-22,2021,6,Jun,2,Summer,0,24.3,4.2,0.844,64470.0,103.0,64573.0,High,1.2246467991473532e-16,-1.0,17.2,0,0,2,74.3
Monument,Golconda,Other Heritage Site,Hyderabad,Telangana,Metro,17.385,78.4867,Bangalore,2021-22,2021,7,Jul,3,Monsoon,0,23.3,4.8,0.844,77215.0,123.0,77338.0,High,-0.4999999999999997,-0.8660254037844388,17.2,0,0,0,74.3
Monument,Golconda,Other Heritage Site,Hyderabad,Telangana,Metro,17.385,78.4867,Bangalore,2021-22,2021,8,Aug,3,Monsoon,0,23.1,5.7,0.844,63647.0,102.0,63749.0,High,-0.8660254037844385,-0.5000000000000004,17.2,3,1,0,74.3
Monument,Golconda,Other Heritage Site,Hyderabad,Telangana,Metro,17.385,78.4867,Bangalore,2021-22,2021,9,Sep,3,Monsoon,0,23.6,8.0,0.844,65553.0,105.0,65658.0,High,-1.0,-1.8369701987210297e-16,17.2,1,1,0,74.3
Monument,Golconda,Other Heritage Site,Hyderabad,Telangana,Metro,17.385,78.4867,Bangalore,2021-22,2021,10,Oct,4,Autumn,1,23.2,8.0,0.844,81169.0,130.0,81298.0,High,-0.8660254037844386,0.5000000000000001,17.2,1,1,1,74.3
Monument,Golconda,Other Heritage Site,Hyderabad,Telangana,Metro,17.385,78.4867,Bangalore,2021-22,2021,11,Nov,4,Autumn,1,22.1,3.7,0.844,93016.0,148.0,93165.0,High,-0.5000000000000004,0.8660254037844384,17.2,1,1,0,74.3
Monument,Golconda,Other Heritage Site,Hyderabad,Telangana,Metro,17.385,78.4867,Bangalore,2021-22,2021,12,Dec,4,Winter,1,21.0,1.2,0.844,102351.0,163.0,102515.0,High,-2.4492935982947064e-16,1.0,17.2,1,1,2,74.3
Monument,Golconda,Other Heritage Site,Hyderabad,Telangana,Metro,17.385,78.4867,Bangalore,2021-22,2022,1,Jan,1,Winter,1,21.5,0.1,0.844,95384.0,152.0,95536.0,High,0.49999999999999994,0.8660254037844387,17.2,2,1,0,78.6
Monument,Golconda,Other Heritage Site,Hyderabad,Telangana,Metro,17.385,78.4867,Bangalore,2021-22,2022,2,Feb,1,Winter,1,23.7,0.4,0.844,99755.0,159.0,99914.0,High,0.8660254037844386,0.5000000000000001,17.2,0,0,0,78.6
Monument,Golconda,Other Heritage Site,Hyderabad,Telangana,Metro,17.385,78.4867,Bangalore,2021-22,2022,3,Mar,1,Summer,1,26.4,1.2,0.844,82353.0,131.0,82485.0,High,1.0,6.123233995736766e-17,17.2,1,1,0,78.6
Monument,Golconda,Other Heritage Site,Hyderabad,Telangana,Metro,17.385,78.4867,Bangalore,2022-23,2022,4,Apr,2,Summer,0,27.4,4.6,0.844,100628.0,759.0,101387.0,High,0.8660254037844387,-0.4999999999999998,17.2,0,0,1,78.6
Monument,Golconda,Other Heritage Site,Hyderabad,Telangana,Metro,17.385,78.4867,Bangalore,2022-23,2022,5,May,2,Summer,0,26.4,5.8,0.844,96157.0,725.0,96882.0,High,0.49999999999999994,-0.8660254037844387,17.2,0,0,3,78.6
Monument,Golconda,Other Heritage Site,Hyderabad,Telangana,Metro,17.385,78.4867,Bangalore,2022-23,2022,6,Jun,2,Summer,0,24.3,4.2,0.844,103939.0,784.0,104723.0,High,1.2246467991473532e-16,-1.0,17.2,0,0,2,78.6
Monument,Golconda,Other Heritage Site,Hyderabad,Telangana,Metro,17.385,78.4867,Bangalore,2022-23,2022,7,Jul,3,Monsoon,0,23.3,4.8,0.844,124486.0,938.0,125425.0,High,-0.4999999999999997,-0.8660254037844388,17.2,0,0,0,78.6
Monument,Golconda,Other Heritage Site,Hyderabad,Telangana,Metro,17.385,78.4867,Bangalore,2022-23,2022,8,Aug,3,Monsoon,0,23.1,5.7,0.844,102612.0,774.0,103386.0,High,-0.8660254037844385,-0.5000000000000004,17.2,3,1,0,78.6
Monument,Golconda,Other Heritage Site,Hyderabad,Telangana,Metro,17.385,78.4867,Bangalore,2022-23,2022,9,Sep,3,Monsoon,0,23.6,8.0,0.844,105685.0,797.0,106482.0,High,-1.0,-1.8369701987210297e-16,17.2,1,1,0,78.6
Monument,Golconda,Other Heritage Site,Hyderabad,Telangana,Metro,17.385,78.4867,Bangalore,2022-23,2022,10,Oct,4,Autumn,1,23.2,8.0,0.844,130861.0,986.0,131848.0,High,-0.8660254037844386,0.5000000000000001,17.2,2,1,1,78.6
Monument,Golconda,Other Heritage Site,Hyderabad,Telangana,Metro,17.385,78.4867,Bangalore,2022-23,2022,11,Nov,4,Autumn,1,22.1,3.7,0.844,149962.0,1130.0,151093.0,High,-0.5000000000000004,0.8660254037844384,17.2,0,0,0,78.6
Monument,Golconda,Other Heritage Site,Hyderabad,Telangana,Metro,17.385,78.4867,Bangalore,2022-23,2022,12,Dec,4,Winter,1,21.0,1.2,0.844,165012.0,1244.0,166256.0,High,-2.4492935982947064e-16,1.0,17.2,1,1,2,78.6
Monument,Golconda,Other Heritage Site,Hyderabad,Telangana,Metro,17.385,78.4867,Bangalore,2022-23,2023,1,Jan,1,Winter,1,21.5,0.1,0.844,153779.0,1159.0,154938.0,High,0.49999999999999994,0.8660254037844387,17.2,2,1,0,82.6
Monument,Golconda,Other Heritage Site,Hyderabad,Telangana,Metro,17.385,78.4867,Bangalore,2022-23,2023,2,Feb,1,Winter,1,23.7,0.4,0.844,160825.0,1212.0,162038.0,High,0.8660254037844386,0.5000000000000001,17.2,0,0,0,82.6
Monument,Golconda,Other Heritage Site,Hyderabad,Telangana,Metro,17.385,78.4867,Bangalore,2022-23,2023,3,Mar,1,Summer,1,26.4,1.2,0.844,132771.0,1001.0,133772.0,High,1.0,6.123233995736766e-17,17.2,1,1,0,82.6
Monument,Group of Monuments (WH) Pattadakal,Other Heritage Site,Dharwad,Karnataka,Metro,15.4589,75.0078,Bangalore,2021-22,2021,4,Apr,2,Summer,0,27.4,4.6,0.61,10390.0,5.0,10395.0,Medium,0.8660254037844387,-0.4999999999999998,126.4,0,0,1,74.3
Monument,Group of Monuments (WH) Pattadakal,Other Heritage Site,Dharwad,Karnataka,Metro,15.4589,75.0078,Bangalore,2021-22,2021,5,May,2,Summer,0,26.4,5.8,0.61,9928.0,5.0,9933.0,Medium,0.49999999999999994,-0.8660254037844387,126.4,0,0,3,74.3
Monument,Group of Monuments (WH) Pattadakal,Other Heritage Site,Dharwad,Karnataka,Metro,15.4589,75.0078,Bangalore,2021-22,2021,6,Jun,2,Summer,0,24.3,4.2,0.61,10732.0,5.0,10737.0,Medium,1.2246467991473532e-16,-1.0,126.4,0,0,2,74.3
Monument,Group of Monuments (WH) Pattadakal,Other Heritage Site,Dharwad,Karnataka,Metro,15.4589,75.0078,Bangalore,2021-22,2021,7,Jul,3,Monsoon,0,23.3,4.8,0.61,12853.0,6.0,12860.0,Medium,-0.4999999999999997,-0.8660254037844388,126.4,0,0,0,74.3
Monument,Group of Monuments (WH) Pattadakal,Other Heritage Site,Dharwad,Karnataka,Metro,15.4589,75.0078,Bangalore,2021-22,2021,8,Aug,3,Monsoon,0,23.1,5.7,0.61,10595.0,5.0,10600.0,Medium,-0.8660254037844385,-0.5000000000000004,126.4,3,1,0,74.3
Monument,Group of Monuments (WH) Pattadakal,Other Heritage Site,Dharwad,Karnataka,Metro,15.4589,75.0078,Bangalore,2021-22,2021,9,Sep,3,Monsoon,0,23.6,8.0,0.61,10912.0,5.0,10917.0,Medium,-1.0,-1.8369701987210297e-16,126.4,1,1,0,74.3
Monument,Group of Monuments (WH) Pattadakal,Other Heritage Site,Dharwad,Karnataka,Metro,15.4589,75.0078,Bangalore,2021-22,2021,10,Oct,4,Autumn,1,23.2,8.0,0.61,13511.0,7.0,13518.0,Medium,-0.8660254037844386,0.5000000000000001,126.4,1,1,1,74.3
Monument,Group of Monuments (WH) Pattadakal,Other Heritage Site,Dharwad,Karnataka,Metro,15.4589,75.0078,Bangalore,2021-22,2021,11,Nov,4,Autumn,1,22.1,3.7,0.61,15484.0,8.0,15491.0,Medium,-0.5000000000000004,0.8660254037844384,126.4,1,1,0,74.3
Monument,Group of Monuments (WH) Pattadakal,Other Heritage Site,Dharwad,Karnataka,Metro,15.4589,75.0078,Bangalore,2021-22,2021,12,Dec,4,Winter,1,21.0,1.2,0.61,17038.0,9.0,17046.0,High,-2.4492935982947064e-16,1.0,126.4,1,1,2,74.3
Monument,Group of Monuments (WH) Pattadakal,Other Heritage Site,Dharwad,Karnataka,Metro,15.4589,75.0078,Bangalore,2021-22,2022,1,Jan,1,Winter,1,21.5,0.1,0.61,15878.0,8.0,15886.0,Medium,0.49999999999999994,0.8660254037844387,126.4,2,1,0,78.6
Monument,Group of Monuments (WH) Pattadakal,Other Heritage Site,Dharwad,Karnataka,Metro,15.4589,75.0078,Bangalore,2021-22,2022,2,Feb,1,Winter,1,23.7,0.4,0.61,16605.0,8.0,16614.0,Medium,0.8660254037844386,0.5000000000000001,126.4,0,0,0,78.6
Monument,Group of Monuments (WH) Pattadakal,Other Heritage Site,Dharwad,Karnataka,Metro,15.4589,75.0078,Bangalore,2021-22,2022,3,Mar,1,Summer,1,26.4,1.2,0.61,13709.0,7.0,13715.0,Medium,1.0,6.123233995736766e-17,126.4,1,1,0,78.6
Monument,Group of Monuments (WH) Pattadakal,Other Heritage Site,Dharwad,Karnataka,Metro,15.4589,75.0078,Bangalore,2022-23,2022,4,Apr,2,Summer,0,27.4,4.6,0.61,20222.0,155.0,20378.0,High,0.8660254037844387,-0.4999999999999998,126.4,0,0,1,78.6
Monument,Group of Monuments (WH) Pattadakal,Other Heritage Site,Dharwad,Karnataka,Metro,15.4589,75.0078,Bangalore,2022-23,2022,5,May,2,Summer,0,26.4,5.8,0.61,19324.0,149.0,19472.0,High,0.49999999999999994,-0.8660254037844387,126.4,0,0,3,78.6
Monument,Group of Monuments (WH) Pattadakal,Other Heritage Site,Dharwad,Karnataka,Metro,15.4589,75.0078,Bangalore,2022-23,2022,6,Jun,2,Summer,0,24.3,4.2,0.61,20888.0,161.0,21048.0,High,1.2246467991473532e-16,-1.0,126.4,0,0,2,78.6
Monument,Group of Monuments (WH) Pattadakal,Other Heritage Site,Dharwad,Karnataka,Metro,15.4589,75.0078,Bangalore,2022-23,2022,7,Jul,3,Monsoon,0,23.3,4.8,0.61,25017.0,192.0,25209.0,High,-0.4999999999999997,-0.8660254037844388,126.4,0,0,0,78.6
Monument,Group of Monuments (WH) Pattadakal,Other Heritage Site,Dharwad,Karnataka,Metro,15.4589,75.0078,Bangalore,2022-23,2022,8,Aug,3,Monsoon,0,23.1,5.7,0.61,20621.0,159.0,20779.0,High,-0.8660254037844385,-0.5000000000000004,126.4,3,1,0,78.6
Monument,Group of Monuments (WH) Pattadakal,Other Heritage Site,Dharwad,Karnataka,Metro,15.4589,75.0078,Bangalore,2022-23,2022,9,Sep,3,Monsoon,0,23.6,8.0,0.61,21238.0,163.0,21402.0,High,-1.0,-1.8369701987210297e-16,126.4,1,1,0,78.6
Monument,Group of Monuments (WH) Pattadakal,Other Heritage Site,Dharwad,Karnataka,Metro,15.4589,75.0078,Bangalore,2022-23,2022,10,Oct,4,Autumn,1,23.2,8.0,0.61,26298.0,202.0,26500.0,High,-0.8660254037844386,0.5000000000000001,126.4,2,1,1,78.6
Monument,Group of Monuments (WH) Pattadakal,Other Heritage Site,Dharwad,Karnataka,Metro,15.4589,75.0078,Bangalore,2022-23,2022,11,Nov,4,Autumn,1,22.1,3.7,0.61,30136.0,232.0,30368.0,High,-0.5000000000000004,0.8660254037844384,126.4,0,0,0,78.6
Monument,Group of Monuments (WH) Pattadakal,Other Heritage Site,Dharwad,Karnataka,Metro,15.4589,75.0078,Bangalore,2022-23,2022,12,Dec,4,Winter,1,21.0,1.2,0.61,33161.0,255.0,33416.0,High,-2.4492935982947064e-16,1.0,126.4,1,1,2,78.6
Monument,Group of Monuments (WH) Pattadakal,Other Heritage Site,Dharwad,Karnataka,Metro,15.4589,75.0078,Bangalore,2022-23,2023,1,Jan,1,Winter,1,21.5,0.1,0.61,30903.0,238.0,31141.0,High,0.49999999999999994,0.8660254037844387,126.4,2,1,0,82.6
Monument,Group of Monuments (WH) Pattadakal,Other Heritage Site,Dharwad,Karnataka,Metro,15.4589,75.0078,Bangalore,2022-23,2023,2,Feb,1,Winter,1,23.7,0.4,0.61,32319.0,248.0,32568.0,High,0.8660254037844386,0.5000000000000001,126.4,0,0,0,82.6
Monument,Group of Monuments (WH) Pattadakal,Other Heritage Site,Dharwad,Karnataka,Metro,15.4589,75.0078,Bangalore,2022-23,2023,3,Mar,1,Summer,1,26.4,1.2,0.61,26681.0,205.0,26887.0,High,1.0,6.123233995736766e-17,126.4,1,1,0,82.6
Monument,Group of Monuments Mamallapuram,Other Heritage Site,Chennai,Tamil Nadu,Metro,13.0827,80.2707,Chennai,2021-22,2021,4,Apr,2,Summer,0,30.3,1.4,0.851,75281.0,496.0,75777.0,High,0.8660254037844387,-0.4999999999999998,14.6,0,0,1,74.3
Monument,Group of Monuments Mamallapuram,Other Heritage Site,Chennai,Tamil Nadu,Metro,13.0827,80.2707,Chennai,2021-22,2021,5,May,2,Summer,0,31.7,3.2,0.851,71936.0,474.0,72410.0,High,0.49999999999999994,-0.8660254037844387,14.6,0,0,3,74.3
Monument,Group of Monuments Mamallapuram,Other Heritage Site,Chennai,Tamil Nadu,Metro,13.0827,80.2707,Chennai,2021-22,2021,6,Jun,2,Summer,0,31.4,3.6,0.851,77758.0,513.0,78271.0,High,1.2246467991473532e-16,-1.0,14.6,0,0,2,74.3
Monument,Group of Monuments Mamallapuram,Other Heritage Site,Chennai,Tamil Nadu,Metro,13.0827,80.2707,Chennai,2021-22,2021,7,Jul,3,Monsoon,0,30.3,5.0,0.851,93129.0,614.0,93743.0,High,-0.4999999999999997,-0.8660254037844388,14.6,0,0,0,74.3
Monument,Group of Monuments Mamallapuram,Other Heritage Site,Chennai,Tamil Nadu,Metro,13.0827,80.2707,Chennai,2021-22,2021,8,Aug,3,Monsoon,0,29.6,6.0,0.851,76765.0,506.0,77271.0,High,-0.8660254037844385,-0.5000000000000004,14.6,3,1,0,74.3
Monument,Group of Monuments Mamallapuram,Other Heritage Site,Chennai,Tamil Nadu,Metro,13.0827,80.2707,Chennai,2021-22,2021,9,Sep,3,Monsoon,0,29.2,6.0,0.851,79064.0,521.0,79585.0,High,-1.0,-1.8369701987210297e-16,14.6,1,1,0,74.3
Monument,Group of Monuments Mamallapuram,Other Heritage Site,Chennai,Tamil Nadu,Metro,13.0827,80.2707,Chennai,2021-22,2021,10,Oct,4,Autumn,1,27.9,13.3,0.851,97898.0,646.0,98544.0,High,-0.8660254037844386,0.5000000000000001,14.6,1,1,1,74.3
Monument,Group of Monuments Mamallapuram,Other Heritage Site,Chennai,Tamil Nadu,Metro,13.0827,80.2707,Chennai,2021-22,2021,11,Nov,4,Autumn,1,26.3,16.4,0.851,112188.0,740.0,112928.0,High,-0.5000000000000004,0.8660254037844384,14.6,1,1,0,74.3
Monument,Group of Monuments Mamallapuram,Other Heritage Site,Chennai,Tamil Nadu,Metro,13.0827,80.2707,Chennai,2021-22,2021,12,Dec,4,Winter,1,25.3,8.7,0.851,123447.0,814.0,124261.0,High,-2.4492935982947064e-16,1.0,14.6,1,1,2,74.3
Monument,Group of Monuments Mamallapuram,Other Heritage Site,Chennai,Tamil Nadu,Metro,13.0827,80.2707,Chennai,2021-22,2022,1,Jan,1,Winter,1,25.0,1.3,0.851,115043.0,759.0,115802.0,High,0.49999999999999994,0.8660254037844387,14.6,2,1,0,78.6
Monument,Group of Monuments Mamallapuram,Other Heritage Site,Chennai,Tamil Nadu,Metro,13.0827,80.2707,Chennai,2021-22,2022,2,Feb,1,Winter,1,26.2,0.9,0.851,120315.0,793.0,121108.0,High,0.8660254037844386,0.5000000000000001,14.6,0,0,0,78.6
Monument,Group of Monuments Mamallapuram,Other Heritage Site,Chennai,Tamil Nadu,Metro,13.0827,80.2707,Chennai,2021-22,2022,3,Mar,1,Summer,1,28.3,0.9,0.851,99327.0,655.0,99982.0,High,1.0,6.123233995736766e-17,14.6,1,1,0,78.6
Monument,Group of Monuments Mamallapuram,Other Heritage Site,Chennai,Tamil Nadu,Metro,13.0827,80.2707,Chennai,2022-23,2022,4,Apr,2,Summer,0,30.3,1.4,0.851,99342.0,1848.0,101190.0,High,0.8660254037844387,-0.4999999999999998,14.6,0,0,1,78.6
Monument,Group of Monuments Mamallapuram,Other Heritage Site,Chennai,Tamil Nadu,Metro,13.0827,80.2707,Chennai,2022-23,2022,5,May,2,Summer,0,31.7,3.2,0.851,94928.0,1766.0,96693.0,High,0.49999999999999994,-0.8660254037844387,14.6,0,0,3,78.6
Monument,Group of Monuments Mamallapuram,Other Heritage Site,Chennai,Tamil Nadu,Metro,13.0827,80.2707,Chennai,2022-23,2022,6,Jun,2,Summer,0,31.4,3.6,0.851,102611.0,1908.0,104519.0,High,1.2246467991473532e-16,-1.0,14.6,0,0,2,78.6
Monument,Group of Monuments Mamallapuram,Other Heritage Site,Chennai,Tamil Nadu,Metro,13.0827,80.2707,Chennai,2022-23,2022,7,Jul,3,Monsoon,0,30.3,5.0,0.851,122896.0,2286.0,125181.0,High,-0.4999999999999997,-0.8660254037844388,14.6,0,0,0,78.6
Monument,Group of Monuments Mamallapuram,Other Heritage Site,Chennai,Tamil Nadu,Metro,13.0827,80.2707,Chennai,2022-23,2022,8,Aug,3,Monsoon,0,29.6,6.0,0.851,101301.0,1884.0,103185.0,High,-0.8660254037844385,-0.5000000000000004,14.6,3,1,0,78.6
Monument,Group of Monuments Mamallapuram,Other Heritage Site,Chennai,Tamil Nadu,Metro,13.0827,80.2707,Chennai,2022-23,2022,9,Sep,3,Monsoon,0,29.2,6.0,0.851,104335.0,1941.0,106275.0,High,-1.0,-1.8369701987210297e-16,14.6,1,1,0,78.6
Monument,Group of Monuments Mamallapuram,Other Heritage Site,Chennai,Tamil Nadu,Metro,13.0827,80.2707,Chennai,2022-23,2022,10,Oct,4,Autumn,1,27.9,13.3,0.851,129189.0,2403.0,131592.0,High,-0.8660254037844386,0.5000000000000001,14.6,2,1,1,78.6
Monument,Group of Monuments Mamallapuram,Other Heritage Site,Chennai,Tamil Nadu,Metro,13.0827,80.2707,Chennai,2022-23,2022,11,Nov,4,Autumn,1,26.3,16.4,0.851,148046.0,2754.0,150799.0,High,-0.5000000000000004,0.8660254037844384,14.6,0,0,0,78.6
Monument,Group of Monuments Mamallapuram,Other Heritage Site,Chennai,Tamil Nadu,Metro,13.0827,80.2707,Chennai,2022-23,2022,12,Dec,4,Winter,1,25.3,8.7,0.851,162903.0,3030.0,165933.0,High,-2.4492935982947064e-16,1.0,14.6,1,1,2,78.6
Monument,Group of Monuments Mamallapuram,Other Heritage Site,Chennai,Tamil Nadu,Metro,13.0827,80.2707,Chennai,2022-23,2023,1,Jan,1,Winter,1,25.0,1.3,0.851,151814.0,2824.0,154637.0,High,0.49999999999999994,0.8660254037844387,14.6,2,1,0,82.6
Monument,Group of Monuments Mamallapuram,Other Heritage Site,Chennai,Tamil Nadu,Metro,13.0827,80.2707,Chennai,2022-23,2023,2,Feb,1,Winter,1,26.2,0.9,0.851,158770.0,2953.0,161723.0,High,0.8660254037844386,0.5000000000000001,14.6,0,0,0,82.6
Monument,Group of Monuments Mamallapuram,Other Heritage Site,Chennai,Tamil Nadu,Metro,13.0827,80.2707,Chennai,2022-23,2023,3,Mar,1,Summer,1,28.3,0.9,0.851,131074.0,2438.0,133512.0,High,1.0,6.123233995736766e-17,14.6,1,1,0,82.6
Monument,"Group of Monuments, Hampi",Other Heritage Site,Hampi,Karnataka,Metro,15.335,76.46,Bangalore,2021-22,2021,4,Apr,2,Summer,0,27.4,4.6,0.787,28075.0,82.0,28157.0,High,0.8660254037844387,-0.4999999999999998,272.9,0,0,1,74.3
Monument,"Group of Monuments, Hampi",Other Heritage Site,Hampi,Karnataka,Metro,15.335,76.46,Bangalore,2021-22,2021,5,May,2,Summer,0,26.4,5.8,0.787,26827.0,78.0,26906.0,High,0.49999999999999994,-0.8660254037844387,272.9,0,0,3,74.3
Monument,"Group of Monuments, Hampi",Other Heritage Site,Hampi,Karnataka,Metro,15.335,76.46,Bangalore,2021-22,2021,6,Jun,2,Summer,0,24.3,4.2,0.787,28999.0,85.0,29083.0,High,1.2246467991473532e-16,-1.0,272.9,0,0,2,74.3
Monument,"Group of Monuments, Hampi",Other Heritage Site,Hampi,Karnataka,Metro,15.335,76.46,Bangalore,2021-22,2021,7,Jul,3,Monsoon,0,23.3,4.8,0.787,34731.0,101.0,34833.0,High,-0.4999999999999997,-0.8660254037844388,272.9,0,0,0,74.3
Monument,"Group of Monuments, Hampi",Other Heritage Site,Hampi,Karnataka,Metro,15.335,76.46,Bangalore,2021-22,2021,8,Aug,3,Monsoon,0,23.1,5.7,0.787,28629.0,84.0,28712.0,High,-0.8660254037844385,-0.5000000000000004,272.9,3,1,0,74.3
Monument,"Group of Monuments, Hampi",Other Heritage Site,Hampi,Karnataka,Metro,15.335,76.46,Bangalore,2021-22,2021,9,Sep,3,Monsoon,0,23.6,8.0,0.787,29486.0,86.0,29572.0,High,-1.0,-1.8369701987210297e-16,272.9,1,1,0,74.3
Monument,"Group of Monuments, Hampi",Other Heritage Site,Hampi,Karnataka,Metro,15.335,76.46,Bangalore,2021-22,2021,10,Oct,4,Autumn,1,23.2,8.0,0.787,36510.0,107.0,36617.0,High,-0.8660254037844386,0.5000000000000001,272.9,1,1,1,74.3
Monument,"Group of Monuments, Hampi",Other Heritage Site,Hampi,Karnataka,Metro,15.335,76.46,Bangalore,2021-22,2021,11,Nov,4,Autumn,1,22.1,3.7,0.787,41839.0,122.0,41961.0,High,-0.5000000000000004,0.8660254037844384,272.9,1,1,0,74.3
Monument,"Group of Monuments, Hampi",Other Heritage Site,Hampi,Karnataka,Metro,15.335,76.46,Bangalore,2021-22,2021,12,Dec,4,Winter,1,21.0,1.2,0.787,46038.0,134.0,46172.0,High,-2.4492935982947064e-16,1.0,272.9,1,1,2,74.3
Monument,"Group of Monuments, Hampi",Other Heritage Site,Hampi,Karnataka,Metro,15.335,76.46,Bangalore,2021-22,2022,1,Jan,1,Winter,1,21.5,0.1,0.787,42904.0,125.0,43029.0,High,0.49999999999999994,0.8660254037844387,272.9,2,1,0,78.6
Monument,"Group of Monuments, Hampi",Other Heritage Site,Hampi,Karnataka,Metro,15.335,76.46,Bangalore,2021-22,2022,2,Feb,1,Winter,1,23.7,0.4,0.787,44870.0,131.0,45001.0,High,0.8660254037844386,0.5000000000000001,272.9,0,0,0,78.6
Monument,"Group of Monuments, Hampi",Other Heritage Site,Hampi,Karnataka,Metro,15.335,76.46,Bangalore,2021-22,2022,3,Mar,1,Summer,1,26.4,1.2,0.787,37043.0,108.0,37151.0,High,1.0,6.123233995736766e-17,272.9,1,1,0,78.6
Monument,"Group of Monuments, Hampi",Other Heritage Site,Hampi,Karnataka,Metro,15.335,76.46,Bangalore,2022-23,2022,4,Apr,2,Summer,0,27.4,4.6,0.787,53371.0,1047.0,54419.0,High,0.8660254037844387,-0.4999999999999998,272.9,0,0,1,78.6
Monument,"Group of Monuments, Hampi",Other Heritage Site,Hampi,Karnataka,Metro,15.335,76.46,Bangalore,2022-23,2022,5,May,2,Summer,0,26.4,5.8,0.787,51000.0,1001.0,52000.0,High,0.49999999999999994,-0.8660254037844387,272.9,0,0,3,78.6
Monument,"Group of Monuments, Hampi",Other Heritage Site,Hampi,Karnataka,Metro,15.335,76.46,Bangalore,2022-23,2022,6,Jun,2,Summer,0,24.3,4.2,0.787,55127.0,1082.0,56209.0,High,1.2246467991473532e-16,-1.0,272.9,0,0,2,78.6
Monument,"Group of Monuments, Hampi",Other Heritage Site,Hampi,Karnataka,Metro,15.335,76.46,Bangalore,2022-23,2022,7,Jul,3,Monsoon,0,23.3,4.8,0.787,66025.0,1296.0,67321.0,High,-0.4999999999999997,-0.8660254037844388,272.9,0,0,0,78.6
Monument,"Group of Monuments, Hampi",Other Heritage Site,Hampi,Karnataka,Metro,15.335,76.46,Bangalore,2022-23,2022,8,Aug,3,Monsoon,0,23.1,5.7,0.787,54424.0,1068.0,55492.0,High,-0.8660254037844385,-0.5000000000000004,272.9,3,1,0,78.6
Monument,"Group of Monuments, Hampi",Other Heritage Site,Hampi,Karnataka,Metro,15.335,76.46,Bangalore,2022-23,2022,9,Sep,3,Monsoon,0,23.6,8.0,0.787,56053.0,1100.0,57153.0,High,-1.0,-1.8369701987210297e-16,272.9,1,1,0,78.6
Monument,"Group of Monuments, Hampi",Other Heritage Site,Hampi,Karnataka,Metro,15.335,76.46,Bangalore,2022-23,2022,10,Oct,4,Autumn,1,23.2,8.0,0.787,69406.0,1362.0,70768.0,High,-0.8660254037844386,0.5000000000000001,272.9,2,1,1,78.6
Monument,"Group of Monuments, Hampi",Other Heritage Site,Hampi,Karnataka,Metro,15.335,76.46,Bangalore,2022-23,2022,11,Nov,4,Autumn,1,22.1,3.7,0.787,79537.0,1561.0,81098.0,High,-0.5000000000000004,0.8660254037844384,272.9,0,0,0,78.6
Monument,"Group of Monuments, Hampi",Other Heritage Site,Hampi,Karnataka,Metro,15.335,76.46,Bangalore,2022-23,2022,12,Dec,4,Winter,1,21.0,1.2,0.787,87519.0,1717.0,89236.0,High,-2.4492935982947064e-16,1.0,272.9,1,1,2,78.6
Monument,"Group of Monuments, Hampi",Other Heritage Site,Hampi,Karnataka,Metro,15.335,76.46,Bangalore,2022-23,2023,1,Jan,1,Winter,1,21.5,0.1,0.787,81561.0,1601.0,83162.0,High,0.49999999999999994,0.8660254037844387,272.9,2,1,0,82.6
Monument,"Group of Monuments, Hampi",Other Heritage Site,Hampi,Karnataka,Metro,15.335,76.46,Bangalore,2022-23,2023,2,Feb,1,Winter,1,23.7,0.4,0.787,85299.0,1674.0,86972.0,High,0.8660254037844386,0.5000000000000001,272.9,0,0,0,82.6
Monument,"Group of Monuments, Hampi",Other Heritage Site,Hampi,Karnataka,Metro,15.335,76.46,Bangalore,2022-23,2023,3,Mar,1,Summer,1,26.4,1.2,0.787,70419.0,1382.0,71801.0,High,1.0,6.123233995736766e-17,272.9,1,1,0,82.6
Monument,"Group of Temple Parameshvar shiv and Karan Temple, Amarkantak",Temple,Jabalpur,Madhya Pradesh,Tier-2,23.1815,79.9864,Lucknow,2021-22,2021,4,Apr,2,Summer,0,30.0,0.4,0.255,2042.0,9.0,2051.0,Low,0.8660254037844387,-0.4999999999999998,251.7,0,0,1,74.3
Monument,"Group of Temple Parameshvar shiv and Karan Temple, Amarkantak",Temple,Jabalpur,Madhya Pradesh,Tier-2,23.1815,79.9864,Lucknow,2021-22,2021,5,May,2,Summer,0,32.6,3.1,0.255,1951.0,8.0,1960.0,Low,0.49999999999999994,-0.8660254037844387,251.7,0,0,3,74.3
Monument,"Group of Temple Parameshvar shiv and Karan Temple, Amarkantak",Temple,Jabalpur,Madhya Pradesh,Tier-2,23.1815,79.9864,Lucknow,2021-22,2021,6,Jun,2,Summer,0,32.6,4.8,0.255,2109.0,9.0,2118.0,Low,1.2246467991473532e-16,-1.0,251.7,0,0,2,74.3
Monument,"Group of Temple Parameshvar shiv and Karan Temple, Amarkantak",Temple,Jabalpur,Madhya Pradesh,Tier-2,23.1815,79.9864,Lucknow,2021-22,2021,7,Jul,3,Monsoon,0,30.1,9.7,0.255,2526.0,11.0,2537.0,Low,-0.4999999999999997,-0.8660254037844388,251.7,0,0,0,74.3
Monument,"Group of Temple Parameshvar shiv and Karan Temple, Amarkantak",Temple,Jabalpur,Madhya Pradesh,Tier-2,23.1815,79.9864,Lucknow,2021-22,2021,8,Aug,3,Monsoon,0,29.5,9.7,0.255,2082.0,9.0,2091.0,Low,-0.8660254037844385,-0.5000000000000004,251.7,3,1,0,74.3
Monument,"Group of Temple Parameshvar shiv and Karan Temple, Amarkantak",Temple,Jabalpur,Madhya Pradesh,Tier-2,23.1815,79.9864,Lucknow,2021-22,2021,9,Sep,3,Monsoon,0,28.8,9.7,0.255,2145.0,9.0,2154.0,Low,-1.0,-1.8369701987210297e-16,251.7,1,1,0,74.3
Monument,"Group of Temple Parameshvar shiv and Karan Temple, Amarkantak",Temple,Jabalpur,Madhya Pradesh,Tier-2,23.1815,79.9864,Lucknow,2021-22,2021,10,Oct,4,Autumn,1,26.0,1.7,0.255,2656.0,11.0,2667.0,Low,-0.8660254037844386,0.5000000000000001,251.7,1,1,1,74.3
Monument,"Group of Temple Parameshvar shiv and Karan Temple, Amarkantak",Temple,Jabalpur,Madhya Pradesh,Tier-2,23.1815,79.9864,Lucknow,2021-22,2021,11,Nov,4,Autumn,1,20.7,0.4,0.255,3043.0,13.0,3056.0,Low,-0.5000000000000004,0.8660254037844384,251.7,1,1,0,74.3
Monument,"Group of Temple Parameshvar shiv and Karan Temple, Amarkantak",Temple,Jabalpur,Madhya Pradesh,Tier-2,23.1815,79.9864,Lucknow,2021-22,2021,12,Dec,4,Winter,1,15.8,0.9,0.255,3349.0,14.0,3363.0,Low,-2.4492935982947064e-16,1.0,251.7,1,1,2,74.3
Monument,"Group of Temple Parameshvar shiv and Karan Temple, Amarkantak",Temple,Jabalpur,Madhya Pradesh,Tier-2,23.1815,79.9864,Lucknow,2021-22,2022,1,Jan,1,Winter,1,14.1,1.4,0.255,3121.0,13.0,3134.0,Low,0.49999999999999994,0.8660254037844387,251.7,2,1,0,78.6
Monument,"Group of Temple Parameshvar shiv and Karan Temple, Amarkantak",Temple,Jabalpur,Madhya Pradesh,Tier-2,23.1815,79.9864,Lucknow,2021-22,2022,2,Feb,1,Winter,1,18.4,1.5,0.255,3264.0,14.0,3278.0,Low,0.8660254037844386,0.5000000000000001,251.7,0,0,0,78.6
Monument,"Group of Temple Parameshvar shiv and Karan Temple, Amarkantak",Temple,Jabalpur,Madhya Pradesh,Tier-2,23.1815,79.9864,Lucknow,2021-22,2022,3,Mar,1,Summer,1,23.9,0.8,0.255,2694.0,12.0,2706.0,Low,1.0,6.123233995736766e-17,251.7,1,1,0,78.6
Monument,"Group of Temple Parameshvar shiv and Karan Temple, Amarkantak",Temple,Jabalpur,Madhya Pradesh,Tier-2,23.1815,79.9864,Lucknow,2022-23,2022,4,Apr,2,Summer,0,30.0,0.4,0.255,2908.0,6.0,2915.0,Low,0.8660254037844387,-0.4999999999999998,251.7,0,0,1,78.6
Monument,"Group of Temple Parameshvar shiv and Karan Temple, Amarkantak",Temple,Jabalpur,Madhya Pradesh,Tier-2,23.1815,79.9864,Lucknow,2022-23,2022,5,May,2,Summer,0,32.6,3.1,0.255,2779.0,6.0,2785.0,Low,0.49999999999999994,-0.8660254037844387,251.7,0,0,3,78.6
Monument,"Group of Temple Parameshvar shiv and Karan Temple, Amarkantak",Temple,Jabalpur,Madhya Pradesh,Tier-2,23.1815,79.9864,Lucknow,2022-23,2022,6,Jun,2,Summer,0,32.6,4.8,0.255,3004.0,6.0,3010.0,Low,1.2246467991473532e-16,-1.0,251.7,0,0,2,78.6
Monument,"Group of Temple Parameshvar shiv and Karan Temple, Amarkantak",Temple,Jabalpur,Madhya Pradesh,Tier-2,23.1815,79.9864,Lucknow,2022-23,2022,7,Jul,3,Monsoon,0,30.1,9.7,0.255,3598.0,8.0,3606.0,Low,-0.4999999999999997,-0.8660254037844388,251.7,0,0,0,78.6
Monument,"Group of Temple Parameshvar shiv and Karan Temple, Amarkantak",Temple,Jabalpur,Madhya Pradesh,Tier-2,23.1815,79.9864,Lucknow,2022-23,2022,8,Aug,3,Monsoon,0,29.5,9.7,0.255,2966.0,6.0,2972.0,Low,-0.8660254037844385,-0.5000000000000004,251.7,3,1,0,78.6
Monument,"Group of Temple Parameshvar shiv and Karan Temple, Amarkantak",Temple,Jabalpur,Madhya Pradesh,Tier-2,23.1815,79.9864,Lucknow,2022-23,2022,9,Sep,3,Monsoon,0,28.8,9.7,0.255,3054.0,7.0,3061.0,Low,-1.0,-1.8369701987210297e-16,251.7,1,1,0,78.6
Monument,"Group of Temple Parameshvar shiv and Karan Temple, Amarkantak",Temple,Jabalpur,Madhya Pradesh,Tier-2,23.1815,79.9864,Lucknow,2022-23,2022,10,Oct,4,Autumn,1,26.0,1.7,0.255,3782.0,8.0,3790.0,Low,-0.8660254037844386,0.5000000000000001,251.7,2,1,1,78.6
Monument,"Group of Temple Parameshvar shiv and Karan Temple, Amarkantak",Temple,Jabalpur,Madhya Pradesh,Tier-2,23.1815,79.9864,Lucknow,2022-23,2022,11,Nov,4,Autumn,1,20.7,0.4,0.255,4334.0,9.0,4343.0,Medium,-0.5000000000000004,0.8660254037844384,251.7,0,0,0,78.6
Monument,"Group of Temple Parameshvar shiv and Karan Temple, Amarkantak",Temple,Jabalpur,Madhya Pradesh,Tier-2,23.1815,79.9864,Lucknow,2022-23,2022,12,Dec,4,Winter,1,15.8,0.9,0.255,4769.0,10.0,4779.0,Medium,-2.4492935982947064e-16,1.0,251.7,1,1,2,78.6
Monument,"Group of Temple Parameshvar shiv and Karan Temple, Amarkantak",Temple,Jabalpur,Madhya Pradesh,Tier-2,23.1815,79.9864,Lucknow,2022-23,2023,1,Jan,1,Winter,1,14.1,1.4,0.255,4444.0,9.0,4454.0,Medium,0.49999999999999994,0.8660254037844387,251.7,2,1,0,82.6
Monument,"Group of Temple Parameshvar shiv and Karan Temple, Amarkantak",Temple,Jabalpur,Madhya Pradesh,Tier-2,23.1815,79.9864,Lucknow,2022-23,2023,2,Feb,1,Winter,1,18.4,1.5,0.255,4648.0,10.0,4658.0,Medium,0.8660254037844386,0.5000000000000001,251.7,0,0,0,82.6
Monument,"Group of Temple Parameshvar shiv and Karan Temple, Amarkantak",Temple,Jabalpur,Madhya Pradesh,Tier-2,23.1815,79.9864,Lucknow,2022-23,2023,3,Mar,1,Summer,1,23.9,0.8,0.255,3837.0,8.0,3845.0,Low,1.0,6.123233995736766e-17,251.7,1,1,0,82.6
Monument,"Group of Temples at kiramchi, District Udhampur",Temple,Srinagar,Jammu & Kashmir,Metro,34.0837,74.7973,Delhi,2021-22,2021,4,Apr,2,Summer,0,29.3,0.6,0.092,487.0,1.0,487.0,Low,0.8660254037844387,-0.4999999999999998,11.0,0,0,1,74.3
Monument,"Group of Temples at kiramchi, District Udhampur",Temple,Srinagar,Jammu & Kashmir,Metro,34.0837,74.7973,Delhi,2021-22,2021,5,May,2,Summer,0,32.8,2.1,0.092,465.0,1.0,466.0,Low,0.49999999999999994,-0.8660254037844387,11.0,0,0,3,74.3
Monument,"Group of Temples at kiramchi, District Udhampur",Temple,Srinagar,Jammu & Kashmir,Metro,34.0837,74.7973,Delhi,2021-22,2021,6,Jun,2,Summer,0,33.3,3.7,0.092,503.0,1.0,503.0,Low,1.2246467991473532e-16,-1.0,11.0,0,0,2,74.3
Monument,"Group of Temples at kiramchi, District Udhampur",Temple,Srinagar,Jammu & Kashmir,Metro,34.0837,74.7973,Delhi,2021-22,2021,7,Jul,3,Monsoon,0,31.1,8.7,0.092,602.0,1.0,603.0,Low,-0.4999999999999997,-0.8660254037844388,11.0,0,0,0,74.3
Monument,"Group of Temples at kiramchi, District Udhampur",Temple,Srinagar,Jammu & Kashmir,Metro,34.0837,74.7973,Delhi,2021-22,2021,8,Aug,3,Monsoon,0,30.2,9.2,0.092,496.0,1.0,497.0,Low,-0.8660254037844385,-0.5000000000000004,11.0,3,1,0,74.3
Monument,"Group of Temples at kiramchi, District Udhampur",Temple,Srinagar,Jammu & Kashmir,Metro,34.0837,74.7973,Delhi,2021-22,2021,9,Sep,3,Monsoon,0,29.2,7.3,0.092,511.0,1.0,512.0,Low,-1.0,-1.8369701987210297e-16,11.0,1,1,0,74.3
Monument,"Group of Temples at kiramchi, District Udhampur",Temple,Srinagar,Jammu & Kashmir,Metro,34.0837,74.7973,Delhi,2021-22,2021,10,Oct,4,Autumn,1,25.6,0.9,0.092,633.0,1.0,634.0,Low,-0.8660254037844386,0.5000000000000001,11.0,1,1,1,74.3
Monument,"Group of Temples at kiramchi, District Udhampur",Temple,Srinagar,Jammu & Kashmir,Metro,34.0837,74.7973,Delhi,2021-22,2021,11,Nov,4,Autumn,1,19.7,0.2,0.092,725.0,1.0,726.0,Low,-0.5000000000000004,0.8660254037844384,11.0,1,1,0,74.3
Monument,"Group of Temples at kiramchi, District Udhampur",Temple,Srinagar,Jammu & Kashmir,Metro,34.0837,74.7973,Delhi,2021-22,2021,12,Dec,4,Winter,1,14.7,0.6,0.092,798.0,1.0,799.0,Low,-2.4492935982947064e-16,1.0,11.0,1,1,2,74.3
Monument,"Group of Temples at kiramchi, District Udhampur",Temple,Srinagar,Jammu & Kashmir,Metro,34.0837,74.7973,Delhi,2021-22,2022,1,Jan,1,Winter,1,13.4,1.5,0.092,744.0,1.0,744.0,Low,0.49999999999999994,0.8660254037844387,11.0,2,1,0,78.6
Monument,"Group of Temples at kiramchi, District Udhampur",Temple,Srinagar,Jammu & Kashmir,Metro,34.0837,74.7973,Delhi,2021-22,2022,2,Feb,1,Winter,1,17.3,1.7,0.092,778.0,1.0,779.0,Low,0.8660254037844386,0.5000000000000001,11.0,0,0,0,78.6
Monument,"Group of Temples at kiramchi, District Udhampur",Temple,Srinagar,Jammu & Kashmir,Metro,34.0837,74.7973,Delhi,2021-22,2022,3,Mar,1,Summer,1,23.1,1.8,0.092,642.0,1.0,643.0,Low,1.0,6.123233995736766e-17,11.0,1,1,0,78.6
Monument,"Group of Temples at kiramchi, District Udhampur",Temple,Srinagar,Jammu & Kashmir,Metro,34.0837,74.7973,Delhi,2022-23,2022,4,Apr,2,Summer,0,29.3,0.6,0.092,542.0,1.0,543.0,Low,0.8660254037844387,-0.4999999999999998,11.0,0,0,1,78.6
Monument,"Group of Temples at kiramchi, District Udhampur",Temple,Srinagar,Jammu & Kashmir,Metro,34.0837,74.7973,Delhi,2022-23,2022,5,May,2,Summer,0,32.8,2.1,0.092,518.0,1.0,519.0,Low,0.49999999999999994,-0.8660254037844387,11.0,0,0,3,78.6
Monument,"Group of Temples at kiramchi, District Udhampur",Temple,Srinagar,Jammu & Kashmir,Metro,34.0837,74.7973,Delhi,2022-23,2022,6,Jun,2,Summer,0,33.3,3.7,0.092,560.0,1.0,561.0,Low,1.2246467991473532e-16,-1.0,11.0,0,0,2,78.6
Monument,"Group of Temples at kiramchi, District Udhampur",Temple,Srinagar,Jammu & Kashmir,Metro,34.0837,74.7973,Delhi,2022-23,2022,7,Jul,3,Monsoon,0,31.1,8.7,0.092,671.0,1.0,671.0,Low,-0.4999999999999997,-0.8660254037844388,11.0,0,0,0,78.6
Monument,"Group of Temples at kiramchi, District Udhampur",Temple,Srinagar,Jammu & Kashmir,Metro,34.0837,74.7973,Delhi,2022-23,2022,8,Aug,3,Monsoon,0,30.2,9.2,0.092,553.0,1.0,553.0,Low,-0.8660254037844385,-0.5000000000000004,11.0,3,1,0,78.6
Monument,"Group of Temples at kiramchi, District Udhampur",Temple,Srinagar,Jammu & Kashmir,Metro,34.0837,74.7973,Delhi,2022-23,2022,9,Sep,3,Monsoon,0,29.2,7.3,0.092,569.0,1.0,570.0,Low,-1.0,-1.8369701987210297e-16,11.0,1,1,0,78.6
Monument,"Group of Temples at kiramchi, District Udhampur",Temple,Srinagar,Jammu & Kashmir,Metro,34.0837,74.7973,Delhi,2022-23,2022,10,Oct,4,Autumn,1,25.6,0.9,0.092,705.0,1.0,706.0,Low,-0.8660254037844386,0.5000000000000001,11.0,2,1,1,78.6
Monument,"Group of Temples at kiramchi, District Udhampur",Temple,Srinagar,Jammu & Kashmir,Metro,34.0837,74.7973,Delhi,2022-23,2022,11,Nov,4,Autumn,1,19.7,0.2,0.092,808.0,1.0,809.0,Low,-0.5000000000000004,0.8660254037844384,11.0,0,0,0,78.6
Monument,"Group of Temples at kiramchi, District Udhampur",Temple,Srinagar,Jammu & Kashmir,Metro,34.0837,74.7973,Delhi,2022-23,2022,12,Dec,4,Winter,1,14.7,0.6,0.092,889.0,1.0,890.0,Low,-2.4492935982947064e-16,1.0,11.0,1,1,2,78.6
Monument,"Group of Temples at kiramchi, District Udhampur",Temple,Srinagar,Jammu & Kashmir,Metro,34.0837,74.7973,Delhi,2022-23,2023,1,Jan,1,Winter,1,13.4,1.5,0.092,828.0,1.0,829.0,Low,0.49999999999999994,0.8660254037844387,11.0,2,1,0,82.6
Monument,"Group of Temples at kiramchi, District Udhampur",Temple,Srinagar,Jammu & Kashmir,Metro,34.0837,74.7973,Delhi,2022-23,2023,2,Feb,1,Winter,1,17.3,1.7,0.092,866.0,1.0,867.0,Low,0.8660254037844386,0.5000000000000001,11.0,0,0,0,82.6
Monument,"Group of Temples at kiramchi, District Udhampur",Temple,Srinagar,Jammu & Kashmir,Metro,34.0837,74.7973,Delhi,2022-23,2023,3,Mar,1,Summer,1,23.1,1.8,0.092,715.0,1.0,716.0,Low,1.0,6.123233995736766e-17,11.0,1,1,0,82.6
Monument,"Group of monument, Royal Palace Mandu",Palace,Thiruchirapalli,Tamil Nadu,Metro,10.7905,78.7047,Bangalore,2021-22,2021,4,Apr,2,Summer,0,27.4,4.6,0.702,22728.0,6.0,22734.0,High,0.8660254037844387,-0.4999999999999998,183.3,0,0,1,74.3
Monument,"Group of monument, Royal Palace Mandu",Palace,Thiruchirapalli,Tamil Nadu,Metro,10.7905,78.7047,Bangalore,2021-22,2021,5,May,2,Summer,0,26.4,5.8,0.702,21718.0,6.0,21724.0,High,0.49999999999999994,-0.8660254037844387,183.3,0,0,3,74.3
Monument,"Group of monument, Royal Palace Mandu",Palace,Thiruchirapalli,Tamil Nadu,Metro,10.7905,78.7047,Bangalore,2021-22,2021,6,Jun,2,Summer,0,24.3,4.2,0.702,23475.0,6.0,23482.0,High,1.2246467991473532e-16,-1.0,183.3,0,0,2,74.3
Monument,"Group of monument, Royal Palace Mandu",Palace,Thiruchirapalli,Tamil Nadu,Metro,10.7905,78.7047,Bangalore,2021-22,2021,7,Jul,3,Monsoon,0,23.3,4.8,0.702,28116.0,8.0,28124.0,High,-0.4999999999999997,-0.8660254037844388,183.3,0,0,0,74.3
Monument,"Group of monument, Royal Palace Mandu",Palace,Thiruchirapalli,Tamil Nadu,Metro,10.7905,78.7047,Bangalore,2021-22,2021,8,Aug,3,Monsoon,0,23.1,5.7,0.702,23176.0,6.0,23182.0,High,-0.8660254037844385,-0.5000000000000004,183.3,3,1,0,74.3
Monument,"Group of monument, Royal Palace Mandu",Palace,Thiruchirapalli,Tamil Nadu,Metro,10.7905,78.7047,Bangalore,2021-22,2021,9,Sep,3,Monsoon,0,23.6,8.0,0.702,23870.0,6.0,23876.0,High,-1.0,-1.8369701987210297e-16,183.3,1,1,0,74.3
Monument,"Group of monument, Royal Palace Mandu",Palace,Thiruchirapalli,Tamil Nadu,Metro,10.7905,78.7047,Bangalore,2021-22,2021,10,Oct,4,Autumn,1,23.2,8.0,0.702,29556.0,8.0,29564.0,High,-0.8660254037844386,0.5000000000000001,183.3,1,1,1,74.3
Monument,"Group of monument, Royal Palace Mandu",Palace,Thiruchirapalli,Tamil Nadu,Metro,10.7905,78.7047,Bangalore,2021-22,2021,11,Nov,4,Autumn,1,22.1,3.7,0.702,33870.0,9.0,33879.0,High,-0.5000000000000004,0.8660254037844384,183.3,1,1,0,74.3
Monument,"Group of monument, Royal Palace Mandu",Palace,Thiruchirapalli,Tamil Nadu,Metro,10.7905,78.7047,Bangalore,2021-22,2021,12,Dec,4,Winter,1,21.0,1.2,0.702,37269.0,10.0,37279.0,High,-2.4492935982947064e-16,1.0,183.3,1,1,2,74.3
Monument,"Group of monument, Royal Palace Mandu",Palace,Thiruchirapalli,Tamil Nadu,Metro,10.7905,78.7047,Bangalore,2021-22,2022,1,Jan,1,Winter,1,21.5,0.1,0.702,34732.0,9.0,34741.0,High,0.49999999999999994,0.8660254037844387,183.3,2,1,0,78.6
Monument,"Group of monument, Royal Palace Mandu",Palace,Thiruchirapalli,Tamil Nadu,Metro,10.7905,78.7047,Bangalore,2021-22,2022,2,Feb,1,Winter,1,23.7,0.4,0.702,36324.0,10.0,36333.0,High,0.8660254037844386,0.5000000000000001,183.3,0,0,0,78.6
Monument,"Group of monument, Royal Palace Mandu",Palace,Thiruchirapalli,Tamil Nadu,Metro,10.7905,78.7047,Bangalore,2021-22,2022,3,Mar,1,Summer,1,26.4,1.2,0.702,29987.0,8.0,29995.0,High,1.0,6.123233995736766e-17,183.3,1,1,0,78.6
Monument,"Group of monument, Royal Palace Mandu",Palace,Thiruchirapalli,Tamil Nadu,Metro,10.7905,78.7047,Bangalore,2022-23,2022,4,Apr,2,Summer,0,27.4,4.6,0.702,21029.0,68.0,21097.0,High,0.8660254037844387,-0.4999999999999998,183.3,0,0,1,78.6
Monument,"Group of monument, Royal Palace Mandu",Palace,Thiruchirapalli,Tamil Nadu,Metro,10.7905,78.7047,Bangalore,2022-23,2022,5,May,2,Summer,0,26.4,5.8,0.702,20094.0,65.0,20159.0,High,0.49999999999999994,-0.8660254037844387,183.3,0,0,3,78.6
Monument,"Group of monument, Royal Palace Mandu",Palace,Thiruchirapalli,Tamil Nadu,Metro,10.7905,78.7047,Bangalore,2022-23,2022,6,Jun,2,Summer,0,24.3,4.2,0.702,21721.0,70.0,21791.0,High,1.2246467991473532e-16,-1.0,183.3,0,0,2,78.6
Monument,"Group of monument, Royal Palace Mandu",Palace,Thiruchirapalli,Tamil Nadu,Metro,10.7905,78.7047,Bangalore,2022-23,2022,7,Jul,3,Monsoon,0,23.3,4.8,0.702,26015.0,84.0,26098.0,High,-0.4999999999999997,-0.8660254037844388,183.3,0,0,0,78.6
Monument,"Group of monument, Royal Palace Mandu",Palace,Thiruchirapalli,Tamil Nadu,Metro,10.7905,78.7047,Bangalore,2022-23,2022,8,Aug,3,Monsoon,0,23.1,5.7,0.702,21443.0,69.0,21512.0,High,-0.8660254037844385,-0.5000000000000004,183.3,3,1,0,78.6
Monument,"Group of monument, Royal Palace Mandu",Palace,Thiruchirapalli,Tamil Nadu,Metro,10.7905,78.7047,Bangalore,2022-23,2022,9,Sep,3,Monsoon,0,23.6,8.0,0.702,22086.0,71.0,22157.0,High,-1.0,-1.8369701987210297e-16,183.3,1,1,0,78.6
Monument,"Group of monument, Royal Palace Mandu",Palace,Thiruchirapalli,Tamil Nadu,Metro,10.7905,78.7047,Bangalore,2022-23,2022,10,Oct,4,Autumn,1,23.2,8.0,0.702,27347.0,88.0,27435.0,High,-0.8660254037844386,0.5000000000000001,183.3,2,1,1,78.6
Monument,"Group of monument, Royal Palace Mandu",Palace,Thiruchirapalli,Tamil Nadu,Metro,10.7905,78.7047,Bangalore,2022-23,2022,11,Nov,4,Autumn,1,22.1,3.7,0.702,31338.0,101.0,31439.0,High,-0.5000000000000004,0.8660254037844384,183.3,0,0,0,78.6
Monument,"Group of monument, Royal Palace Mandu",Palace,Thiruchirapalli,Tamil Nadu,Metro,10.7905,78.7047,Bangalore,2022-23,2022,12,Dec,4,Winter,1,21.0,1.2,0.702,34483.0,111.0,34594.0,High,-2.4492935982947064e-16,1.0,183.3,1,1,2,78.6
Monument,"Group of monument, Royal Palace Mandu",Palace,Thiruchirapalli,Tamil Nadu,Metro,10.7905,78.7047,Bangalore,2022-23,2023,1,Jan,1,Winter,1,21.5,0.1,0.702,32136.0,103.0,32239.0,High,0.49999999999999994,0.8660254037844387,183.3,2,1,0,82.6
Monument,"Group of monument, Royal Palace Mandu",Palace,Thiruchirapalli,Tamil Nadu,Metro,10.7905,78.7047,Bangalore,2022-23,2023,2,Feb,1,Winter,1,23.7,0.4,0.702,33608.0,108.0,33717.0,High,0.8660254037844386,0.5000000000000001,183.3,0,0,0,82.6
Monument,"Group of monument, Royal Palace Mandu",Palace,Thiruchirapalli,Tamil Nadu,Metro,10.7905,78.7047,Bangalore,2022-23,2023,3,Mar,1,Summer,1,26.4,1.2,0.702,27746.0,89.0,27835.0,High,1.0,6.123233995736766e-17,183.3,1,1,0,82.6
Monument,"Gupta Temple & Varah Temple, Deogarh",Temple,Jhansi,Uttar Pradesh,Tier-2,25.4484,78.5685,Lucknow,2021-22,2021,4,Apr,2,Summer,0,30.0,0.4,0.043,108.0,0.0,108.0,Low,0.8660254037844387,-0.4999999999999998,273.8,0,0,1,74.3
Monument,"Gupta Temple & Varah Temple, Deogarh",Temple,Jhansi,Uttar Pradesh,Tier-2,25.4484,78.5685,Lucknow,2021-22,2021,5,May,2,Summer,0,32.6,3.1,0.043,103.0,0.0,103.0,Low,0.49999999999999994,-0.8660254037844387,273.8,0,0,3,74.3
Monument,"Gupta Temple & Varah Temple, Deogarh",Temple,Jhansi,Uttar Pradesh,Tier-2,25.4484,78.5685,Lucknow,2021-22,2021,6,Jun,2,Summer,0,32.6,4.8,0.043,111.0,0.0,111.0,Low,1.2246467991473532e-16,-1.0,273.8,0,0,2,74.3
Monument,"Gupta Temple & Varah Temple, Deogarh",Temple,Jhansi,Uttar Pradesh,Tier-2,25.4484,78.5685,Lucknow,2021-22,2021,7,Jul,3,Monsoon,0,30.1,9.7,0.043,133.0,0.0,133.0,Low,-0.4999999999999997,-0.8660254037844388,273.8,0,0,0,74.3
Monument,"Gupta Temple & Varah Temple, Deogarh",Temple,Jhansi,Uttar Pradesh,Tier-2,25.4484,78.5685,Lucknow,2021-22,2021,8,Aug,3,Monsoon,0,29.5,9.7,0.043,110.0,0.0,110.0,Low,-0.8660254037844385,-0.5000000000000004,273.8,3,1,0,74.3
Monument,"Gupta Temple & Varah Temple, Deogarh",Temple,Jhansi,Uttar Pradesh,Tier-2,25.4484,78.5685,Lucknow,2021-22,2021,9,Sep,3,Monsoon,0,28.8,9.7,0.043,113.0,0.0,113.0,Low,-1.0,-1.8369701987210297e-16,273.8,1,1,0,74.3
Monument,"Gupta Temple & Varah Temple, Deogarh",Temple,Jhansi,Uttar Pradesh,Tier-2,25.4484,78.5685,Lucknow,2021-22,2021,10,Oct,4,Autumn,1,26.0,1.7,0.043,140.0,0.0,140.0,Low,-0.8660254037844386,0.5000000000000001,273.8,1,1,1,74.3
Monument,"Gupta Temple & Varah Temple, Deogarh",Temple,Jhansi,Uttar Pradesh,Tier-2,25.4484,78.5685,Lucknow,2021-22,2021,11,Nov,4,Autumn,1,20.7,0.4,0.043,161.0,0.0,161.0,Low,-0.5000000000000004,0.8660254037844384,273.8,1,1,0,74.3
Monument,"Gupta Temple & Varah Temple, Deogarh",Temple,Jhansi,Uttar Pradesh,Tier-2,25.4484,78.5685,Lucknow,2021-22,2021,12,Dec,4,Winter,1,15.8,0.9,0.043,177.0,0.0,177.0,Low,-2.4492935982947064e-16,1.0,273.8,1,1,2,74.3
Monument,"Gupta Temple & Varah Temple, Deogarh",Temple,Jhansi,Uttar Pradesh,Tier-2,25.4484,78.5685,Lucknow,2021-22,2022,1,Jan,1,Winter,1,14.1,1.4,0.043,165.0,0.0,165.0,Low,0.49999999999999994,0.8660254037844387,273.8,2,1,0,78.6
Monument,"Gupta Temple & Varah Temple, Deogarh",Temple,Jhansi,Uttar Pradesh,Tier-2,25.4484,78.5685,Lucknow,2021-22,2022,2,Feb,1,Winter,1,18.4,1.5,0.043,172.0,0.0,172.0,Low,0.8660254037844386,0.5000000000000001,273.8,0,0,0,78.6
Monument,"Gupta Temple & Varah Temple, Deogarh",Temple,Jhansi,Uttar Pradesh,Tier-2,25.4484,78.5685,Lucknow,2021-22,2022,3,Mar,1,Summer,1,23.9,0.8,0.043,142.0,0.0,142.0,Low,1.0,6.123233995736766e-17,273.8,1,1,0,78.6
Monument,"Gupta Temple & Varah Temple, Deogarh",Temple,Jhansi,Uttar Pradesh,Tier-2,25.4484,78.5685,Lucknow,2022-23,2022,4,Apr,2,Summer,0,30.0,0.4,0.043,62.0,1.0,62.0,Low,0.8660254037844387,-0.4999999999999998,273.8,0,0,1,78.6
Monument,"Gupta Temple & Varah Temple, Deogarh",Temple,Jhansi,Uttar Pradesh,Tier-2,25.4484,78.5685,Lucknow,2022-23,2022,5,May,2,Summer,0,32.6,3.1,0.043,59.0,1.0,60.0,Low,0.49999999999999994,-0.8660254037844387,273.8,0,0,3,78.6
Monument,"Gupta Temple & Varah Temple, Deogarh",Temple,Jhansi,Uttar Pradesh,Tier-2,25.4484,78.5685,Lucknow,2022-23,2022,6,Jun,2,Summer,0,32.6,4.8,0.043,64.0,1.0,64.0,Low,1.2246467991473532e-16,-1.0,273.8,0,0,2,78.6
Monument,"Gupta Temple & Varah Temple, Deogarh",Temple,Jhansi,Uttar Pradesh,Tier-2,25.4484,78.5685,Lucknow,2022-23,2022,7,Jul,3,Monsoon,0,30.1,9.7,0.043,76.0,1.0,77.0,Low,-0.4999999999999997,-0.8660254037844388,273.8,0,0,0,78.6
Monument,"Gupta Temple & Varah Temple, Deogarh",Temple,Jhansi,Uttar Pradesh,Tier-2,25.4484,78.5685,Lucknow,2022-23,2022,8,Aug,3,Monsoon,0,29.5,9.7,0.043,63.0,1.0,64.0,Low,-0.8660254037844385,-0.5000000000000004,273.8,3,1,0,78.6
Monument,"Gupta Temple & Varah Temple, Deogarh",Temple,Jhansi,Uttar Pradesh,Tier-2,25.4484,78.5685,Lucknow,2022-23,2022,9,Sep,3,Monsoon,0,28.8,9.7,0.043,65.0,1.0,66.0,Low,-1.0,-1.8369701987210297e-16,273.8,1,1,0,78.6
Monument,"Gupta Temple & Varah Temple, Deogarh",Temple,Jhansi,Uttar Pradesh,Tier-2,25.4484,78.5685,Lucknow,2022-23,2022,10,Oct,4,Autumn,1,26.0,1.7,0.043,80.0,1.0,81.0,Low,-0.8660254037844386,0.5000000000000001,273.8,2,1,1,78.6
Monument,"Gupta Temple & Varah Temple, Deogarh",Temple,Jhansi,Uttar Pradesh,Tier-2,25.4484,78.5685,Lucknow,2022-23,2022,11,Nov,4,Autumn,1,20.7,0.4,0.043,92.0,1.0,93.0,Low,-0.5000000000000004,0.8660254037844384,273.8,0,0,0,78.6
Monument,"Gupta Temple & Varah Temple, Deogarh",Temple,Jhansi,Uttar Pradesh,Tier-2,25.4484,78.5685,Lucknow,2022-23,2022,12,Dec,4,Winter,1,15.8,0.9,0.043,101.0,1.0,102.0,Low,-2.4492935982947064e-16,1.0,273.8,1,1,2,78.6
Monument,"Gupta Temple & Varah Temple, Deogarh",Temple,Jhansi,Uttar Pradesh,Tier-2,25.4484,78.5685,Lucknow,2022-23,2023,1,Jan,1,Winter,1,14.1,1.4,0.043,94.0,1.0,95.0,Low,0.49999999999999994,0.8660254037844387,273.8,2,1,0,82.6
Monument,"Gupta Temple & Varah Temple, Deogarh",Temple,Jhansi,Uttar Pradesh,Tier-2,25.4484,78.5685,Lucknow,2022-23,2023,2,Feb,1,Winter,1,18.4,1.5,0.043,98.0,1.0,100.0,Low,0.8660254037844386,0.5000000000000001,273.8,0,0,0,82.6
Monument,"Gupta Temple & Varah Temple, Deogarh",Temple,Jhansi,Uttar Pradesh,Tier-2,25.4484,78.5685,Lucknow,2022-23,2023,3,Mar,1,Summer,1,23.9,0.8,0.043,81.0,1.0,82.0,Low,1.0,6.123233995736766e-17,273.8,1,1,0,82.6
Monument,Gwalior Fort,Fort,Thiruchirapalli,Tamil Nadu,Metro,10.7905,78.7047,Bangalore,2021-22,2021,4,Apr,2,Summer,0,27.4,4.6,0.624,13391.0,14.0,13405.0,Medium,0.8660254037844387,-0.4999999999999998,183.3,0,0,1,74.3
Monument,Gwalior Fort,Fort,Thiruchirapalli,Tamil Nadu,Metro,10.7905,78.7047,Bangalore,2021-22,2021,5,May,2,Summer,0,26.4,5.8,0.624,12796.0,13.0,12809.0,Medium,0.49999999999999994,-0.8660254037844387,183.3,0,0,3,74.3
Monument,Gwalior Fort,Fort,Thiruchirapalli,Tamil Nadu,Metro,10.7905,78.7047,Bangalore,2021-22,2021,6,Jun,2,Summer,0,24.3,4.2,0.624,13831.0,14.0,13846.0,Medium,1.2246467991473532e-16,-1.0,183.3,0,0,2,74.3
Monument,Gwalior Fort,Fort,Thiruchirapalli,Tamil Nadu,Metro,10.7905,78.7047,Bangalore,2021-22,2021,7,Jul,3,Monsoon,0,23.3,4.8,0.624,16566.0,17.0,16583.0,Medium,-0.4999999999999997,-0.8660254037844388,183.3,0,0,0,74.3
Monument,Gwalior Fort,Fort,Thiruchirapalli,Tamil Nadu,Metro,10.7905,78.7047,Bangalore,2021-22,2021,8,Aug,3,Monsoon,0,23.1,5.7,0.624,13655.0,14.0,13669.0,Medium,-0.8660254037844385,-0.5000000000000004,183.3,3,1,0,74.3
Monument,Gwalior Fort,Fort,Thiruchirapalli,Tamil Nadu,Metro,10.7905,78.7047,Bangalore,2021-22,2021,9,Sep,3,Monsoon,0,23.6,8.0,0.624,14064.0,14.0,14078.0,Medium,-1.0,-1.8369701987210297e-16,183.3,1,1,0,74.3
Monument,Gwalior Fort,Fort,Thiruchirapalli,Tamil Nadu,Metro,10.7905,78.7047,Bangalore,2021-22,2021,10,Oct,4,Autumn,1,23.2,8.0,0.624,17414.0,18.0,17432.0,High,-0.8660254037844386,0.5000000000000001,183.3,1,1,1,74.3
Monument,Gwalior Fort,Fort,Thiruchirapalli,Tamil Nadu,Metro,10.7905,78.7047,Bangalore,2021-22,2021,11,Nov,4,Autumn,1,22.1,3.7,0.624,19956.0,21.0,19976.0,High,-0.5000000000000004,0.8660254037844384,183.3,1,1,0,74.3
Monument,Gwalior Fort,Fort,Thiruchirapalli,Tamil Nadu,Metro,10.7905,78.7047,Bangalore,2021-22,2021,12,Dec,4,Winter,1,21.0,1.2,0.624,21958.0,23.0,21981.0,High,-2.4492935982947064e-16,1.0,183.3,1,1,2,74.3
Monument,Gwalior Fort,Fort,Thiruchirapalli,Tamil Nadu,Metro,10.7905,78.7047,Bangalore,2021-22,2022,1,Jan,1,Winter,1,21.5,0.1,0.624,20464.0,21.0,20485.0,High,0.49999999999999994,0.8660254037844387,183.3,2,1,0,78.6
Monument,Gwalior Fort,Fort,Thiruchirapalli,Tamil Nadu,Metro,10.7905,78.7047,Bangalore,2021-22,2022,2,Feb,1,Winter,1,23.7,0.4,0.624,21401.0,22.0,21423.0,High,0.8660254037844386,0.5000000000000001,183.3,0,0,0,78.6
Monument,Gwalior Fort,Fort,Thiruchirapalli,Tamil Nadu,Metro,10.7905,78.7047,Bangalore,2021-22,2022,3,Mar,1,Summer,1,26.4,1.2,0.624,17668.0,18.0,17686.0,High,1.0,6.123233995736766e-17,183.3,1,1,0,78.6
Monument,Gwalior Fort,Fort,Thiruchirapalli,Tamil Nadu,Metro,10.7905,78.7047,Bangalore,2022-23,2022,4,Apr,2,Summer,0,27.4,4.6,0.624,18104.0,262.0,18366.0,High,0.8660254037844387,-0.4999999999999998,183.3,0,0,1,78.6
Monument,Gwalior Fort,Fort,Thiruchirapalli,Tamil Nadu,Metro,10.7905,78.7047,Bangalore,2022-23,2022,5,May,2,Summer,0,26.4,5.8,0.624,17300.0,250.0,17550.0,High,0.49999999999999994,-0.8660254037844387,183.3,0,0,3,78.6
Monument,Gwalior Fort,Fort,Thiruchirapalli,Tamil Nadu,Metro,10.7905,78.7047,Bangalore,2022-23,2022,6,Jun,2,Summer,0,24.3,4.2,0.624,18700.0,270.0,18970.0,High,1.2246467991473532e-16,-1.0,183.3,0,0,2,78.6
Monument,Gwalior Fort,Fort,Thiruchirapalli,Tamil Nadu,Metro,10.7905,78.7047,Bangalore,2022-23,2022,7,Jul,3,Monsoon,0,23.3,4.8,0.624,22397.0,324.0,22720.0,High,-0.4999999999999997,-0.8660254037844388,183.3,0,0,0,78.6
Monument,Gwalior Fort,Fort,Thiruchirapalli,Tamil Nadu,Metro,10.7905,78.7047,Bangalore,2022-23,2022,8,Aug,3,Monsoon,0,23.1,5.7,0.624,18461.0,267.0,18728.0,High,-0.8660254037844385,-0.5000000000000004,183.3,3,1,0,78.6
Monument,Gwalior Fort,Fort,Thiruchirapalli,Tamil Nadu,Metro,10.7905,78.7047,Bangalore,2022-23,2022,9,Sep,3,Monsoon,0,23.6,8.0,0.624,19014.0,275.0,19289.0,High,-1.0,-1.8369701987210297e-16,183.3,1,1,0,78.6
Monument,Gwalior Fort,Fort,Thiruchirapalli,Tamil Nadu,Metro,10.7905,78.7047,Bangalore,2022-23,2022,10,Oct,4,Autumn,1,23.2,8.0,0.624,23543.0,341.0,23884.0,High,-0.8660254037844386,0.5000000000000001,183.3,2,1,1,78.6
Monument,Gwalior Fort,Fort,Thiruchirapalli,Tamil Nadu,Metro,10.7905,78.7047,Bangalore,2022-23,2022,11,Nov,4,Autumn,1,22.1,3.7,0.624,26980.0,390.0,27370.0,High,-0.5000000000000004,0.8660254037844384,183.3,0,0,0,78.6
Monument,Gwalior Fort,Fort,Thiruchirapalli,Tamil Nadu,Metro,10.7905,78.7047,Bangalore,2022-23,2022,12,Dec,4,Winter,1,21.0,1.2,0.624,29688.0,429.0,30117.0,High,-2.4492935982947064e-16,1.0,183.3,1,1,2,78.6
Monument,Gwalior Fort,Fort,Thiruchirapalli,Tamil Nadu,Metro,10.7905,78.7047,Bangalore,2022-23,2023,1,Jan,1,Winter,1,21.5,0.1,0.624,27667.0,400.0,28067.0,High,0.49999999999999994,0.8660254037844387,183.3,2,1,0,82.6
Monument,Gwalior Fort,Fort,Thiruchirapalli,Tamil Nadu,Metro,10.7905,78.7047,Bangalore,2022-23,2023,2,Feb,1,Winter,1,23.7,0.4,0.624,28934.0,419.0,29353.0,High,0.8660254037844386,0.5000000000000001,183.3,0,0,0,82.6
Monument,Gwalior Fort,Fort,Thiruchirapalli,Tamil Nadu,Metro,10.7905,78.7047,Bangalore,2022-23,2023,3,Mar,1,Summer,1,26.4,1.2,0.624,23887.0,346.0,24232.0,High,1.0,6.123233995736766e-17,183.3,1,1,0,82.6
Monument,Hauzkhas,Other Heritage Site,Delhi,Delhi,Metro,28.7041,77.1025,Delhi,2021-22,2021,4,Apr,2,Summer,0,29.3,0.6,0.312,2999.0,10.0,3009.0,Low,0.8660254037844387,-0.4999999999999998,16.4,0,0,1,74.3
Monument,Hauzkhas,Other Heritage Site,Delhi,Delhi,Metro,28.7041,77.1025,Delhi,2021-22,2021,5,May,2,Summer,0,32.8,2.1,0.312,2866.0,10.0,2875.0,Low,0.49999999999999994,-0.8660254037844387,16.4,0,0,3,74.3
Monument,Hauzkhas,Other Heritage Site,Delhi,Delhi,Metro,28.7041,77.1025,Delhi,2021-22,2021,6,Jun,2,Summer,0,33.3,3.7,0.312,3098.0,10.0,3108.0,Low,1.2246467991473532e-16,-1.0,16.4,0,0,2,74.3
Monument,Hauzkhas,Other Heritage Site,Delhi,Delhi,Metro,28.7041,77.1025,Delhi,2021-22,2021,7,Jul,3,Monsoon,0,31.1,8.7,0.312,3710.0,12.0,3723.0,Low,-0.4999999999999997,-0.8660254037844388,16.4,0,0,0,74.3
Monument,Hauzkhas,Other Heritage Site,Delhi,Delhi,Metro,28.7041,77.1025,Delhi,2021-22,2021,8,Aug,3,Monsoon,0,30.2,9.2,0.312,3058.0,10.0,3069.0,Low,-0.8660254037844385,-0.5000000000000004,16.4,3,1,0,74.3
Monument,Hauzkhas,Other Heritage Site,Delhi,Delhi,Metro,28.7041,77.1025,Delhi,2021-22,2021,9,Sep,3,Monsoon,0,29.2,7.3,0.312,3150.0,11.0,3160.0,Low,-1.0,-1.8369701987210297e-16,16.4,1,1,0,74.3
Monument,Hauzkhas,Other Heritage Site,Delhi,Delhi,Metro,28.7041,77.1025,Delhi,2021-22,2021,10,Oct,4,Autumn,1,25.6,0.9,0.312,3900.0,13.0,3913.0,Low,-0.8660254037844386,0.5000000000000001,16.4,1,1,1,74.3
Monument,Hauzkhas,Other Heritage Site,Delhi,Delhi,Metro,28.7041,77.1025,Delhi,2021-22,2021,11,Nov,4,Autumn,1,19.7,0.2,0.312,4470.0,15.0,4484.0,Medium,-0.5000000000000004,0.8660254037844384,16.4,1,1,0,74.3
Monument,Hauzkhas,Other Heritage Site,Delhi,Delhi,Metro,28.7041,77.1025,Delhi,2021-22,2021,12,Dec,4,Winter,1,14.7,0.6,0.312,4918.0,16.0,4935.0,Medium,-2.4492935982947064e-16,1.0,16.4,1,1,2,74.3
Monument,Hauzkhas,Other Heritage Site,Delhi,Delhi,Metro,28.7041,77.1025,Delhi,2021-22,2022,1,Jan,1,Winter,1,13.4,1.5,0.312,4583.0,15.0,4599.0,Medium,0.49999999999999994,0.8660254037844387,16.4,2,1,0,78.6
Monument,Hauzkhas,Other Heritage Site,Delhi,Delhi,Metro,28.7041,77.1025,Delhi,2021-22,2022,2,Feb,1,Winter,1,17.3,1.7,0.312,4793.0,16.0,4809.0,Medium,0.8660254037844386,0.5000000000000001,16.4,0,0,0,78.6
Monument,Hauzkhas,Other Heritage Site,Delhi,Delhi,Metro,28.7041,77.1025,Delhi,2021-22,2022,3,Mar,1,Summer,1,23.1,1.8,0.312,3957.0,13.0,3970.0,Low,1.0,6.123233995736766e-17,16.4,1,1,0,78.6
Monument,Hauzkhas,Other Heritage Site,Delhi,Delhi,Metro,28.7041,77.1025,Delhi,2022-23,2022,4,Apr,2,Summer,0,29.3,0.6,0.312,4150.0,68.0,4217.0,Medium,0.8660254037844387,-0.4999999999999998,16.4,0,0,1,78.6
Monument,Hauzkhas,Other Heritage Site,Delhi,Delhi,Metro,28.7041,77.1025,Delhi,2022-23,2022,5,May,2,Summer,0,32.8,2.1,0.312,3965.0,65.0,4030.0,Low,0.49999999999999994,-0.8660254037844387,16.4,0,0,3,78.6
Monument,Hauzkhas,Other Heritage Site,Delhi,Delhi,Metro,28.7041,77.1025,Delhi,2022-23,2022,6,Jun,2,Summer,0,33.3,3.7,0.312,4286.0,70.0,4356.0,Medium,1.2246467991473532e-16,-1.0,16.4,0,0,2,78.6
Monument,Hauzkhas,Other Heritage Site,Delhi,Delhi,Metro,28.7041,77.1025,Delhi,2022-23,2022,7,Jul,3,Monsoon,0,31.1,8.7,0.312,5134.0,84.0,5217.0,Medium,-0.4999999999999997,-0.8660254037844388,16.4,0,0,0,78.6
Monument,Hauzkhas,Other Heritage Site,Delhi,Delhi,Metro,28.7041,77.1025,Delhi,2022-23,2022,8,Aug,3,Monsoon,0,30.2,9.2,0.312,4232.0,69.0,4301.0,Medium,-0.8660254037844385,-0.5000000000000004,16.4,3,1,0,78.6
Monument,Hauzkhas,Other Heritage Site,Delhi,Delhi,Metro,28.7041,77.1025,Delhi,2022-23,2022,9,Sep,3,Monsoon,0,29.2,7.3,0.312,4358.0,71.0,4429.0,Medium,-1.0,-1.8369701987210297e-16,16.4,1,1,0,78.6
Monument,Hauzkhas,Other Heritage Site,Delhi,Delhi,Metro,28.7041,77.1025,Delhi,2022-23,2022,10,Oct,4,Autumn,1,25.6,0.9,0.312,5396.0,88.0,5484.0,Medium,-0.8660254037844386,0.5000000000000001,16.4,2,1,1,78.6
Monument,Hauzkhas,Other Heritage Site,Delhi,Delhi,Metro,28.7041,77.1025,Delhi,2022-23,2022,11,Nov,4,Autumn,1,19.7,0.2,0.312,6184.0,101.0,6285.0,Medium,-0.5000000000000004,0.8660254037844384,16.4,0,0,0,78.6
Monument,Hauzkhas,Other Heritage Site,Delhi,Delhi,Metro,28.7041,77.1025,Delhi,2022-23,2022,12,Dec,4,Winter,1,14.7,0.6,0.312,6805.0,111.0,6916.0,Medium,-2.4492935982947064e-16,1.0,16.4,1,1,2,78.6
Monument,Hauzkhas,Other Heritage Site,Delhi,Delhi,Metro,28.7041,77.1025,Delhi,2022-23,2023,1,Jan,1,Winter,1,13.4,1.5,0.312,6342.0,103.0,6445.0,Medium,0.49999999999999994,0.8660254037844387,16.4,2,1,0,82.6
Monument,Hauzkhas,Other Heritage Site,Delhi,Delhi,Metro,28.7041,77.1025,Delhi,2022-23,2023,2,Feb,1,Winter,1,17.3,1.7,0.312,6632.0,108.0,6740.0,Medium,0.8660254037844386,0.5000000000000001,16.4,0,0,0,82.6
Monument,Hauzkhas,Other Heritage Site,Delhi,Delhi,Metro,28.7041,77.1025,Delhi,2022-23,2023,3,Mar,1,Summer,1,23.1,1.8,0.312,5475.0,89.0,5565.0,Medium,1.0,6.123233995736766e-17,16.4,1,1,0,82.6
Monument,Hoshang Shah's Tomb,Tomb/Mausoleum,Thiruchirapalli,Tamil Nadu,Metro,10.7905,78.7047,Bangalore,2021-22,2021,4,Apr,2,Summer,0,27.4,4.6,0.426,7457.0,7.0,7464.0,Medium,0.8660254037844387,-0.4999999999999998,183.3,0,0,1,74.3
Monument,Hoshang Shah's Tomb,Tomb/Mausoleum,Thiruchirapalli,Tamil Nadu,Metro,10.7905,78.7047,Bangalore,2021-22,2021,5,May,2,Summer,0,26.4,5.8,0.426,7125.0,7.0,7132.0,Medium,0.49999999999999994,-0.8660254037844387,183.3,0,0,3,74.3
Monument,Hoshang Shah's Tomb,Tomb/Mausoleum,Thiruchirapalli,Tamil Nadu,Metro,10.7905,78.7047,Bangalore,2021-22,2021,6,Jun,2,Summer,0,24.3,4.2,0.426,7702.0,7.0,7709.0,Medium,1.2246467991473532e-16,-1.0,183.3,0,0,2,74.3
Monument,Hoshang Shah's Tomb,Tomb/Mausoleum,Thiruchirapalli,Tamil Nadu,Metro,10.7905,78.7047,Bangalore,2021-22,2021,7,Jul,3,Monsoon,0,23.3,4.8,0.426,9225.0,9.0,9233.0,Medium,-0.4999999999999997,-0.8660254037844388,183.3,0,0,0,74.3
Monument,Hoshang Shah's Tomb,Tomb/Mausoleum,Thiruchirapalli,Tamil Nadu,Metro,10.7905,78.7047,Bangalore,2021-22,2021,8,Aug,3,Monsoon,0,23.1,5.7,0.426,7604.0,7.0,7611.0,Medium,-0.8660254037844385,-0.5000000000000004,183.3,3,1,0,74.3
Monument,Hoshang Shah's Tomb,Tomb/Mausoleum,Thiruchirapalli,Tamil Nadu,Metro,10.7905,78.7047,Bangalore,2021-22,2021,9,Sep,3,Monsoon,0,23.6,8.0,0.426,7831.0,7.0,7839.0,Medium,-1.0,-1.8369701987210297e-16,183.3,1,1,0,74.3
Monument,Hoshang Shah's Tomb,Tomb/Mausoleum,Thiruchirapalli,Tamil Nadu,Metro,10.7905,78.7047,Bangalore,2021-22,2021,10,Oct,4,Autumn,1,23.2,8.0,0.426,9697.0,9.0,9706.0,Medium,-0.8660254037844386,0.5000000000000001,183.3,1,1,1,74.3
Monument,Hoshang Shah's Tomb,Tomb/Mausoleum,Thiruchirapalli,Tamil Nadu,Metro,10.7905,78.7047,Bangalore,2021-22,2021,11,Nov,4,Autumn,1,22.1,3.7,0.426,11112.0,11.0,11123.0,Medium,-0.5000000000000004,0.8660254037844384,183.3,1,1,0,74.3
Monument,Hoshang Shah's Tomb,Tomb/Mausoleum,Thiruchirapalli,Tamil Nadu,Metro,10.7905,78.7047,Bangalore,2021-22,2021,12,Dec,4,Winter,1,21.0,1.2,0.426,12228.0,12.0,12239.0,Medium,-2.4492935982947064e-16,1.0,183.3,1,1,2,74.3
Monument,Hoshang Shah's Tomb,Tomb/Mausoleum,Thiruchirapalli,Tamil Nadu,Metro,10.7905,78.7047,Bangalore,2021-22,2022,1,Jan,1,Winter,1,21.5,0.1,0.426,11395.0,11.0,11406.0,Medium,0.49999999999999994,0.8660254037844387,183.3,2,1,0,78.6
Monument,Hoshang Shah's Tomb,Tomb/Mausoleum,Thiruchirapalli,Tamil Nadu,Metro,10.7905,78.7047,Bangalore,2021-22,2022,2,Feb,1,Winter,1,23.7,0.4,0.426,11917.0,11.0,11929.0,Medium,0.8660254037844386,0.5000000000000001,183.3,0,0,0,78.6
Monument,Hoshang Shah's Tomb,Tomb/Mausoleum,Thiruchirapalli,Tamil Nadu,Metro,10.7905,78.7047,Bangalore,2021-22,2022,3,Mar,1,Summer,1,26.4,1.2,0.426,9838.0,9.0,9848.0,Medium,1.0,6.123233995736766e-17,183.3,1,1,0,78.6
Monument,Hoshang Shah's Tomb,Tomb/Mausoleum,Thiruchirapalli,Tamil Nadu,Metro,10.7905,78.7047,Bangalore,2022-23,2022,4,Apr,2,Summer,0,27.4,4.6,0.426,6132.0,46.0,6179.0,Medium,0.8660254037844387,-0.4999999999999998,183.3,0,0,1,78.6
Monument,Hoshang Shah's Tomb,Tomb/Mausoleum,Thiruchirapalli,Tamil Nadu,Metro,10.7905,78.7047,Bangalore,2022-23,2022,5,May,2,Summer,0,26.4,5.8,0.426,5860.0,44.0,5904.0,Medium,0.49999999999999994,-0.8660254037844387,183.3,0,0,3,78.6
Monument,Hoshang Shah's Tomb,Tomb/Mausoleum,Thiruchirapalli,Tamil Nadu,Metro,10.7905,78.7047,Bangalore,2022-23,2022,6,Jun,2,Summer,0,24.3,4.2,0.426,6334.0,48.0,6382.0,Medium,1.2246467991473532e-16,-1.0,183.3,0,0,2,78.6
Monument,Hoshang Shah's Tomb,Tomb/Mausoleum,Thiruchirapalli,Tamil Nadu,Metro,10.7905,78.7047,Bangalore,2022-23,2022,7,Jul,3,Monsoon,0,23.3,4.8,0.426,7586.0,57.0,7644.0,Medium,-0.4999999999999997,-0.8660254037844388,183.3,0,0,0,78.6
Monument,Hoshang Shah's Tomb,Tomb/Mausoleum,Thiruchirapalli,Tamil Nadu,Metro,10.7905,78.7047,Bangalore,2022-23,2022,8,Aug,3,Monsoon,0,23.1,5.7,0.426,6253.0,47.0,6301.0,Medium,-0.8660254037844385,-0.5000000000000004,183.3,3,1,0,78.6
Monument,Hoshang Shah's Tomb,Tomb/Mausoleum,Thiruchirapalli,Tamil Nadu,Metro,10.7905,78.7047,Bangalore,2022-23,2022,9,Sep,3,Monsoon,0,23.6,8.0,0.426,6440.0,49.0,6489.0,Medium,-1.0,-1.8369701987210297e-16,183.3,1,1,0,78.6
Monument,Hoshang Shah's Tomb,Tomb/Mausoleum,Thiruchirapalli,Tamil Nadu,Metro,10.7905,78.7047,Bangalore,2022-23,2022,10,Oct,4,Autumn,1,23.2,8.0,0.426,7975.0,60.0,8035.0,Medium,-0.8660254037844386,0.5000000000000001,183.3,2,1,1,78.6
Monument,Hoshang Shah's Tomb,Tomb/Mausoleum,Thiruchirapalli,Tamil Nadu,Metro,10.7905,78.7047,Bangalore,2022-23,2022,11,Nov,4,Autumn,1,22.1,3.7,0.426,9139.0,69.0,9208.0,Medium,-0.5000000000000004,0.8660254037844384,183.3,0,0,0,78.6
Monument,Hoshang Shah's Tomb,Tomb/Mausoleum,Thiruchirapalli,Tamil Nadu,Metro,10.7905,78.7047,Bangalore,2022-23,2022,12,Dec,4,Winter,1,21.0,1.2,0.426,10056.0,76.0,10132.0,Medium,-2.4492935982947064e-16,1.0,183.3,1,1,2,78.6
Monument,Hoshang Shah's Tomb,Tomb/Mausoleum,Thiruchirapalli,Tamil Nadu,Metro,10.7905,78.7047,Bangalore,2022-23,2023,1,Jan,1,Winter,1,21.5,0.1,0.426,9371.0,71.0,9442.0,Medium,0.49999999999999994,0.8660254037844387,183.3,2,1,0,82.6
Monument,Hoshang Shah's Tomb,Tomb/Mausoleum,Thiruchirapalli,Tamil Nadu,Metro,10.7905,78.7047,Bangalore,2022-23,2023,2,Feb,1,Winter,1,23.7,0.4,0.426,9801.0,74.0,9875.0,Medium,0.8660254037844386,0.5000000000000001,183.3,0,0,0,82.6
Monument,Hoshang Shah's Tomb,Tomb/Mausoleum,Thiruchirapalli,Tamil Nadu,Metro,10.7905,78.7047,Bangalore,2022-23,2023,3,Mar,1,Summer,1,26.4,1.2,0.426,8091.0,61.0,8152.0,Medium,1.0,6.123233995736766e-17,183.3,1,1,0,82.6
Monument,Humayun Tomb,Tomb/Mausoleum,Delhi,Delhi,Metro,28.7041,77.1025,Delhi,2021-22,2021,4,Apr,2,Summer,0,29.3,0.6,0.83,25862.0,322.0,26185.0,High,0.8660254037844387,-0.4999999999999998,16.4,0,0,1,74.3
Monument,Humayun Tomb,Tomb/Mausoleum,Delhi,Delhi,Metro,28.7041,77.1025,Delhi,2021-22,2021,5,May,2,Summer,0,32.8,2.1,0.83,24713.0,308.0,25021.0,High,0.49999999999999994,-0.8660254037844387,16.4,0,0,3,74.3
Monument,Humayun Tomb,Tomb/Mausoleum,Delhi,Delhi,Metro,28.7041,77.1025,Delhi,2021-22,2021,6,Jun,2,Summer,0,33.3,3.7,0.83,26713.0,333.0,27046.0,High,1.2246467991473532e-16,-1.0,16.4,0,0,2,74.3
Monument,Humayun Tomb,Tomb/Mausoleum,Delhi,Delhi,Metro,28.7041,77.1025,Delhi,2021-22,2021,7,Jul,3,Monsoon,0,31.1,8.7,0.83,31994.0,399.0,32393.0,High,-0.4999999999999997,-0.8660254037844388,16.4,0,0,0,74.3
Monument,Humayun Tomb,Tomb/Mausoleum,Delhi,Delhi,Metro,28.7041,77.1025,Delhi,2021-22,2021,8,Aug,3,Monsoon,0,30.2,9.2,0.83,26372.0,329.0,26701.0,High,-0.8660254037844385,-0.5000000000000004,16.4,3,1,0,74.3
Monument,Humayun Tomb,Tomb/Mausoleum,Delhi,Delhi,Metro,28.7041,77.1025,Delhi,2021-22,2021,9,Sep,3,Monsoon,0,29.2,7.3,0.83,27162.0,339.0,27501.0,High,-1.0,-1.8369701987210297e-16,16.4,1,1,0,74.3
Monument,Humayun Tomb,Tomb/Mausoleum,Delhi,Delhi,Metro,28.7041,77.1025,Delhi,2021-22,2021,10,Oct,4,Autumn,1,25.6,0.9,0.83,33632.0,419.0,34052.0,High,-0.8660254037844386,0.5000000000000001,16.4,1,1,1,74.3
Monument,Humayun Tomb,Tomb/Mausoleum,Delhi,Delhi,Metro,28.7041,77.1025,Delhi,2021-22,2021,11,Nov,4,Autumn,1,19.7,0.2,0.83,38541.0,481.0,39022.0,High,-0.5000000000000004,0.8660254037844384,16.4,1,1,0,74.3
Monument,Humayun Tomb,Tomb/Mausoleum,Delhi,Delhi,Metro,28.7041,77.1025,Delhi,2021-22,2021,12,Dec,4,Winter,1,14.7,0.6,0.83,42409.0,529.0,42938.0,High,-2.4492935982947064e-16,1.0,16.4,1,1,2,74.3
Monument,Humayun Tomb,Tomb/Mausoleum,Delhi,Delhi,Metro,28.7041,77.1025,Delhi,2021-22,2022,1,Jan,1,Winter,1,13.4,1.5,0.83,39522.0,493.0,40015.0,High,0.49999999999999994,0.8660254037844387,16.4,2,1,0,78.6
Monument,Humayun Tomb,Tomb/Mausoleum,Delhi,Delhi,Metro,28.7041,77.1025,Delhi,2021-22,2022,2,Feb,1,Winter,1,17.3,1.7,0.83,41333.0,515.0,41849.0,High,0.8660254037844386,0.5000000000000001,16.4,0,0,0,78.6
Monument,Humayun Tomb,Tomb/Mausoleum,Delhi,Delhi,Metro,28.7041,77.1025,Delhi,2021-22,2022,3,Mar,1,Summer,1,23.1,1.8,0.83,34123.0,425.0,34548.0,High,1.0,6.123233995736766e-17,16.4,1,1,0,78.6
Monument,Humayun Tomb,Tomb/Mausoleum,Delhi,Delhi,Metro,28.7041,77.1025,Delhi,2022-23,2022,4,Apr,2,Summer,0,29.3,0.6,0.83,76613.0,6600.0,83213.0,High,0.8660254037844387,-0.4999999999999998,16.4,0,0,1,78.6
Monument,Humayun Tomb,Tomb/Mausoleum,Delhi,Delhi,Metro,28.7041,77.1025,Delhi,2022-23,2022,5,May,2,Summer,0,32.8,2.1,0.83,73208.0,6307.0,79515.0,High,0.49999999999999994,-0.8660254037844387,16.4,0,0,3,78.6
Monument,Humayun Tomb,Tomb/Mausoleum,Delhi,Delhi,Metro,28.7041,77.1025,Delhi,2022-23,2022,6,Jun,2,Summer,0,33.3,3.7,0.83,79134.0,6817.0,85951.0,High,1.2246467991473532e-16,-1.0,16.4,0,0,2,78.6
Monument,Humayun Tomb,Tomb/Mausoleum,Delhi,Delhi,Metro,28.7041,77.1025,Delhi,2022-23,2022,7,Jul,3,Monsoon,0,31.1,8.7,0.83,94777.0,8165.0,102942.0,High,-0.4999999999999997,-0.8660254037844388,16.4,0,0,0,78.6
Monument,Humayun Tomb,Tomb/Mausoleum,Delhi,Delhi,Metro,28.7041,77.1025,Delhi,2022-23,2022,8,Aug,3,Monsoon,0,30.2,9.2,0.83,78123.0,6730.0,84854.0,High,-0.8660254037844385,-0.5000000000000004,16.4,3,1,0,78.6
Monument,Humayun Tomb,Tomb/Mausoleum,Delhi,Delhi,Metro,28.7041,77.1025,Delhi,2022-23,2022,9,Sep,3,Monsoon,0,29.2,7.3,0.83,80463.0,6932.0,87395.0,High,-1.0,-1.8369701987210297e-16,16.4,1,1,0,78.6
Monument,Humayun Tomb,Tomb/Mausoleum,Delhi,Delhi,Metro,28.7041,77.1025,Delhi,2022-23,2022,10,Oct,4,Autumn,1,25.6,0.9,0.83,99631.0,8583.0,108214.0,High,-0.8660254037844386,0.5000000000000001,16.4,2,1,1,78.6
Monument,Humayun Tomb,Tomb/Mausoleum,Delhi,Delhi,Metro,28.7041,77.1025,Delhi,2022-23,2022,11,Nov,4,Autumn,1,19.7,0.2,0.83,114173.0,9836.0,124009.0,High,-0.5000000000000004,0.8660254037844384,16.4,0,0,0,78.6
Monument,Humayun Tomb,Tomb/Mausoleum,Delhi,Delhi,Metro,28.7041,77.1025,Delhi,2022-23,2022,12,Dec,4,Winter,1,14.7,0.6,0.83,125631.0,10823.0,136454.0,High,-2.4492935982947064e-16,1.0,16.4,1,1,2,78.6
Monument,Humayun Tomb,Tomb/Mausoleum,Delhi,Delhi,Metro,28.7041,77.1025,Delhi,2022-23,2023,1,Jan,1,Winter,1,13.4,1.5,0.83,117079.0,10086.0,127165.0,High,0.49999999999999994,0.8660254037844387,16.4,2,1,0,82.6
Monument,Humayun Tomb,Tomb/Mausoleum,Delhi,Delhi,Metro,28.7041,77.1025,Delhi,2022-23,2023,2,Feb,1,Winter,1,17.3,1.7,0.83,122444.0,10548.0,132992.0,High,0.8660254037844386,0.5000000000000001,16.4,0,0,0,82.6
Monument,Humayun Tomb,Tomb/Mausoleum,Delhi,Delhi,Metro,28.7041,77.1025,Delhi,2022-23,2023,3,Mar,1,Summer,1,23.1,1.8,0.83,101084.0,8708.0,109793.0,High,1.0,6.123233995736766e-17,16.4,1,1,0,82.6
Monument,"Ibrahim Rauza, Bijapur",Other Heritage Site,Dharwad,Karnataka,Metro,15.4589,75.0078,Bangalore,2021-22,2021,4,Apr,2,Summer,0,27.4,4.6,0.496,6729.0,1.0,6730.0,Medium,0.8660254037844387,-0.4999999999999998,126.4,0,0,1,74.3
Monument,"Ibrahim Rauza, Bijapur",Other Heritage Site,Dharwad,Karnataka,Metro,15.4589,75.0078,Bangalore,2021-22,2021,5,May,2,Summer,0,26.4,5.8,0.496,6430.0,1.0,6431.0,Medium,0.49999999999999994,-0.8660254037844387,126.4,0,0,3,74.3
Monument,"Ibrahim Rauza, Bijapur",Other Heritage Site,Dharwad,Karnataka,Metro,15.4589,75.0078,Bangalore,2021-22,2021,6,Jun,2,Summer,0,24.3,4.2,0.496,6951.0,1.0,6952.0,Medium,1.2246467991473532e-16,-1.0,126.4,0,0,2,74.3
Monument,"Ibrahim Rauza, Bijapur",Other Heritage Site,Dharwad,Karnataka,Metro,15.4589,75.0078,Bangalore,2021-22,2021,7,Jul,3,Monsoon,0,23.3,4.8,0.496,8325.0,2.0,8326.0,Medium,-0.4999999999999997,-0.8660254037844388,126.4,0,0,0,74.3
Monument,"Ibrahim Rauza, Bijapur",Other Heritage Site,Dharwad,Karnataka,Metro,15.4589,75.0078,Bangalore,2021-22,2021,8,Aug,3,Monsoon,0,23.1,5.7,0.496,6862.0,1.0,6863.0,Medium,-0.8660254037844385,-0.5000000000000004,126.4,3,1,0,74.3
Monument,"Ibrahim Rauza, Bijapur",Other Heritage Site,Dharwad,Karnataka,Metro,15.4589,75.0078,Bangalore,2021-22,2021,9,Sep,3,Monsoon,0,23.6,8.0,0.496,7067.0,1.0,7069.0,Medium,-1.0,-1.8369701987210297e-16,126.4,1,1,0,74.3
Monument,"Ibrahim Rauza, Bijapur",Other Heritage Site,Dharwad,Karnataka,Metro,15.4589,75.0078,Bangalore,2021-22,2021,10,Oct,4,Autumn,1,23.2,8.0,0.496,8751.0,2.0,8753.0,Medium,-0.8660254037844386,0.5000000000000001,126.4,1,1,1,74.3
Monument,"Ibrahim Rauza, Bijapur",Other Heritage Site,Dharwad,Karnataka,Metro,15.4589,75.0078,Bangalore,2021-22,2021,11,Nov,4,Autumn,1,22.1,3.7,0.496,10028.0,2.0,10030.0,Medium,-0.5000000000000004,0.8660254037844384,126.4,1,1,0,74.3
Monument,"Ibrahim Rauza, Bijapur",Other Heritage Site,Dharwad,Karnataka,Metro,15.4589,75.0078,Bangalore,2021-22,2021,12,Dec,4,Winter,1,21.0,1.2,0.496,11035.0,2.0,11037.0,Medium,-2.4492935982947064e-16,1.0,126.4,1,1,2,74.3
Monument,"Ibrahim Rauza, Bijapur",Other Heritage Site,Dharwad,Karnataka,Metro,15.4589,75.0078,Bangalore,2021-22,2022,1,Jan,1,Winter,1,21.5,0.1,0.496,10283.0,2.0,10285.0,Medium,0.49999999999999994,0.8660254037844387,126.4,2,1,0,78.6
Monument,"Ibrahim Rauza, Bijapur",Other Heritage Site,Dharwad,Karnataka,Metro,15.4589,75.0078,Bangalore,2021-22,2022,2,Feb,1,Winter,1,23.7,0.4,0.496,10755.0,2.0,10757.0,Medium,0.8660254037844386,0.5000000000000001,126.4,0,0,0,78.6
Monument,"Ibrahim Rauza, Bijapur",Other Heritage Site,Dharwad,Karnataka,Metro,15.4589,75.0078,Bangalore,2021-22,2022,3,Mar,1,Summer,1,26.4,1.2,0.496,8879.0,2.0,8880.0,Medium,1.0,6.123233995736766e-17,126.4,1,1,0,78.6
Monument,"Ibrahim Rauza, Bijapur",Other Heritage Site,Dharwad,Karnataka,Metro,15.4589,75.0078,Bangalore,2022-23,2022,4,Apr,2,Summer,0,27.4,4.6,0.496,12333.0,42.0,12375.0,Medium,0.8660254037844387,-0.4999999999999998,126.4,0,0,1,78.6
Monument,"Ibrahim Rauza, Bijapur",Other Heritage Site,Dharwad,Karnataka,Metro,15.4589,75.0078,Bangalore,2022-23,2022,5,May,2,Summer,0,26.4,5.8,0.496,11785.0,41.0,11825.0,Medium,0.49999999999999994,-0.8660254037844387,126.4,0,0,3,78.6
Monument,"Ibrahim Rauza, Bijapur",Other Heritage Site,Dharwad,Karnataka,Metro,15.4589,75.0078,Bangalore,2022-23,2022,6,Jun,2,Summer,0,24.3,4.2,0.496,12739.0,44.0,12782.0,Medium,1.2246467991473532e-16,-1.0,126.4,0,0,2,78.6
Monument,"Ibrahim Rauza, Bijapur",Other Heritage Site,Dharwad,Karnataka,Metro,15.4589,75.0078,Bangalore,2022-23,2022,7,Jul,3,Monsoon,0,23.3,4.8,0.496,15257.0,53.0,15309.0,Medium,-0.4999999999999997,-0.8660254037844388,126.4,0,0,0,78.6
Monument,"Ibrahim Rauza, Bijapur",Other Heritage Site,Dharwad,Karnataka,Metro,15.4589,75.0078,Bangalore,2022-23,2022,8,Aug,3,Monsoon,0,23.1,5.7,0.496,12576.0,43.0,12619.0,Medium,-0.8660254037844385,-0.5000000000000004,126.4,3,1,0,78.6
Monument,"Ibrahim Rauza, Bijapur",Other Heritage Site,Dharwad,Karnataka,Metro,15.4589,75.0078,Bangalore,2022-23,2022,9,Sep,3,Monsoon,0,23.6,8.0,0.496,12953.0,45.0,12997.0,Medium,-1.0,-1.8369701987210297e-16,126.4,1,1,0,78.6
Monument,"Ibrahim Rauza, Bijapur",Other Heritage Site,Dharwad,Karnataka,Metro,15.4589,75.0078,Bangalore,2022-23,2022,10,Oct,4,Autumn,1,23.2,8.0,0.496,16038.0,55.0,16093.0,Medium,-0.8660254037844386,0.5000000000000001,126.4,2,1,1,78.6
Monument,"Ibrahim Rauza, Bijapur",Other Heritage Site,Dharwad,Karnataka,Metro,15.4589,75.0078,Bangalore,2022-23,2022,11,Nov,4,Autumn,1,22.1,3.7,0.496,18379.0,63.0,18442.0,High,-0.5000000000000004,0.8660254037844384,126.4,0,0,0,78.6
Monument,"Ibrahim Rauza, Bijapur",Other Heritage Site,Dharwad,Karnataka,Metro,15.4589,75.0078,Bangalore,2022-23,2022,12,Dec,4,Winter,1,21.0,1.2,0.496,20223.0,70.0,20293.0,High,-2.4492935982947064e-16,1.0,126.4,1,1,2,78.6
Monument,"Ibrahim Rauza, Bijapur",Other Heritage Site,Dharwad,Karnataka,Metro,15.4589,75.0078,Bangalore,2022-23,2023,1,Jan,1,Winter,1,21.5,0.1,0.496,18847.0,65.0,18912.0,High,0.49999999999999994,0.8660254037844387,126.4,2,1,0,82.6
Monument,"Ibrahim Rauza, Bijapur",Other Heritage Site,Dharwad,Karnataka,Metro,15.4589,75.0078,Bangalore,2022-23,2023,2,Feb,1,Winter,1,23.7,0.4,0.496,19710.0,68.0,19778.0,High,0.8660254037844386,0.5000000000000001,126.4,0,0,0,82.6
Monument,"Ibrahim Rauza, Bijapur",Other Heritage Site,Dharwad,Karnataka,Metro,15.4589,75.0078,Bangalore,2022-23,2023,3,Mar,1,Summer,1,26.4,1.2,0.496,16272.0,56.0,16328.0,Medium,1.0,6.123233995736766e-17,126.4,1,1,0,82.6
Monument,Itimad-ud-Daulah Tomb,Tomb/Mausoleum,Agra,Uttar Pradesh,Metro,27.1767,78.0081,Delhi,2021-22,2021,4,Apr,2,Summer,0,29.3,0.6,0.489,5979.0,127.0,6106.0,Medium,0.8660254037844387,-0.4999999999999998,177.5,0,0,1,74.3
Monument,Itimad-ud-Daulah Tomb,Tomb/Mausoleum,Agra,Uttar Pradesh,Metro,27.1767,78.0081,Delhi,2021-22,2021,5,May,2,Summer,0,32.8,2.1,0.489,5713.0,121.0,5835.0,Medium,0.49999999999999994,-0.8660254037844387,177.5,0,0,3,74.3
Monument,Itimad-ud-Daulah Tomb,Tomb/Mausoleum,Agra,Uttar Pradesh,Metro,27.1767,78.0081,Delhi,2021-22,2021,6,Jun,2,Summer,0,33.3,3.7,0.489,6176.0,131.0,6307.0,Medium,1.2246467991473532e-16,-1.0,177.5,0,0,2,74.3
Monument,Itimad-ud-Daulah Tomb,Tomb/Mausoleum,Agra,Uttar Pradesh,Metro,27.1767,78.0081,Delhi,2021-22,2021,7,Jul,3,Monsoon,0,31.1,8.7,0.489,7396.0,157.0,7554.0,Medium,-0.4999999999999997,-0.8660254037844388,177.5,0,0,0,74.3
Monument,Itimad-ud-Daulah Tomb,Tomb/Mausoleum,Agra,Uttar Pradesh,Metro,27.1767,78.0081,Delhi,2021-22,2021,8,Aug,3,Monsoon,0,30.2,9.2,0.489,6097.0,130.0,6226.0,Medium,-0.8660254037844385,-0.5000000000000004,177.5,3,1,0,74.3
Monument,Itimad-ud-Daulah Tomb,Tomb/Mausoleum,Agra,Uttar Pradesh,Metro,27.1767,78.0081,Delhi,2021-22,2021,9,Sep,3,Monsoon,0,29.2,7.3,0.489,6279.0,133.0,6413.0,Medium,-1.0,-1.8369701987210297e-16,177.5,1,1,0,74.3
Monument,Itimad-ud-Daulah Tomb,Tomb/Mausoleum,Agra,Uttar Pradesh,Metro,27.1767,78.0081,Delhi,2021-22,2021,10,Oct,4,Autumn,1,25.6,0.9,0.489,7775.0,165.0,7940.0,Medium,-0.8660254037844386,0.5000000000000001,177.5,1,1,1,74.3
Monument,Itimad-ud-Daulah Tomb,Tomb/Mausoleum,Agra,Uttar Pradesh,Metro,27.1767,78.0081,Delhi,2021-22,2021,11,Nov,4,Autumn,1,19.7,0.2,0.489,8910.0,189.0,9099.0,Medium,-0.5000000000000004,0.8660254037844384,177.5,1,1,0,74.3
Monument,Itimad-ud-Daulah Tomb,Tomb/Mausoleum,Agra,Uttar Pradesh,Metro,27.1767,78.0081,Delhi,2021-22,2021,12,Dec,4,Winter,1,14.7,0.6,0.489,9804.0,208.0,10013.0,Medium,-2.4492935982947064e-16,1.0,177.5,1,1,2,74.3
Monument,Itimad-ud-Daulah Tomb,Tomb/Mausoleum,Agra,Uttar Pradesh,Metro,27.1767,78.0081,Delhi,2021-22,2022,1,Jan,1,Winter,1,13.4,1.5,0.489,9137.0,194.0,9331.0,Medium,0.49999999999999994,0.8660254037844387,177.5,2,1,0,78.6
Monument,Itimad-ud-Daulah Tomb,Tomb/Mausoleum,Agra,Uttar Pradesh,Metro,27.1767,78.0081,Delhi,2021-22,2022,2,Feb,1,Winter,1,17.3,1.7,0.489,9556.0,203.0,9759.0,Medium,0.8660254037844386,0.5000000000000001,177.5,0,0,0,78.6
Monument,Itimad-ud-Daulah Tomb,Tomb/Mausoleum,Agra,Uttar Pradesh,Metro,27.1767,78.0081,Delhi,2021-22,2022,3,Mar,1,Summer,1,23.1,1.8,0.489,7889.0,168.0,8056.0,Medium,1.0,6.123233995736766e-17,177.5,1,1,0,78.6
Monument,Itimad-ud-Daulah Tomb,Tomb/Mausoleum,Agra,Uttar Pradesh,Metro,27.1767,78.0081,Delhi,2022-23,2022,4,Apr,2,Summer,0,29.3,0.6,0.489,10051.0,2926.0,12977.0,Medium,0.8660254037844387,-0.4999999999999998,177.5,0,0,1,78.6
Monument,Itimad-ud-Daulah Tomb,Tomb/Mausoleum,Agra,Uttar Pradesh,Metro,27.1767,78.0081,Delhi,2022-23,2022,5,May,2,Summer,0,32.8,2.1,0.489,9605.0,2796.0,12400.0,Medium,0.49999999999999994,-0.8660254037844387,177.5,0,0,3,78.6
Monument,Itimad-ud-Daulah Tomb,Tomb/Mausoleum,Agra,Uttar Pradesh,Metro,27.1767,78.0081,Delhi,2022-23,2022,6,Jun,2,Summer,0,33.3,3.7,0.489,10382.0,3022.0,13404.0,Medium,1.2246467991473532e-16,-1.0,177.5,0,0,2,78.6
Monument,Itimad-ud-Daulah Tomb,Tomb/Mausoleum,Agra,Uttar Pradesh,Metro,27.1767,78.0081,Delhi,2022-23,2022,7,Jul,3,Monsoon,0,31.1,8.7,0.489,12434.0,3619.0,16054.0,Medium,-0.4999999999999997,-0.8660254037844388,177.5,0,0,0,78.6
Monument,Itimad-ud-Daulah Tomb,Tomb/Mausoleum,Agra,Uttar Pradesh,Metro,27.1767,78.0081,Delhi,2022-23,2022,8,Aug,3,Monsoon,0,30.2,9.2,0.489,10249.0,2983.0,13233.0,Medium,-0.8660254037844385,-0.5000000000000004,177.5,3,1,0,78.6
Monument,Itimad-ud-Daulah Tomb,Tomb/Mausoleum,Agra,Uttar Pradesh,Metro,27.1767,78.0081,Delhi,2022-23,2022,9,Sep,3,Monsoon,0,29.2,7.3,0.489,10556.0,3073.0,13629.0,Medium,-1.0,-1.8369701987210297e-16,177.5,1,1,0,78.6
Monument,Itimad-ud-Daulah Tomb,Tomb/Mausoleum,Agra,Uttar Pradesh,Metro,27.1767,78.0081,Delhi,2022-23,2022,10,Oct,4,Autumn,1,25.6,0.9,0.489,13071.0,3805.0,16876.0,High,-0.8660254037844386,0.5000000000000001,177.5,2,1,1,78.6
Monument,Itimad-ud-Daulah Tomb,Tomb/Mausoleum,Agra,Uttar Pradesh,Metro,27.1767,78.0081,Delhi,2022-23,2022,11,Nov,4,Autumn,1,19.7,0.2,0.489,14979.0,4360.0,19339.0,High,-0.5000000000000004,0.8660254037844384,177.5,0,0,0,78.6
Monument,Itimad-ud-Daulah Tomb,Tomb/Mausoleum,Agra,Uttar Pradesh,Metro,27.1767,78.0081,Delhi,2022-23,2022,12,Dec,4,Winter,1,14.7,0.6,0.489,16482.0,4798.0,21280.0,High,-2.4492935982947064e-16,1.0,177.5,1,1,2,78.6
Monument,Itimad-ud-Daulah Tomb,Tomb/Mausoleum,Agra,Uttar Pradesh,Metro,27.1767,78.0081,Delhi,2022-23,2023,1,Jan,1,Winter,1,13.4,1.5,0.489,15360.0,4471.0,19831.0,High,0.49999999999999994,0.8660254037844387,177.5,2,1,0,82.6
Monument,Itimad-ud-Daulah Tomb,Tomb/Mausoleum,Agra,Uttar Pradesh,Metro,27.1767,78.0081,Delhi,2022-23,2023,2,Feb,1,Winter,1,17.3,1.7,0.489,16064.0,4676.0,20740.0,High,0.8660254037844386,0.5000000000000001,177.5,0,0,0,82.6
Monument,Itimad-ud-Daulah Tomb,Tomb/Mausoleum,Agra,Uttar Pradesh,Metro,27.1767,78.0081,Delhi,2022-23,2023,3,Mar,1,Summer,1,23.1,1.8,0.489,13262.0,3860.0,17122.0,High,1.0,6.123233995736766e-17,177.5,1,1,0,82.6
Monument,"Jaina & Vaishnava Cave, Badami",Caves,Dharwad,Karnataka,Metro,15.4589,75.0078,Bangalore,2021-22,2021,4,Apr,2,Summer,0,27.4,4.6,0.695,15434.0,13.0,15447.0,Medium,0.8660254037844387,-0.4999999999999998,126.4,0,0,1,74.3
Monument,"Jaina & Vaishnava Cave, Badami",Caves,Dharwad,Karnataka,Metro,15.4589,75.0078,Bangalore,2021-22,2021,5,May,2,Summer,0,26.4,5.8,0.695,14748.0,13.0,14760.0,Medium,0.49999999999999994,-0.8660254037844387,126.4,0,0,3,74.3
Monument,"Jaina & Vaishnava Cave, Badami",Caves,Dharwad,Karnataka,Metro,15.4589,75.0078,Bangalore,2021-22,2021,6,Jun,2,Summer,0,24.3,4.2,0.695,15941.0,14.0,15955.0,Medium,1.2246467991473532e-16,-1.0,126.4,0,0,2,74.3
Monument,"Jaina & Vaishnava Cave, Badami",Caves,Dharwad,Karnataka,Metro,15.4589,75.0078,Bangalore,2021-22,2021,7,Jul,3,Monsoon,0,23.3,4.8,0.695,19093.0,16.0,19109.0,High,-0.4999999999999997,-0.8660254037844388,126.4,0,0,0,74.3
Monument,"Jaina & Vaishnava Cave, Badami",Caves,Dharwad,Karnataka,Metro,15.4589,75.0078,Bangalore,2021-22,2021,8,Aug,3,Monsoon,0,23.1,5.7,0.695,15738.0,13.0,15751.0,Medium,-0.8660254037844385,-0.5000000000000004,126.4,3,1,0,74.3
Monument,"Jaina & Vaishnava Cave, Badami",Caves,Dharwad,Karnataka,Metro,15.4589,75.0078,Bangalore,2021-22,2021,9,Sep,3,Monsoon,0,23.6,8.0,0.695,16209.0,14.0,16223.0,Medium,-1.0,-1.8369701987210297e-16,126.4,1,1,0,74.3
Monument,"Jaina & Vaishnava Cave, Badami",Caves,Dharwad,Karnataka,Metro,15.4589,75.0078,Bangalore,2021-22,2021,10,Oct,4,Autumn,1,23.2,8.0,0.695,20070.0,17.0,20088.0,High,-0.8660254037844386,0.5000000000000001,126.4,1,1,1,74.3
Monument,"Jaina & Vaishnava Cave, Badami",Caves,Dharwad,Karnataka,Metro,15.4589,75.0078,Bangalore,2021-22,2021,11,Nov,4,Autumn,1,22.1,3.7,0.695,23000.0,20.0,23020.0,High,-0.5000000000000004,0.8660254037844384,126.4,1,1,0,74.3
Monument,"Jaina & Vaishnava Cave, Badami",Caves,Dharwad,Karnataka,Metro,15.4589,75.0078,Bangalore,2021-22,2021,12,Dec,4,Winter,1,21.0,1.2,0.695,25308.0,22.0,25330.0,High,-2.4492935982947064e-16,1.0,126.4,1,1,2,74.3
Monument,"Jaina & Vaishnava Cave, Badami",Caves,Dharwad,Karnataka,Metro,15.4589,75.0078,Bangalore,2021-22,2022,1,Jan,1,Winter,1,21.5,0.1,0.695,23585.0,20.0,23605.0,High,0.49999999999999994,0.8660254037844387,126.4,2,1,0,78.6
Monument,"Jaina & Vaishnava Cave, Badami",Caves,Dharwad,Karnataka,Metro,15.4589,75.0078,Bangalore,2021-22,2022,2,Feb,1,Winter,1,23.7,0.4,0.695,24666.0,21.0,24687.0,High,0.8660254037844386,0.5000000000000001,126.4,0,0,0,78.6
Monument,"Jaina & Vaishnava Cave, Badami",Caves,Dharwad,Karnataka,Metro,15.4589,75.0078,Bangalore,2021-22,2022,3,Mar,1,Summer,1,26.4,1.2,0.695,20363.0,17.0,20381.0,High,1.0,6.123233995736766e-17,126.4,1,1,0,78.6
Monument,"Jaina & Vaishnava Cave, Badami",Caves,Dharwad,Karnataka,Metro,15.4589,75.0078,Bangalore,2022-23,2022,4,Apr,2,Summer,0,27.4,4.6,0.695,28153.0,216.0,28369.0,High,0.8660254037844387,-0.4999999999999998,126.4,0,0,1,78.6
Monument,"Jaina & Vaishnava Cave, Badami",Caves,Dharwad,Karnataka,Metro,15.4589,75.0078,Bangalore,2022-23,2022,5,May,2,Summer,0,26.4,5.8,0.695,26902.0,206.0,27108.0,High,0.49999999999999994,-0.8660254037844387,126.4,0,0,3,78.6
Monument,"Jaina & Vaishnava Cave, Badami",Caves,Dharwad,Karnataka,Metro,15.4589,75.0078,Bangalore,2022-23,2022,6,Jun,2,Summer,0,24.3,4.2,0.695,29080.0,223.0,29302.0,High,1.2246467991473532e-16,-1.0,126.4,0,0,2,78.6
Monument,"Jaina & Vaishnava Cave, Badami",Caves,Dharwad,Karnataka,Metro,15.4589,75.0078,Bangalore,2022-23,2022,7,Jul,3,Monsoon,0,23.3,4.8,0.695,34828.0,267.0,35095.0,High,-0.4999999999999997,-0.8660254037844388,126.4,0,0,0,78.6
Monument,"Jaina & Vaishnava Cave, Badami",Caves,Dharwad,Karnataka,Metro,15.4589,75.0078,Bangalore,2022-23,2022,8,Aug,3,Monsoon,0,23.1,5.7,0.695,28708.0,220.0,28928.0,High,-0.8660254037844385,-0.5000000000000004,126.4,3,1,0,78.6
Monument,"Jaina & Vaishnava Cave, Badami",Caves,Dharwad,Karnataka,Metro,15.4589,75.0078,Bangalore,2022-23,2022,9,Sep,3,Monsoon,0,23.6,8.0,0.695,29568.0,226.0,29795.0,High,-1.0,-1.8369701987210297e-16,126.4,1,1,0,78.6
Monument,"Jaina & Vaishnava Cave, Badami",Caves,Dharwad,Karnataka,Metro,15.4589,75.0078,Bangalore,2022-23,2022,10,Oct,4,Autumn,1,23.2,8.0,0.695,36612.0,280.0,36892.0,High,-0.8660254037844386,0.5000000000000001,126.4,2,1,1,78.6
Monument,"Jaina & Vaishnava Cave, Badami",Caves,Dharwad,Karnataka,Metro,15.4589,75.0078,Bangalore,2022-23,2022,11,Nov,4,Autumn,1,22.1,3.7,0.695,41956.0,321.0,42277.0,High,-0.5000000000000004,0.8660254037844384,126.4,0,0,0,78.6
Monument,"Jaina & Vaishnava Cave, Badami",Caves,Dharwad,Karnataka,Metro,15.4589,75.0078,Bangalore,2022-23,2022,12,Dec,4,Winter,1,21.0,1.2,0.695,46166.0,354.0,46520.0,High,-2.4492935982947064e-16,1.0,126.4,1,1,2,78.6
Monument,"Jaina & Vaishnava Cave, Badami",Caves,Dharwad,Karnataka,Metro,15.4589,75.0078,Bangalore,2022-23,2023,1,Jan,1,Winter,1,21.5,0.1,0.695,43024.0,329.0,43353.0,High,0.49999999999999994,0.8660254037844387,126.4,2,1,0,82.6
Monument,"Jaina & Vaishnava Cave, Badami",Caves,Dharwad,Karnataka,Metro,15.4589,75.0078,Bangalore,2022-23,2023,2,Feb,1,Winter,1,23.7,0.4,0.695,44995.0,345.0,45340.0,High,0.8660254037844386,0.5000000000000001,126.4,0,0,0,82.6
Monument,"Jaina & Vaishnava Cave, Badami",Caves,Dharwad,Karnataka,Metro,15.4589,75.0078,Bangalore,2022-23,2023,3,Mar,1,Summer,1,26.4,1.2,0.695,37146.0,284.0,37430.0,High,1.0,6.123233995736766e-17,126.4,1,1,0,82.6
Monument,"Janjira Fort, Murd",Fort,Mumbai,Maharashtra,Metro,19.076,72.8777,Mumbai,2021-22,2021,4,Apr,2,Summer,0,29.1,0.3,0.596,12388.0,4.0,12392.0,Medium,0.8660254037844387,-0.4999999999999998,2.0,0,0,1,74.3
Monument,"Janjira Fort, Murd",Fort,Mumbai,Maharashtra,Metro,19.076,72.8777,Mumbai,2021-22,2021,5,May,2,Summer,0,30.2,1.6,0.596,11837.0,4.0,11842.0,Medium,0.49999999999999994,-0.8660254037844387,2.0,0,0,3,74.3
Monument,"Janjira Fort, Murd",Fort,Mumbai,Maharashtra,Metro,19.076,72.8777,Mumbai,2021-22,2021,6,Jun,2,Summer,0,29.2,19.8,0.596,12795.0,5.0,12800.0,Medium,1.2246467991473532e-16,-1.0,2.0,0,0,2,74.3
Monument,"Janjira Fort, Murd",Fort,Mumbai,Maharashtra,Metro,19.076,72.8777,Mumbai,2021-22,2021,7,Jul,3,Monsoon,0,28.0,29.3,0.596,15325.0,6.0,15330.0,Medium,-0.4999999999999997,-0.8660254037844388,2.0,0,0,0,74.3
Monument,"Janjira Fort, Murd",Fort,Mumbai,Maharashtra,Metro,19.076,72.8777,Mumbai,2021-22,2021,8,Aug,3,Monsoon,0,27.7,17.0,0.596,12632.0,5.0,12637.0,Medium,-0.8660254037844385,-0.5000000000000004,2.0,3,1,0,74.3
Monument,"Janjira Fort, Murd",Fort,Mumbai,Maharashtra,Metro,19.076,72.8777,Mumbai,2021-22,2021,9,Sep,3,Monsoon,0,27.9,15.1,0.596,13010.0,5.0,13015.0,Medium,-1.0,-1.8369701987210297e-16,2.0,1,1,0,74.3
Monument,"Janjira Fort, Murd",Fort,Mumbai,Maharashtra,Metro,19.076,72.8777,Mumbai,2021-22,2021,10,Oct,4,Autumn,1,28.9,4.7,0.596,16110.0,6.0,16116.0,Medium,-0.8660254037844386,0.5000000000000001,2.0,1,1,1,74.3
Monument,"Janjira Fort, Murd",Fort,Mumbai,Maharashtra,Metro,19.076,72.8777,Mumbai,2021-22,2021,11,Nov,4,Autumn,1,28.2,0.8,0.596,18461.0,7.0,18468.0,High,-0.5000000000000004,0.8660254037844384,2.0,1,1,0,74.3
Monument,"Janjira Fort, Murd",Fort,Mumbai,Maharashtra,Metro,19.076,72.8777,Mumbai,2021-22,2021,12,Dec,4,Winter,1,25.9,0.9,0.596,20314.0,7.0,20321.0,High,-2.4492935982947064e-16,1.0,2.0,1,1,2,74.3
Monument,"Janjira Fort, Murd",Fort,Mumbai,Maharashtra,Metro,19.076,72.8777,Mumbai,2021-22,2022,1,Jan,1,Winter,1,24.6,0.1,0.596,18931.0,7.0,18938.0,High,0.49999999999999994,0.8660254037844387,2.0,2,1,0,78.6
Monument,"Janjira Fort, Murd",Fort,Mumbai,Maharashtra,Metro,19.076,72.8777,Mumbai,2021-22,2022,2,Feb,1,Winter,1,25.7,0.0,0.596,19798.0,7.0,19806.0,High,0.8660254037844386,0.5000000000000001,2.0,0,0,0,78.6
Monument,"Janjira Fort, Murd",Fort,Mumbai,Maharashtra,Metro,19.076,72.8777,Mumbai,2021-22,2022,3,Mar,1,Summer,1,27.8,0.3,0.596,16345.0,6.0,16351.0,Medium,1.0,6.123233995736766e-17,2.0,1,1,0,78.6
Monument,"Janjira Fort, Murd",Fort,Mumbai,Maharashtra,Metro,19.076,72.8777,Mumbai,2022-23,2022,4,Apr,2,Summer,0,29.1,0.3,0.596,18221.0,13.0,18235.0,High,0.8660254037844387,-0.4999999999999998,2.0,0,0,1,78.6
Monument,"Janjira Fort, Murd",Fort,Mumbai,Maharashtra,Metro,19.076,72.8777,Mumbai,2022-23,2022,5,May,2,Summer,0,30.2,1.6,0.596,17412.0,13.0,17424.0,High,0.49999999999999994,-0.8660254037844387,2.0,0,0,3,78.6
Monument,"Janjira Fort, Murd",Fort,Mumbai,Maharashtra,Metro,19.076,72.8777,Mumbai,2022-23,2022,6,Jun,2,Summer,0,29.2,19.8,0.596,18821.0,14.0,18835.0,High,1.2246467991473532e-16,-1.0,2.0,0,0,2,78.6
Monument,"Janjira Fort, Murd",Fort,Mumbai,Maharashtra,Metro,19.076,72.8777,Mumbai,2022-23,2022,7,Jul,3,Monsoon,0,28.0,29.3,0.596,22542.0,16.0,22558.0,High,-0.4999999999999997,-0.8660254037844388,2.0,0,0,0,78.6
Monument,"Janjira Fort, Murd",Fort,Mumbai,Maharashtra,Metro,19.076,72.8777,Mumbai,2022-23,2022,8,Aug,3,Monsoon,0,27.7,17.0,0.596,18581.0,13.0,18594.0,High,-0.8660254037844385,-0.5000000000000004,2.0,3,1,0,78.6
Monument,"Janjira Fort, Murd",Fort,Mumbai,Maharashtra,Metro,19.076,72.8777,Mumbai,2022-23,2022,9,Sep,3,Monsoon,0,27.9,15.1,0.596,19137.0,14.0,19151.0,High,-1.0,-1.8369701987210297e-16,2.0,1,1,0,78.6
Monument,"Janjira Fort, Murd",Fort,Mumbai,Maharashtra,Metro,19.076,72.8777,Mumbai,2022-23,2022,10,Oct,4,Autumn,1,28.9,4.7,0.596,23696.0,17.0,23713.0,High,-0.8660254037844386,0.5000000000000001,2.0,2,1,1,78.6
Monument,"Janjira Fort, Murd",Fort,Mumbai,Maharashtra,Metro,19.076,72.8777,Mumbai,2022-23,2022,11,Nov,4,Autumn,1,28.2,0.8,0.596,27155.0,20.0,27174.0,High,-0.5000000000000004,0.8660254037844384,2.0,0,0,0,78.6
Monument,"Janjira Fort, Murd",Fort,Mumbai,Maharashtra,Metro,19.076,72.8777,Mumbai,2022-23,2022,12,Dec,4,Winter,1,25.9,0.9,0.596,29880.0,22.0,29901.0,High,-2.4492935982947064e-16,1.0,2.0,1,1,2,78.6
Monument,"Janjira Fort, Murd",Fort,Mumbai,Maharashtra,Metro,19.076,72.8777,Mumbai,2022-23,2023,1,Jan,1,Winter,1,24.6,0.1,0.596,27846.0,20.0,27866.0,High,0.49999999999999994,0.8660254037844387,2.0,2,1,0,82.6
Monument,"Janjira Fort, Murd",Fort,Mumbai,Maharashtra,Metro,19.076,72.8777,Mumbai,2022-23,2023,2,Feb,1,Winter,1,25.7,0.0,0.596,29122.0,21.0,29143.0,High,0.8660254037844386,0.5000000000000001,2.0,0,0,0,82.6
Monument,"Janjira Fort, Murd",Fort,Mumbai,Maharashtra,Metro,19.076,72.8777,Mumbai,2022-23,2023,3,Mar,1,Summer,1,27.8,0.3,0.596,24042.0,17.0,24059.0,High,1.0,6.123233995736766e-17,2.0,1,1,0,82.6
Monument,Jantar Mantar,Other Heritage Site,Delhi,Delhi,Metro,28.7041,77.1025,Delhi,2021-22,2021,4,Apr,2,Summer,0,29.3,0.6,0.567,8275.0,34.0,8309.0,Medium,0.8660254037844387,-0.4999999999999998,16.4,0,0,1,74.3
Monument,Jantar Mantar,Other Heritage Site,Delhi,Delhi,Metro,28.7041,77.1025,Delhi,2021-22,2021,5,May,2,Summer,0,32.8,2.1,0.567,7907.0,33.0,7940.0,Medium,0.49999999999999994,-0.8660254037844387,16.4,0,0,3,74.3
Monument,Jantar Mantar,Other Heritage Site,Delhi,Delhi,Metro,28.7041,77.1025,Delhi,2021-22,2021,6,Jun,2,Summer,0,33.3,3.7,0.567,8547.0,35.0,8583.0,Medium,1.2246467991473532e-16,-1.0,16.4,0,0,2,74.3
Monument,Jantar Mantar,Other Heritage Site,Delhi,Delhi,Metro,28.7041,77.1025,Delhi,2021-22,2021,7,Jul,3,Monsoon,0,31.1,8.7,0.567,10237.0,42.0,10279.0,Medium,-0.4999999999999997,-0.8660254037844388,16.4,0,0,0,74.3
Monument,Jantar Mantar,Other Heritage Site,Delhi,Delhi,Metro,28.7041,77.1025,Delhi,2021-22,2021,8,Aug,3,Monsoon,0,30.2,9.2,0.567,8438.0,35.0,8473.0,Medium,-0.8660254037844385,-0.5000000000000004,16.4,3,1,0,74.3
Monument,Jantar Mantar,Other Heritage Site,Delhi,Delhi,Metro,28.7041,77.1025,Delhi,2021-22,2021,9,Sep,3,Monsoon,0,29.2,7.3,0.567,8691.0,36.0,8727.0,Medium,-1.0,-1.8369701987210297e-16,16.4,1,1,0,74.3
Monument,Jantar Mantar,Other Heritage Site,Delhi,Delhi,Metro,28.7041,77.1025,Delhi,2021-22,2021,10,Oct,4,Autumn,1,25.6,0.9,0.567,10761.0,45.0,10806.0,Medium,-0.8660254037844386,0.5000000000000001,16.4,1,1,1,74.3
Monument,Jantar Mantar,Other Heritage Site,Delhi,Delhi,Metro,28.7041,77.1025,Delhi,2021-22,2021,11,Nov,4,Autumn,1,19.7,0.2,0.567,12332.0,51.0,12383.0,Medium,-0.5000000000000004,0.8660254037844384,16.4,1,1,0,74.3
Monument,Jantar Mantar,Other Heritage Site,Delhi,Delhi,Metro,28.7041,77.1025,Delhi,2021-22,2021,12,Dec,4,Winter,1,14.7,0.6,0.567,13569.0,56.0,13626.0,Medium,-2.4492935982947064e-16,1.0,16.4,1,1,2,74.3
Monument,Jantar Mantar,Other Heritage Site,Delhi,Delhi,Metro,28.7041,77.1025,Delhi,2021-22,2022,1,Jan,1,Winter,1,13.4,1.5,0.567,12646.0,52.0,12698.0,Medium,0.49999999999999994,0.8660254037844387,16.4,2,1,0,78.6
Monument,Jantar Mantar,Other Heritage Site,Delhi,Delhi,Metro,28.7041,77.1025,Delhi,2021-22,2022,2,Feb,1,Winter,1,17.3,1.7,0.567,13225.0,55.0,13280.0,Medium,0.8660254037844386,0.5000000000000001,16.4,0,0,0,78.6
Monument,Jantar Mantar,Other Heritage Site,Delhi,Delhi,Metro,28.7041,77.1025,Delhi,2021-22,2022,3,Mar,1,Summer,1,23.1,1.8,0.567,10918.0,45.0,10963.0,Medium,1.0,6.123233995736766e-17,16.4,1,1,0,78.6
Monument,Jantar Mantar,Other Heritage Site,Delhi,Delhi,Metro,28.7041,77.1025,Delhi,2022-23,2022,4,Apr,2,Summer,0,29.3,0.6,0.567,17716.0,308.0,18024.0,High,0.8660254037844387,-0.4999999999999998,16.4,0,0,1,78.6
Monument,Jantar Mantar,Other Heritage Site,Delhi,Delhi,Metro,28.7041,77.1025,Delhi,2022-23,2022,5,May,2,Summer,0,32.8,2.1,0.567,16928.0,294.0,17223.0,High,0.49999999999999994,-0.8660254037844387,16.4,0,0,3,78.6
Monument,Jantar Mantar,Other Heritage Site,Delhi,Delhi,Metro,28.7041,77.1025,Delhi,2022-23,2022,6,Jun,2,Summer,0,33.3,3.7,0.567,18298.0,318.0,18617.0,High,1.2246467991473532e-16,-1.0,16.4,0,0,2,78.6
Monument,Jantar Mantar,Other Heritage Site,Delhi,Delhi,Metro,28.7041,77.1025,Delhi,2022-23,2022,7,Jul,3,Monsoon,0,31.1,8.7,0.567,21916.0,381.0,22297.0,High,-0.4999999999999997,-0.8660254037844388,16.4,0,0,0,78.6
Monument,Jantar Mantar,Other Heritage Site,Delhi,Delhi,Metro,28.7041,77.1025,Delhi,2022-23,2022,8,Aug,3,Monsoon,0,30.2,9.2,0.567,18065.0,314.0,18379.0,High,-0.8660254037844385,-0.5000000000000004,16.4,3,1,0,78.6
Monument,Jantar Mantar,Other Heritage Site,Delhi,Delhi,Metro,28.7041,77.1025,Delhi,2022-23,2022,9,Sep,3,Monsoon,0,29.2,7.3,0.567,18606.0,323.0,18929.0,High,-1.0,-1.8369701987210297e-16,16.4,1,1,0,78.6
Monument,Jantar Mantar,Other Heritage Site,Delhi,Delhi,Metro,28.7041,77.1025,Delhi,2022-23,2022,10,Oct,4,Autumn,1,25.6,0.9,0.567,23038.0,401.0,23439.0,High,-0.8660254037844386,0.5000000000000001,16.4,2,1,1,78.6
Monument,Jantar Mantar,Other Heritage Site,Delhi,Delhi,Metro,28.7041,77.1025,Delhi,2022-23,2022,11,Nov,4,Autumn,1,19.7,0.2,0.567,26401.0,459.0,26860.0,High,-0.5000000000000004,0.8660254037844384,16.4,0,0,0,78.6
Monument,Jantar Mantar,Other Heritage Site,Delhi,Delhi,Metro,28.7041,77.1025,Delhi,2022-23,2022,12,Dec,4,Winter,1,14.7,0.6,0.567,29050.0,505.0,29555.0,High,-2.4492935982947064e-16,1.0,16.4,1,1,2,78.6
Monument,Jantar Mantar,Other Heritage Site,Delhi,Delhi,Metro,28.7041,77.1025,Delhi,2022-23,2023,1,Jan,1,Winter,1,13.4,1.5,0.567,27073.0,471.0,27543.0,High,0.49999999999999994,0.8660254037844387,16.4,2,1,0,82.6
Monument,Jantar Mantar,Other Heritage Site,Delhi,Delhi,Metro,28.7041,77.1025,Delhi,2022-23,2023,2,Feb,1,Winter,1,17.3,1.7,0.567,28313.0,492.0,28805.0,High,0.8660254037844386,0.5000000000000001,16.4,0,0,0,82.6
Monument,Jantar Mantar,Other Heritage Site,Delhi,Delhi,Metro,28.7041,77.1025,Delhi,2022-23,2023,3,Mar,1,Summer,1,23.1,1.8,0.567,23374.0,406.0,23781.0,High,1.0,6.123233995736766e-17,16.4,1,1,0,82.6
Monument,Kalinjar Fort,Fort,Jhansi,Uttar Pradesh,Tier-2,25.4484,78.5685,Lucknow,2021-22,2021,4,Apr,2,Summer,0,30.0,0.4,0.39,5840.0,0.0,5840.0,Medium,0.8660254037844387,-0.4999999999999998,273.8,0,0,1,74.3
Monument,Kalinjar Fort,Fort,Jhansi,Uttar Pradesh,Tier-2,25.4484,78.5685,Lucknow,2021-22,2021,5,May,2,Summer,0,32.6,3.1,0.39,5580.0,0.0,5581.0,Medium,0.49999999999999994,-0.8660254037844387,273.8,0,0,3,74.3
Monument,Kalinjar Fort,Fort,Jhansi,Uttar Pradesh,Tier-2,25.4484,78.5685,Lucknow,2021-22,2021,6,Jun,2,Summer,0,32.6,4.8,0.39,6032.0,0.0,6033.0,Medium,1.2246467991473532e-16,-1.0,273.8,0,0,2,74.3
Monument,Kalinjar Fort,Fort,Jhansi,Uttar Pradesh,Tier-2,25.4484,78.5685,Lucknow,2021-22,2021,7,Jul,3,Monsoon,0,30.1,9.7,0.39,7225.0,1.0,7225.0,Medium,-0.4999999999999997,-0.8660254037844388,273.8,0,0,0,74.3
Monument,Kalinjar Fort,Fort,Jhansi,Uttar Pradesh,Tier-2,25.4484,78.5685,Lucknow,2021-22,2021,8,Aug,3,Monsoon,0,29.5,9.7,0.39,5955.0,0.0,5956.0,Medium,-0.8660254037844385,-0.5000000000000004,273.8,3,1,0,74.3
Monument,Kalinjar Fort,Fort,Jhansi,Uttar Pradesh,Tier-2,25.4484,78.5685,Lucknow,2021-22,2021,9,Sep,3,Monsoon,0,28.8,9.7,0.39,6133.0,0.0,6134.0,Medium,-1.0,-1.8369701987210297e-16,273.8,1,1,0,74.3
Monument,Kalinjar Fort,Fort,Jhansi,Uttar Pradesh,Tier-2,25.4484,78.5685,Lucknow,2021-22,2021,10,Oct,4,Autumn,1,26.0,1.7,0.39,7595.0,1.0,7595.0,Medium,-0.8660254037844386,0.5000000000000001,273.8,1,1,1,74.3
Monument,Kalinjar Fort,Fort,Jhansi,Uttar Pradesh,Tier-2,25.4484,78.5685,Lucknow,2021-22,2021,11,Nov,4,Autumn,1,20.7,0.4,0.39,8703.0,1.0,8704.0,Medium,-0.5000000000000004,0.8660254037844384,273.8,1,1,0,74.3
Monument,Kalinjar Fort,Fort,Jhansi,Uttar Pradesh,Tier-2,25.4484,78.5685,Lucknow,2021-22,2021,12,Dec,4,Winter,1,15.8,0.9,0.39,9576.0,1.0,9577.0,Medium,-2.4492935982947064e-16,1.0,273.8,1,1,2,74.3
Monument,Kalinjar Fort,Fort,Jhansi,Uttar Pradesh,Tier-2,25.4484,78.5685,Lucknow,2021-22,2022,1,Jan,1,Winter,1,14.1,1.4,0.39,8925.0,1.0,8925.0,Medium,0.49999999999999994,0.8660254037844387,273.8,2,1,0,78.6
Monument,Kalinjar Fort,Fort,Jhansi,Uttar Pradesh,Tier-2,25.4484,78.5685,Lucknow,2021-22,2022,2,Feb,1,Winter,1,18.4,1.5,0.39,9333.0,1.0,9334.0,Medium,0.8660254037844386,0.5000000000000001,273.8,0,0,0,78.6
Monument,Kalinjar Fort,Fort,Jhansi,Uttar Pradesh,Tier-2,25.4484,78.5685,Lucknow,2021-22,2022,3,Mar,1,Summer,1,23.9,0.8,0.39,7705.0,1.0,7706.0,Medium,1.0,6.123233995736766e-17,273.8,1,1,0,78.6
Monument,Kalinjar Fort,Fort,Jhansi,Uttar Pradesh,Tier-2,25.4484,78.5685,Lucknow,2022-23,2022,4,Apr,2,Summer,0,30.0,0.4,0.39,6325.0,11.0,6335.0,Medium,0.8660254037844387,-0.4999999999999998,273.8,0,0,1,78.6
Monument,Kalinjar Fort,Fort,Jhansi,Uttar Pradesh,Tier-2,25.4484,78.5685,Lucknow,2022-23,2022,5,May,2,Summer,0,32.6,3.1,0.39,6044.0,10.0,6054.0,Medium,0.49999999999999994,-0.8660254037844387,273.8,0,0,3,78.6
Monument,Kalinjar Fort,Fort,Jhansi,Uttar Pradesh,Tier-2,25.4484,78.5685,Lucknow,2022-23,2022,6,Jun,2,Summer,0,32.6,4.8,0.39,6533.0,11.0,6544.0,Medium,1.2246467991473532e-16,-1.0,273.8,0,0,2,78.6
Monument,Kalinjar Fort,Fort,Jhansi,Uttar Pradesh,Tier-2,25.4484,78.5685,Lucknow,2022-23,2022,7,Jul,3,Monsoon,0,30.1,9.7,0.39,7824.0,13.0,7837.0,Medium,-0.4999999999999997,-0.8660254037844388,273.8,0,0,0,78.6
Monument,Kalinjar Fort,Fort,Jhansi,Uttar Pradesh,Tier-2,25.4484,78.5685,Lucknow,2022-23,2022,8,Aug,3,Monsoon,0,29.5,9.7,0.39,6449.0,11.0,6460.0,Medium,-0.8660254037844385,-0.5000000000000004,273.8,3,1,0,78.6
Monument,Kalinjar Fort,Fort,Jhansi,Uttar Pradesh,Tier-2,25.4484,78.5685,Lucknow,2022-23,2022,9,Sep,3,Monsoon,0,28.8,9.7,0.39,6643.0,11.0,6654.0,Medium,-1.0,-1.8369701987210297e-16,273.8,1,1,0,78.6
Monument,Kalinjar Fort,Fort,Jhansi,Uttar Pradesh,Tier-2,25.4484,78.5685,Lucknow,2022-23,2022,10,Oct,4,Autumn,1,26.0,1.7,0.39,8225.0,14.0,8239.0,Medium,-0.8660254037844386,0.5000000000000001,273.8,2,1,1,78.6
Monument,Kalinjar Fort,Fort,Jhansi,Uttar Pradesh,Tier-2,25.4484,78.5685,Lucknow,2022-23,2022,11,Nov,4,Autumn,1,20.7,0.4,0.39,9425.0,16.0,9441.0,Medium,-0.5000000000000004,0.8660254037844384,273.8,0,0,0,78.6
Monument,Kalinjar Fort,Fort,Jhansi,Uttar Pradesh,Tier-2,25.4484,78.5685,Lucknow,2022-23,2022,12,Dec,4,Winter,1,15.8,0.9,0.39,10371.0,18.0,10389.0,Medium,-2.4492935982947064e-16,1.0,273.8,1,1,2,78.6
Monument,Kalinjar Fort,Fort,Jhansi,Uttar Pradesh,Tier-2,25.4484,78.5685,Lucknow,2022-23,2023,1,Jan,1,Winter,1,14.1,1.4,0.39,9665.0,16.0,9682.0,Medium,0.49999999999999994,0.8660254037844387,273.8,2,1,0,82.6
Monument,Kalinjar Fort,Fort,Jhansi,Uttar Pradesh,Tier-2,25.4484,78.5685,Lucknow,2022-23,2023,2,Feb,1,Winter,1,18.4,1.5,0.39,10108.0,17.0,10125.0,Medium,0.8660254037844386,0.5000000000000001,273.8,0,0,0,82.6
Monument,Kalinjar Fort,Fort,Jhansi,Uttar Pradesh,Tier-2,25.4484,78.5685,Lucknow,2022-23,2023,3,Mar,1,Summer,1,23.9,0.8,0.39,8345.0,14.0,8359.0,Medium,1.0,6.123233995736766e-17,273.8,1,1,0,82.6
Monument,Keshava Temple,Temple,Bangalore,Karnataka,Metro,12.9716,77.5946,Bangalore,2021-22,2021,4,Apr,2,Summer,0,27.4,4.6,0.461,4996.0,44.0,5039.0,Medium,0.8660254037844387,-0.4999999999999998,28.0,0,0,1,74.3
Monument,Keshava Temple,Temple,Bangalore,Karnataka,Metro,12.9716,77.5946,Bangalore,2021-22,2021,5,May,2,Summer,0,26.4,5.8,0.461,4774.0,42.0,4815.0,Medium,0.49999999999999994,-0.8660254037844387,28.0,0,0,3,74.3
Monument,Keshava Temple,Temple,Bangalore,Karnataka,Metro,12.9716,77.5946,Bangalore,2021-22,2021,6,Jun,2,Summer,0,24.3,4.2,0.461,5160.0,45.0,5205.0,Medium,1.2246467991473532e-16,-1.0,28.0,0,0,2,74.3
Monument,Keshava Temple,Temple,Bangalore,Karnataka,Metro,12.9716,77.5946,Bangalore,2021-22,2021,7,Jul,3,Monsoon,0,23.3,4.8,0.461,6180.0,54.0,6234.0,Medium,-0.4999999999999997,-0.8660254037844388,28.0,0,0,0,74.3
Monument,Keshava Temple,Temple,Bangalore,Karnataka,Metro,12.9716,77.5946,Bangalore,2021-22,2021,8,Aug,3,Monsoon,0,23.1,5.7,0.461,5094.0,44.0,5139.0,Medium,-0.8660254037844385,-0.5000000000000004,28.0,3,1,0,74.3
Monument,Keshava Temple,Temple,Bangalore,Karnataka,Metro,12.9716,77.5946,Bangalore,2021-22,2021,9,Sep,3,Monsoon,0,23.6,8.0,0.461,5247.0,46.0,5293.0,Medium,-1.0,-1.8369701987210297e-16,28.0,1,1,0,74.3
Monument,Keshava Temple,Temple,Bangalore,Karnataka,Metro,12.9716,77.5946,Bangalore,2021-22,2021,10,Oct,4,Autumn,1,23.2,8.0,0.461,6497.0,57.0,6553.0,Medium,-0.8660254037844386,0.5000000000000001,28.0,1,1,1,74.3
Monument,Keshava Temple,Temple,Bangalore,Karnataka,Metro,12.9716,77.5946,Bangalore,2021-22,2021,11,Nov,4,Autumn,1,22.1,3.7,0.461,7445.0,65.0,7510.0,Medium,-0.5000000000000004,0.8660254037844384,28.0,1,1,0,74.3
Monument,Keshava Temple,Temple,Bangalore,Karnataka,Metro,12.9716,77.5946,Bangalore,2021-22,2021,12,Dec,4,Winter,1,21.0,1.2,0.461,8192.0,72.0,8263.0,Medium,-2.4492935982947064e-16,1.0,28.0,1,1,2,74.3
Monument,Keshava Temple,Temple,Bangalore,Karnataka,Metro,12.9716,77.5946,Bangalore,2021-22,2022,1,Jan,1,Winter,1,21.5,0.1,0.461,7634.0,67.0,7701.0,Medium,0.49999999999999994,0.8660254037844387,28.0,2,1,0,78.6
Monument,Keshava Temple,Temple,Bangalore,Karnataka,Metro,12.9716,77.5946,Bangalore,2021-22,2022,2,Feb,1,Winter,1,23.7,0.4,0.461,7984.0,70.0,8054.0,Medium,0.8660254037844386,0.5000000000000001,28.0,0,0,0,78.6
Monument,Keshava Temple,Temple,Bangalore,Karnataka,Metro,12.9716,77.5946,Bangalore,2021-22,2022,3,Mar,1,Summer,1,26.4,1.2,0.461,6591.0,58.0,6649.0,Medium,1.0,6.123233995736766e-17,28.0,1,1,0,78.6
Monument,Keshava Temple,Temple,Bangalore,Karnataka,Metro,12.9716,77.5946,Bangalore,2022-23,2022,4,Apr,2,Summer,0,27.4,4.6,0.461,9449.0,374.0,9824.0,Medium,0.8660254037844387,-0.4999999999999998,28.0,0,0,1,78.6
Monument,Keshava Temple,Temple,Bangalore,Karnataka,Metro,12.9716,77.5946,Bangalore,2022-23,2022,5,May,2,Summer,0,26.4,5.8,0.461,9029.0,358.0,9387.0,Medium,0.49999999999999994,-0.8660254037844387,28.0,0,0,3,78.6
Monument,Keshava Temple,Temple,Bangalore,Karnataka,Metro,12.9716,77.5946,Bangalore,2022-23,2022,6,Jun,2,Summer,0,24.3,4.2,0.461,9760.0,387.0,10147.0,Medium,1.2246467991473532e-16,-1.0,28.0,0,0,2,78.6
Monument,Keshava Temple,Temple,Bangalore,Karnataka,Metro,12.9716,77.5946,Bangalore,2022-23,2022,7,Jul,3,Monsoon,0,23.3,4.8,0.461,11689.0,463.0,12153.0,Medium,-0.4999999999999997,-0.8660254037844388,28.0,0,0,0,78.6
Monument,Keshava Temple,Temple,Bangalore,Karnataka,Metro,12.9716,77.5946,Bangalore,2022-23,2022,8,Aug,3,Monsoon,0,23.1,5.7,0.461,9635.0,382.0,10017.0,Medium,-0.8660254037844385,-0.5000000000000004,28.0,3,1,0,78.6
Monument,Keshava Temple,Temple,Bangalore,Karnataka,Metro,12.9716,77.5946,Bangalore,2022-23,2022,9,Sep,3,Monsoon,0,23.6,8.0,0.461,9924.0,393.0,10317.0,Medium,-1.0,-1.8369701987210297e-16,28.0,1,1,0,78.6
Monument,Keshava Temple,Temple,Bangalore,Karnataka,Metro,12.9716,77.5946,Bangalore,2022-23,2022,10,Oct,4,Autumn,1,23.2,8.0,0.461,12288.0,487.0,12775.0,Medium,-0.8660254037844386,0.5000000000000001,28.0,2,1,1,78.6
Monument,Keshava Temple,Temple,Bangalore,Karnataka,Metro,12.9716,77.5946,Bangalore,2022-23,2022,11,Nov,4,Autumn,1,22.1,3.7,0.461,14082.0,558.0,14640.0,Medium,-0.5000000000000004,0.8660254037844384,28.0,0,0,0,78.6
Monument,Keshava Temple,Temple,Bangalore,Karnataka,Metro,12.9716,77.5946,Bangalore,2022-23,2022,12,Dec,4,Winter,1,21.0,1.2,0.461,15495.0,614.0,16109.0,Medium,-2.4492935982947064e-16,1.0,28.0,1,1,2,78.6
Monument,Keshava Temple,Temple,Bangalore,Karnataka,Metro,12.9716,77.5946,Bangalore,2022-23,2023,1,Jan,1,Winter,1,21.5,0.1,0.461,14440.0,572.0,15012.0,Medium,0.49999999999999994,0.8660254037844387,28.0,2,1,0,82.6
Monument,Keshava Temple,Temple,Bangalore,Karnataka,Metro,12.9716,77.5946,Bangalore,2022-23,2023,2,Feb,1,Winter,1,23.7,0.4,0.461,15102.0,598.0,15700.0,Medium,0.8660254037844386,0.5000000000000001,28.0,0,0,0,82.6
Monument,Keshava Temple,Temple,Bangalore,Karnataka,Metro,12.9716,77.5946,Bangalore,2022-23,2023,3,Mar,1,Summer,1,26.4,1.2,0.461,12467.0,494.0,12961.0,Medium,1.0,6.123233995736766e-17,28.0,1,1,0,82.6
Monument,Khan-I-Khana,Other Heritage Site,Delhi,Delhi,Metro,28.7041,77.1025,Delhi,2021-22,2021,4,Apr,2,Summer,0,29.3,0.6,0.071,227.0,2.0,229.0,Low,0.8660254037844387,-0.4999999999999998,16.4,0,0,1,74.3
Monument,Khan-I-Khana,Other Heritage Site,Delhi,Delhi,Metro,28.7041,77.1025,Delhi,2021-22,2021,5,May,2,Summer,0,32.8,2.1,0.071,217.0,2.0,219.0,Low,0.49999999999999994,-0.8660254037844387,16.4,0,0,3,74.3
Monument,Khan-I-Khana,Other Heritage Site,Delhi,Delhi,Metro,28.7041,77.1025,Delhi,2021-22,2021,6,Jun,2,Summer,0,33.3,3.7,0.071,235.0,2.0,237.0,Low,1.2246467991473532e-16,-1.0,16.4,0,0,2,74.3
Monument,Khan-I-Khana,Other Heritage Site,Delhi,Delhi,Metro,28.7041,77.1025,Delhi,2021-22,2021,7,Jul,3,Monsoon,0,31.1,8.7,0.071,281.0,2.0,284.0,Low,-0.4999999999999997,-0.8660254037844388,16.4,0,0,0,74.3
Monument,Khan-I-Khana,Other Heritage Site,Delhi,Delhi,Metro,28.7041,77.1025,Delhi,2021-22,2021,8,Aug,3,Monsoon,0,30.2,9.2,0.071,232.0,2.0,234.0,Low,-0.8660254037844385,-0.5000000000000004,16.4,3,1,0,74.3
Monument,Khan-I-Khana,Other Heritage Site,Delhi,Delhi,Metro,28.7041,77.1025,Delhi,2021-22,2021,9,Sep,3,Monsoon,0,29.2,7.3,0.071,239.0,2.0,241.0,Low,-1.0,-1.8369701987210297e-16,16.4,1,1,0,74.3
Monument,Khan-I-Khana,Other Heritage Site,Delhi,Delhi,Metro,28.7041,77.1025,Delhi,2021-22,2021,10,Oct,4,Autumn,1,25.6,0.9,0.071,296.0,3.0,298.0,Low,-0.8660254037844386,0.5000000000000001,16.4,1,1,1,74.3
Monument,Khan-I-Khana,Other Heritage Site,Delhi,Delhi,Metro,28.7041,77.1025,Delhi,2021-22,2021,11,Nov,4,Autumn,1,19.7,0.2,0.071,339.0,3.0,342.0,Low,-0.5000000000000004,0.8660254037844384,16.4,1,1,0,74.3
Monument,Khan-I-Khana,Other Heritage Site,Delhi,Delhi,Metro,28.7041,77.1025,Delhi,2021-22,2021,12,Dec,4,Winter,1,14.7,0.6,0.071,373.0,3.0,376.0,Low,-2.4492935982947064e-16,1.0,16.4,1,1,2,74.3
Monument,Khan-I-Khana,Other Heritage Site,Delhi,Delhi,Metro,28.7041,77.1025,Delhi,2021-22,2022,1,Jan,1,Winter,1,13.4,1.5,0.071,347.0,3.0,350.0,Low,0.49999999999999994,0.8660254037844387,16.4,2,1,0,78.6
Monument,Khan-I-Khana,Other Heritage Site,Delhi,Delhi,Metro,28.7041,77.1025,Delhi,2021-22,2022,2,Feb,1,Winter,1,17.3,1.7,0.071,363.0,3.0,366.0,Low,0.8660254037844386,0.5000000000000001,16.4,0,0,0,78.6
Monument,Khan-I-Khana,Other Heritage Site,Delhi,Delhi,Metro,28.7041,77.1025,Delhi,2021-22,2022,3,Mar,1,Summer,1,23.1,1.8,0.071,300.0,3.0,302.0,Low,1.0,6.123233995736766e-17,16.4,1,1,0,78.6
Monument,Khan-I-Khana,Other Heritage Site,Delhi,Delhi,Metro,28.7041,77.1025,Delhi,2022-23,2022,4,Apr,2,Summer,0,29.3,0.6,0.071,300.0,3.0,303.0,Low,0.8660254037844387,-0.4999999999999998,16.4,0,0,1,78.6
Monument,Khan-I-Khana,Other Heritage Site,Delhi,Delhi,Metro,28.7041,77.1025,Delhi,2022-23,2022,5,May,2,Summer,0,32.8,2.1,0.071,287.0,3.0,289.0,Low,0.49999999999999994,-0.8660254037844387,16.4,0,0,3,78.6
Monument,Khan-I-Khana,Other Heritage Site,Delhi,Delhi,Metro,28.7041,77.1025,Delhi,2022-23,2022,6,Jun,2,Summer,0,33.3,3.7,0.071,310.0,3.0,313.0,Low,1.2246467991473532e-16,-1.0,16.4,0,0,2,78.6
Monument,Khan-I-Khana,Other Heritage Site,Delhi,Delhi,Metro,28.7041,77.1025,Delhi,2022-23,2022,7,Jul,3,Monsoon,0,31.1,8.7,0.071,371.0,3.0,375.0,Low,-0.4999999999999997,-0.8660254037844388,16.4,0,0,0,78.6
Monument,Khan-I-Khana,Other Heritage Site,Delhi,Delhi,Metro,28.7041,77.1025,Delhi,2022-23,2022,8,Aug,3,Monsoon,0,30.2,9.2,0.071,306.0,3.0,309.0,Low,-0.8660254037844385,-0.5000000000000004,16.4,3,1,0,78.6
Monument,Khan-I-Khana,Other Heritage Site,Delhi,Delhi,Metro,28.7041,77.1025,Delhi,2022-23,2022,9,Sep,3,Monsoon,0,29.2,7.3,0.071,315.0,3.0,318.0,Low,-1.0,-1.8369701987210297e-16,16.4,1,1,0,78.6
Monument,Khan-I-Khana,Other Heritage Site,Delhi,Delhi,Metro,28.7041,77.1025,Delhi,2022-23,2022,10,Oct,4,Autumn,1,25.6,0.9,0.071,391.0,3.0,394.0,Low,-0.8660254037844386,0.5000000000000001,16.4,2,1,1,78.6
Monument,Khan-I-Khana,Other Heritage Site,Delhi,Delhi,Metro,28.7041,77.1025,Delhi,2022-23,2022,11,Nov,4,Autumn,1,19.7,0.2,0.071,448.0,4.0,451.0,Low,-0.5000000000000004,0.8660254037844384,16.4,0,0,0,78.6
Monument,Khan-I-Khana,Other Heritage Site,Delhi,Delhi,Metro,28.7041,77.1025,Delhi,2022-23,2022,12,Dec,4,Winter,1,14.7,0.6,0.071,492.0,4.0,497.0,Low,-2.4492935982947064e-16,1.0,16.4,1,1,2,78.6
Monument,Khan-I-Khana,Other Heritage Site,Delhi,Delhi,Metro,28.7041,77.1025,Delhi,2022-23,2023,1,Jan,1,Winter,1,13.4,1.5,0.071,459.0,4.0,463.0,Low,0.49999999999999994,0.8660254037844387,16.4,2,1,0,82.6
Monument,Khan-I-Khana,Other Heritage Site,Delhi,Delhi,Metro,28.7041,77.1025,Delhi,2022-23,2023,2,Feb,1,Winter,1,17.3,1.7,0.071,480.0,4.0,484.0,Low,0.8660254037844386,0.5000000000000001,16.4,0,0,0,82.6
Monument,Khan-I-Khana,Other Heritage Site,Delhi,Delhi,Metro,28.7041,77.1025,Delhi,2022-23,2023,3,Mar,1,Summer,1,23.1,1.8,0.071,396.0,3.0,400.0,Low,1.0,6.123233995736766e-17,16.4,1,1,0,82.6
Monument,"Kolaba Fort, Alibag",Fort,Mumbai,Maharashtra,Metro,19.076,72.8777,Mumbai,2021-22,2021,4,Apr,2,Summer,0,29.1,0.3,0.262,2180.0,1.0,2181.0,Low,0.8660254037844387,-0.4999999999999998,2.0,0,0,1,74.3
Monument,"Kolaba Fort, Alibag",Fort,Mumbai,Maharashtra,Metro,19.076,72.8777,Mumbai,2021-22,2021,5,May,2,Summer,0,30.2,1.6,0.262,2083.0,1.0,2084.0,Low,0.49999999999999994,-0.8660254037844387,2.0,0,0,3,74.3
Monument,"Kolaba Fort, Alibag",Fort,Mumbai,Maharashtra,Metro,19.076,72.8777,Mumbai,2021-22,2021,6,Jun,2,Summer,0,29.2,19.8,0.262,2252.0,1.0,2253.0,Low,1.2246467991473532e-16,-1.0,2.0,0,0,2,74.3
Monument,"Kolaba Fort, Alibag",Fort,Mumbai,Maharashtra,Metro,19.076,72.8777,Mumbai,2021-22,2021,7,Jul,3,Monsoon,0,28.0,29.3,0.262,2697.0,2.0,2698.0,Low,-0.4999999999999997,-0.8660254037844388,2.0,0,0,0,74.3
Monument,"Kolaba Fort, Alibag",Fort,Mumbai,Maharashtra,Metro,19.076,72.8777,Mumbai,2021-22,2021,8,Aug,3,Monsoon,0,27.7,17.0,0.262,2223.0,1.0,2224.0,Low,-0.8660254037844385,-0.5000000000000004,2.0,3,1,0,74.3
Monument,"Kolaba Fort, Alibag",Fort,Mumbai,Maharashtra,Metro,19.076,72.8777,Mumbai,2021-22,2021,9,Sep,3,Monsoon,0,27.9,15.1,0.262,2289.0,1.0,2291.0,Low,-1.0,-1.8369701987210297e-16,2.0,1,1,0,74.3
Monument,"Kolaba Fort, Alibag",Fort,Mumbai,Maharashtra,Metro,19.076,72.8777,Mumbai,2021-22,2021,10,Oct,4,Autumn,1,28.9,4.7,0.262,2835.0,2.0,2836.0,Low,-0.8660254037844386,0.5000000000000001,2.0,1,1,1,74.3
Monument,"Kolaba Fort, Alibag",Fort,Mumbai,Maharashtra,Metro,19.076,72.8777,Mumbai,2021-22,2021,11,Nov,4,Autumn,1,28.2,0.8,0.262,3249.0,2.0,3250.0,Low,-0.5000000000000004,0.8660254037844384,2.0,1,1,0,74.3
Monument,"Kolaba Fort, Alibag",Fort,Mumbai,Maharashtra,Metro,19.076,72.8777,Mumbai,2021-22,2021,12,Dec,4,Winter,1,25.9,0.9,0.262,3575.0,2.0,3577.0,Low,-2.4492935982947064e-16,1.0,2.0,1,1,2,74.3
Monument,"Kolaba Fort, Alibag",Fort,Mumbai,Maharashtra,Metro,19.076,72.8777,Mumbai,2021-22,2022,1,Jan,1,Winter,1,24.6,0.1,0.262,3331.0,2.0,3333.0,Low,0.49999999999999994,0.8660254037844387,2.0,2,1,0,78.6
Monument,"Kolaba Fort, Alibag",Fort,Mumbai,Maharashtra,Metro,19.076,72.8777,Mumbai,2021-22,2022,2,Feb,1,Winter,1,25.7,0.0,0.262,3484.0,2.0,3486.0,Low,0.8660254037844386,0.5000000000000001,2.0,0,0,0,78.6
Monument,"Kolaba Fort, Alibag",Fort,Mumbai,Maharashtra,Metro,19.076,72.8777,Mumbai,2021-22,2022,3,Mar,1,Summer,1,27.8,0.3,0.262,2876.0,2.0,2878.0,Low,1.0,6.123233995736766e-17,2.0,1,1,0,78.6
Monument,"Kolaba Fort, Alibag",Fort,Mumbai,Maharashtra,Metro,19.076,72.8777,Mumbai,2022-23,2022,4,Apr,2,Summer,0,29.1,0.3,0.262,2846.0,8.0,2854.0,Low,0.8660254037844387,-0.4999999999999998,2.0,0,0,1,78.6
Monument,"Kolaba Fort, Alibag",Fort,Mumbai,Maharashtra,Metro,19.076,72.8777,Mumbai,2022-23,2022,5,May,2,Summer,0,30.2,1.6,0.262,2719.0,8.0,2727.0,Low,0.49999999999999994,-0.8660254037844387,2.0,0,0,3,78.6
Monument,"Kolaba Fort, Alibag",Fort,Mumbai,Maharashtra,Metro,19.076,72.8777,Mumbai,2022-23,2022,6,Jun,2,Summer,0,29.2,19.8,0.262,2939.0,9.0,2948.0,Low,1.2246467991473532e-16,-1.0,2.0,0,0,2,78.6
Monument,"Kolaba Fort, Alibag",Fort,Mumbai,Maharashtra,Metro,19.076,72.8777,Mumbai,2022-23,2022,7,Jul,3,Monsoon,0,28.0,29.3,0.262,3521.0,10.0,3531.0,Low,-0.4999999999999997,-0.8660254037844388,2.0,0,0,0,78.6
Monument,"Kolaba Fort, Alibag",Fort,Mumbai,Maharashtra,Metro,19.076,72.8777,Mumbai,2022-23,2022,8,Aug,3,Monsoon,0,27.7,17.0,0.262,2902.0,9.0,2911.0,Low,-0.8660254037844385,-0.5000000000000004,2.0,3,1,0,78.6
Monument,"Kolaba Fort, Alibag",Fort,Mumbai,Maharashtra,Metro,19.076,72.8777,Mumbai,2022-23,2022,9,Sep,3,Monsoon,0,27.9,15.1,0.262,2989.0,9.0,2998.0,Low,-1.0,-1.8369701987210297e-16,2.0,1,1,0,78.6
Monument,"Kolaba Fort, Alibag",Fort,Mumbai,Maharashtra,Metro,19.076,72.8777,Mumbai,2022-23,2022,10,Oct,4,Autumn,1,28.9,4.7,0.262,3701.0,11.0,3712.0,Low,-0.8660254037844386,0.5000000000000001,2.0,2,1,1,78.6
Monument,"Kolaba Fort, Alibag",Fort,Mumbai,Maharashtra,Metro,19.076,72.8777,Mumbai,2022-23,2022,11,Nov,4,Autumn,1,28.2,0.8,0.262,4241.0,13.0,4254.0,Medium,-0.5000000000000004,0.8660254037844384,2.0,0,0,0,78.6
Monument,"Kolaba Fort, Alibag",Fort,Mumbai,Maharashtra,Metro,19.076,72.8777,Mumbai,2022-23,2022,12,Dec,4,Winter,1,25.9,0.9,0.262,4667.0,14.0,4680.0,Medium,-2.4492935982947064e-16,1.0,2.0,1,1,2,78.6
Monument,"Kolaba Fort, Alibag",Fort,Mumbai,Maharashtra,Metro,19.076,72.8777,Mumbai,2022-23,2023,1,Jan,1,Winter,1,24.6,0.1,0.262,4349.0,13.0,4362.0,Medium,0.49999999999999994,0.8660254037844387,2.0,2,1,0,82.6
Monument,"Kolaba Fort, Alibag",Fort,Mumbai,Maharashtra,Metro,19.076,72.8777,Mumbai,2022-23,2023,2,Feb,1,Winter,1,25.7,0.0,0.262,4548.0,13.0,4562.0,Medium,0.8660254037844386,0.5000000000000001,2.0,0,0,0,82.6
Monument,"Kolaba Fort, Alibag",Fort,Mumbai,Maharashtra,Metro,19.076,72.8777,Mumbai,2022-23,2023,3,Mar,1,Summer,1,27.8,0.3,0.262,3755.0,11.0,3766.0,Low,1.0,6.123233995736766e-17,2.0,1,1,0,82.6
Monument,Kondiote Caves,Caves,Mumbai,Maharashtra,Metro,19.076,72.8777,Mumbai,2021-22,2021,4,Apr,2,Summer,0,29.1,0.3,0.17,618.0,5.0,623.0,Low,0.8660254037844387,-0.4999999999999998,2.0,0,0,1,74.3
Monument,Kondiote Caves,Caves,Mumbai,Maharashtra,Metro,19.076,72.8777,Mumbai,2021-22,2021,5,May,2,Summer,0,30.2,1.6,0.17,590.0,5.0,595.0,Low,0.49999999999999994,-0.8660254037844387,2.0,0,0,3,74.3
Monument,Kondiote Caves,Caves,Mumbai,Maharashtra,Metro,19.076,72.8777,Mumbai,2021-22,2021,6,Jun,2,Summer,0,29.2,19.8,0.17,638.0,5.0,643.0,Low,1.2246467991473532e-16,-1.0,2.0,0,0,2,74.3
Monument,Kondiote Caves,Caves,Mumbai,Maharashtra,Metro,19.076,72.8777,Mumbai,2021-22,2021,7,Jul,3,Monsoon,0,28.0,29.3,0.17,764.0,6.0,770.0,Low,-0.4999999999999997,-0.8660254037844388,2.0,0,0,0,74.3
Monument,Kondiote Caves,Caves,Mumbai,Maharashtra,Metro,19.076,72.8777,Mumbai,2021-22,2021,8,Aug,3,Monsoon,0,27.7,17.0,0.17,630.0,5.0,635.0,Low,-0.8660254037844385,-0.5000000000000004,2.0,3,1,0,74.3
Monument,Kondiote Caves,Caves,Mumbai,Maharashtra,Metro,19.076,72.8777,Mumbai,2021-22,2021,9,Sep,3,Monsoon,0,27.9,15.1,0.17,649.0,5.0,654.0,Low,-1.0,-1.8369701987210297e-16,2.0,1,1,0,74.3
Monument,Kondiote Caves,Caves,Mumbai,Maharashtra,Metro,19.076,72.8777,Mumbai,2021-22,2021,10,Oct,4,Autumn,1,28.9,4.7,0.17,803.0,7.0,810.0,Low,-0.8660254037844386,0.5000000000000001,2.0,1,1,1,74.3
Monument,Kondiote Caves,Caves,Mumbai,Maharashtra,Metro,19.076,72.8777,Mumbai,2021-22,2021,11,Nov,4,Autumn,1,28.2,0.8,0.17,921.0,7.0,928.0,Low,-0.5000000000000004,0.8660254037844384,2.0,1,1,0,74.3
Monument,Kondiote Caves,Caves,Mumbai,Maharashtra,Metro,19.076,72.8777,Mumbai,2021-22,2021,12,Dec,4,Winter,1,25.9,0.9,0.17,1013.0,8.0,1021.0,Low,-2.4492935982947064e-16,1.0,2.0,1,1,2,74.3
Monument,Kondiote Caves,Caves,Mumbai,Maharashtra,Metro,19.076,72.8777,Mumbai,2021-22,2022,1,Jan,1,Winter,1,24.6,0.1,0.17,944.0,8.0,952.0,Low,0.49999999999999994,0.8660254037844387,2.0,2,1,0,78.6
Monument,Kondiote Caves,Caves,Mumbai,Maharashtra,Metro,19.076,72.8777,Mumbai,2021-22,2022,2,Feb,1,Winter,1,25.7,0.0,0.17,987.0,8.0,995.0,Low,0.8660254037844386,0.5000000000000001,2.0,0,0,0,78.6
Monument,Kondiote Caves,Caves,Mumbai,Maharashtra,Metro,19.076,72.8777,Mumbai,2021-22,2022,3,Mar,1,Summer,1,27.8,0.3,0.17,815.0,7.0,822.0,Low,1.0,6.123233995736766e-17,2.0,1,1,0,78.6
Monument,Kondiote Caves,Caves,Mumbai,Maharashtra,Metro,19.076,72.8777,Mumbai,2022-23,2022,4,Apr,2,Summer,0,29.1,0.3,0.17,2862.0,20.0,2882.0,Low,0.8660254037844387,-0.4999999999999998,2.0,0,0,1,78.6
Monument,Kondiote Caves,Caves,Mumbai,Maharashtra,Metro,19.076,72.8777,Mumbai,2022-23,2022,5,May,2,Summer,0,30.2,1.6,0.17,2735.0,20.0,2754.0,Low,0.49999999999999994,-0.8660254037844387,2.0,0,0,3,78.6
Monument,Kondiote Caves,Caves,Mumbai,Maharashtra,Metro,19.076,72.8777,Mumbai,2022-23,2022,6,Jun,2,Summer,0,29.2,19.8,0.17,2956.0,21.0,2977.0,Low,1.2246467991473532e-16,-1.0,2.0,0,0,2,78.6
Monument,Kondiote Caves,Caves,Mumbai,Maharashtra,Metro,19.076,72.8777,Mumbai,2022-23,2022,7,Jul,3,Monsoon,0,28.0,29.3,0.17,3540.0,25.0,3566.0,Low,-0.4999999999999997,-0.8660254037844388,2.0,0,0,0,78.6
Monument,Kondiote Caves,Caves,Mumbai,Maharashtra,Metro,19.076,72.8777,Mumbai,2022-23,2022,8,Aug,3,Monsoon,0,27.7,17.0,0.17,2918.0,21.0,2939.0,Low,-0.8660254037844385,-0.5000000000000004,2.0,3,1,0,78.6
Monument,Kondiote Caves,Caves,Mumbai,Maharashtra,Metro,19.076,72.8777,Mumbai,2022-23,2022,9,Sep,3,Monsoon,0,27.9,15.1,0.17,3006.0,21.0,3027.0,Low,-1.0,-1.8369701987210297e-16,2.0,1,1,0,78.6
Monument,Kondiote Caves,Caves,Mumbai,Maharashtra,Metro,19.076,72.8777,Mumbai,2022-23,2022,10,Oct,4,Autumn,1,28.9,4.7,0.17,3722.0,27.0,3748.0,Low,-0.8660254037844386,0.5000000000000001,2.0,2,1,1,78.6
Monument,Kondiote Caves,Caves,Mumbai,Maharashtra,Metro,19.076,72.8777,Mumbai,2022-23,2022,11,Nov,4,Autumn,1,28.2,0.8,0.17,4265.0,30.0,4295.0,Medium,-0.5000000000000004,0.8660254037844384,2.0,0,0,0,78.6
Monument,Kondiote Caves,Caves,Mumbai,Maharashtra,Metro,19.076,72.8777,Mumbai,2022-23,2022,12,Dec,4,Winter,1,25.9,0.9,0.17,4693.0,34.0,4726.0,Medium,-2.4492935982947064e-16,1.0,2.0,1,1,2,78.6
Monument,Kondiote Caves,Caves,Mumbai,Maharashtra,Metro,19.076,72.8777,Mumbai,2022-23,2023,1,Jan,1,Winter,1,24.6,0.1,0.17,4373.0,31.0,4405.0,Medium,0.49999999999999994,0.8660254037844387,2.0,2,1,0,82.6
Monument,Kondiote Caves,Caves,Mumbai,Maharashtra,Metro,19.076,72.8777,Mumbai,2022-23,2023,2,Feb,1,Winter,1,25.7,0.0,0.17,4574.0,33.0,4606.0,Medium,0.8660254037844386,0.5000000000000001,2.0,0,0,0,82.6
Monument,Kondiote Caves,Caves,Mumbai,Maharashtra,Metro,19.076,72.8777,Mumbai,2022-23,2023,3,Mar,1,Summer,1,27.8,0.3,0.17,3776.0,27.0,3803.0,Low,1.0,6.123233995736766e-17,2.0,1,1,0,82.6
Monument,Kotla Feroz Shah,Other Heritage Site,Delhi,Delhi,Metro,28.7041,77.1025,Delhi,2021-22,2021,4,Apr,2,Summer,0,29.3,0.6,0.376,3569.0,7.0,3576.0,Low,0.8660254037844387,-0.4999999999999998,16.4,0,0,1,74.3
Monument,Kotla Feroz Shah,Other Heritage Site,Delhi,Delhi,Metro,28.7041,77.1025,Delhi,2021-22,2021,5,May,2,Summer,0,32.8,2.1,0.376,3410.0,7.0,3417.0,Low,0.49999999999999994,-0.8660254037844387,16.4,0,0,3,74.3
Monument,Kotla Feroz Shah,Other Heritage Site,Delhi,Delhi,Metro,28.7041,77.1025,Delhi,2021-22,2021,6,Jun,2,Summer,0,33.3,3.7,0.376,3686.0,7.0,3693.0,Low,1.2246467991473532e-16,-1.0,16.4,0,0,2,74.3
Monument,Kotla Feroz Shah,Other Heritage Site,Delhi,Delhi,Metro,28.7041,77.1025,Delhi,2021-22,2021,7,Jul,3,Monsoon,0,31.1,8.7,0.376,4415.0,9.0,4424.0,Medium,-0.4999999999999997,-0.8660254037844388,16.4,0,0,0,74.3
Monument,Kotla Feroz Shah,Other Heritage Site,Delhi,Delhi,Metro,28.7041,77.1025,Delhi,2021-22,2021,8,Aug,3,Monsoon,0,30.2,9.2,0.376,3639.0,7.0,3646.0,Low,-0.8660254037844385,-0.5000000000000004,16.4,3,1,0,74.3
Monument,Kotla Feroz Shah,Other Heritage Site,Delhi,Delhi,Metro,28.7041,77.1025,Delhi,2021-22,2021,9,Sep,3,Monsoon,0,29.2,7.3,0.376,3748.0,7.0,3755.0,Low,-1.0,-1.8369701987210297e-16,16.4,1,1,0,74.3
Monument,Kotla Feroz Shah,Other Heritage Site,Delhi,Delhi,Metro,28.7041,77.1025,Delhi,2021-22,2021,10,Oct,4,Autumn,1,25.6,0.9,0.376,4641.0,9.0,4650.0,Medium,-0.8660254037844386,0.5000000000000001,16.4,1,1,1,74.3
Monument,Kotla Feroz Shah,Other Heritage Site,Delhi,Delhi,Metro,28.7041,77.1025,Delhi,2021-22,2021,11,Nov,4,Autumn,1,19.7,0.2,0.376,5318.0,10.0,5329.0,Medium,-0.5000000000000004,0.8660254037844384,16.4,1,1,0,74.3
Monument,Kotla Feroz Shah,Other Heritage Site,Delhi,Delhi,Metro,28.7041,77.1025,Delhi,2021-22,2021,12,Dec,4,Winter,1,14.7,0.6,0.376,5852.0,11.0,5864.0,Medium,-2.4492935982947064e-16,1.0,16.4,1,1,2,74.3
Monument,Kotla Feroz Shah,Other Heritage Site,Delhi,Delhi,Metro,28.7041,77.1025,Delhi,2021-22,2022,1,Jan,1,Winter,1,13.4,1.5,0.376,5454.0,11.0,5464.0,Medium,0.49999999999999994,0.8660254037844387,16.4,2,1,0,78.6
Monument,Kotla Feroz Shah,Other Heritage Site,Delhi,Delhi,Metro,28.7041,77.1025,Delhi,2021-22,2022,2,Feb,1,Winter,1,17.3,1.7,0.376,5704.0,11.0,5715.0,Medium,0.8660254037844386,0.5000000000000001,16.4,0,0,0,78.6
Monument,Kotla Feroz Shah,Other Heritage Site,Delhi,Delhi,Metro,28.7041,77.1025,Delhi,2021-22,2022,3,Mar,1,Summer,1,23.1,1.8,0.376,4709.0,9.0,4718.0,Medium,1.0,6.123233995736766e-17,16.4,1,1,0,78.6
Monument,Kotla Feroz Shah,Other Heritage Site,Delhi,Delhi,Metro,28.7041,77.1025,Delhi,2022-23,2022,4,Apr,2,Summer,0,29.3,0.6,0.376,7847.0,43.0,7890.0,Medium,0.8660254037844387,-0.4999999999999998,16.4,0,0,1,78.6
Monument,Kotla Feroz Shah,Other Heritage Site,Delhi,Delhi,Metro,28.7041,77.1025,Delhi,2022-23,2022,5,May,2,Summer,0,32.8,2.1,0.376,7498.0,41.0,7539.0,Medium,0.49999999999999994,-0.8660254037844387,16.4,0,0,3,78.6
Monument,Kotla Feroz Shah,Other Heritage Site,Delhi,Delhi,Metro,28.7041,77.1025,Delhi,2022-23,2022,6,Jun,2,Summer,0,33.3,3.7,0.376,8105.0,44.0,8149.0,Medium,1.2246467991473532e-16,-1.0,16.4,0,0,2,78.6
Monument,Kotla Feroz Shah,Other Heritage Site,Delhi,Delhi,Metro,28.7041,77.1025,Delhi,2022-23,2022,7,Jul,3,Monsoon,0,31.1,8.7,0.376,9707.0,53.0,9760.0,Medium,-0.4999999999999997,-0.8660254037844388,16.4,0,0,0,78.6
Monument,Kotla Feroz Shah,Other Heritage Site,Delhi,Delhi,Metro,28.7041,77.1025,Delhi,2022-23,2022,8,Aug,3,Monsoon,0,30.2,9.2,0.376,8002.0,44.0,8045.0,Medium,-0.8660254037844385,-0.5000000000000004,16.4,3,1,0,78.6
Monument,Kotla Feroz Shah,Other Heritage Site,Delhi,Delhi,Metro,28.7041,77.1025,Delhi,2022-23,2022,9,Sep,3,Monsoon,0,29.2,7.3,0.376,8241.0,45.0,8286.0,Medium,-1.0,-1.8369701987210297e-16,16.4,1,1,0,78.6
Monument,Kotla Feroz Shah,Other Heritage Site,Delhi,Delhi,Metro,28.7041,77.1025,Delhi,2022-23,2022,10,Oct,4,Autumn,1,25.6,0.9,0.376,10205.0,56.0,10260.0,Medium,-0.8660254037844386,0.5000000000000001,16.4,2,1,1,78.6
Monument,Kotla Feroz Shah,Other Heritage Site,Delhi,Delhi,Metro,28.7041,77.1025,Delhi,2022-23,2022,11,Nov,4,Autumn,1,19.7,0.2,0.376,11694.0,64.0,11758.0,Medium,-0.5000000000000004,0.8660254037844384,16.4,0,0,0,78.6
Monument,Kotla Feroz Shah,Other Heritage Site,Delhi,Delhi,Metro,28.7041,77.1025,Delhi,2022-23,2022,12,Dec,4,Winter,1,14.7,0.6,0.376,12868.0,70.0,12938.0,Medium,-2.4492935982947064e-16,1.0,16.4,1,1,2,78.6
Monument,Kotla Feroz Shah,Other Heritage Site,Delhi,Delhi,Metro,28.7041,77.1025,Delhi,2022-23,2023,1,Jan,1,Winter,1,13.4,1.5,0.376,11992.0,65.0,12057.0,Medium,0.49999999999999994,0.8660254037844387,16.4,2,1,0,82.6
Monument,Kotla Feroz Shah,Other Heritage Site,Delhi,Delhi,Metro,28.7041,77.1025,Delhi,2022-23,2023,2,Feb,1,Winter,1,17.3,1.7,0.376,12541.0,68.0,12609.0,Medium,0.8660254037844386,0.5000000000000001,16.4,0,0,0,82.6
Monument,Kotla Feroz Shah,Other Heritage Site,Delhi,Delhi,Metro,28.7041,77.1025,Delhi,2022-23,2023,3,Mar,1,Summer,1,23.1,1.8,0.376,10353.0,56.0,10410.0,Medium,1.0,6.123233995736766e-17,16.4,1,1,0,82.6
Monument,Kumbhalgarh Fort,Fort,Jodhpur,Rajasthan,Tier-3/Other,26.2389,73.0243,Jodhpur,2021-22,2021,4,Apr,2,Summer,0,27.4,4.6,0.73,21402.0,17.0,21419.0,High,0.8660254037844387,-0.4999999999999998,284.9,0,0,1,74.3
Monument,Kumbhalgarh Fort,Fort,Jodhpur,Rajasthan,Tier-3/Other,26.2389,73.0243,Jodhpur,2021-22,2021,5,May,2,Summer,0,26.4,5.8,0.73,20451.0,16.0,20467.0,High,0.49999999999999994,-0.8660254037844387,284.9,0,0,3,74.3
Monument,Kumbhalgarh Fort,Fort,Jodhpur,Rajasthan,Tier-3/Other,26.2389,73.0243,Jodhpur,2021-22,2021,6,Jun,2,Summer,0,24.3,4.2,0.73,22106.0,17.0,22124.0,High,1.2246467991473532e-16,-1.0,284.9,0,0,2,74.3
Monument,Kumbhalgarh Fort,Fort,Jodhpur,Rajasthan,Tier-3/Other,26.2389,73.0243,Jodhpur,2021-22,2021,7,Jul,3,Monsoon,0,23.3,4.8,0.73,26476.0,21.0,26497.0,High,-0.4999999999999997,-0.8660254037844388,284.9,0,0,0,74.3
Monument,Kumbhalgarh Fort,Fort,Jodhpur,Rajasthan,Tier-3/Other,26.2389,73.0243,Jodhpur,2021-22,2021,8,Aug,3,Monsoon,0,23.1,5.7,0.73,21824.0,17.0,21841.0,High,-0.8660254037844385,-0.5000000000000004,284.9,3,1,0,74.3
Monument,Kumbhalgarh Fort,Fort,Jodhpur,Rajasthan,Tier-3/Other,26.2389,73.0243,Jodhpur,2021-22,2021,9,Sep,3,Monsoon,0,23.6,8.0,0.73,22477.0,18.0,22495.0,High,-1.0,-1.8369701987210297e-16,284.9,1,1,0,74.3
Monument,Kumbhalgarh Fort,Fort,Jodhpur,Rajasthan,Tier-3/Other,26.2389,73.0243,Jodhpur,2021-22,2021,10,Oct,4,Autumn,1,23.2,8.0,0.73,27832.0,22.0,27854.0,High,-0.8660254037844386,0.5000000000000001,284.9,1,1,1,74.3
Monument,Kumbhalgarh Fort,Fort,Jodhpur,Rajasthan,Tier-3/Other,26.2389,73.0243,Jodhpur,2021-22,2021,11,Nov,4,Autumn,1,22.1,3.7,0.73,31894.0,25.0,31920.0,High,-0.5000000000000004,0.8660254037844384,284.9,1,1,0,74.3
Monument,Kumbhalgarh Fort,Fort,Jodhpur,Rajasthan,Tier-3/Other,26.2389,73.0243,Jodhpur,2021-22,2021,12,Dec,4,Winter,1,21.0,1.2,0.73,35095.0,28.0,35123.0,High,-2.4492935982947064e-16,1.0,284.9,1,1,2,74.3
Monument,Kumbhalgarh Fort,Fort,Jodhpur,Rajasthan,Tier-3/Other,26.2389,73.0243,Jodhpur,2021-22,2022,1,Jan,1,Winter,1,21.5,0.1,0.73,32706.0,26.0,32732.0,High,0.49999999999999994,0.8660254037844387,284.9,2,1,0,78.6
Monument,Kumbhalgarh Fort,Fort,Jodhpur,Rajasthan,Tier-3/Other,26.2389,73.0243,Jodhpur,2021-22,2022,2,Feb,1,Winter,1,23.7,0.4,0.73,34205.0,27.0,34232.0,High,0.8660254037844386,0.5000000000000001,284.9,0,0,0,78.6
Monument,Kumbhalgarh Fort,Fort,Jodhpur,Rajasthan,Tier-3/Other,26.2389,73.0243,Jodhpur,2021-22,2022,3,Mar,1,Summer,1,26.4,1.2,0.73,28238.0,22.0,28260.0,High,1.0,6.123233995736766e-17,284.9,1,1,0,78.6
Monument,Kumbhalgarh Fort,Fort,Jodhpur,Rajasthan,Tier-3/Other,26.2389,73.0243,Jodhpur,2022-23,2022,4,Apr,2,Summer,0,27.4,4.6,0.73,25681.0,314.0,25994.0,High,0.8660254037844387,-0.4999999999999998,284.9,0,0,1,78.6
Monument,Kumbhalgarh Fort,Fort,Jodhpur,Rajasthan,Tier-3/Other,26.2389,73.0243,Jodhpur,2022-23,2022,5,May,2,Summer,0,26.4,5.8,0.73,24540.0,300.0,24839.0,High,0.49999999999999994,-0.8660254037844387,284.9,0,0,3,78.6
Monument,Kumbhalgarh Fort,Fort,Jodhpur,Rajasthan,Tier-3/Other,26.2389,73.0243,Jodhpur,2022-23,2022,6,Jun,2,Summer,0,24.3,4.2,0.73,26526.0,324.0,26850.0,High,1.2246467991473532e-16,-1.0,284.9,0,0,2,78.6
Monument,Kumbhalgarh Fort,Fort,Jodhpur,Rajasthan,Tier-3/Other,26.2389,73.0243,Jodhpur,2022-23,2022,7,Jul,3,Monsoon,0,23.3,4.8,0.73,31769.0,388.0,32158.0,High,-0.4999999999999997,-0.8660254037844388,284.9,0,0,0,78.6
Monument,Kumbhalgarh Fort,Fort,Jodhpur,Rajasthan,Tier-3/Other,26.2389,73.0243,Jodhpur,2022-23,2022,8,Aug,3,Monsoon,0,23.1,5.7,0.73,26187.0,320.0,26507.0,High,-0.8660254037844385,-0.5000000000000004,284.9,3,1,0,78.6
Monument,Kumbhalgarh Fort,Fort,Jodhpur,Rajasthan,Tier-3/Other,26.2389,73.0243,Jodhpur,2022-23,2022,9,Sep,3,Monsoon,0,23.6,8.0,0.73,26971.0,329.0,27301.0,High,-1.0,-1.8369701987210297e-16,284.9,1,1,0,78.6
Monument,Kumbhalgarh Fort,Fort,Jodhpur,Rajasthan,Tier-3/Other,26.2389,73.0243,Jodhpur,2022-23,2022,10,Oct,4,Autumn,1,23.2,8.0,0.73,33396.0,408.0,33804.0,High,-0.8660254037844386,0.5000000000000001,284.9,2,1,1,78.6
Monument,Kumbhalgarh Fort,Fort,Jodhpur,Rajasthan,Tier-3/Other,26.2389,73.0243,Jodhpur,2022-23,2022,11,Nov,4,Autumn,1,22.1,3.7,0.73,38271.0,467.0,38738.0,High,-0.5000000000000004,0.8660254037844384,284.9,0,0,0,78.6
Monument,Kumbhalgarh Fort,Fort,Jodhpur,Rajasthan,Tier-3/Other,26.2389,73.0243,Jodhpur,2022-23,2022,12,Dec,4,Winter,1,21.0,1.2,0.73,42112.0,514.0,42626.0,High,-2.4492935982947064e-16,1.0,284.9,1,1,2,78.6
Monument,Kumbhalgarh Fort,Fort,Jodhpur,Rajasthan,Tier-3/Other,26.2389,73.0243,Jodhpur,2022-23,2023,1,Jan,1,Winter,1,21.5,0.1,0.73,39245.0,479.0,39724.0,High,0.49999999999999994,0.8660254037844387,284.9,2,1,0,82.6
Monument,Kumbhalgarh Fort,Fort,Jodhpur,Rajasthan,Tier-3/Other,26.2389,73.0243,Jodhpur,2022-23,2023,2,Feb,1,Winter,1,23.7,0.4,0.73,41043.0,501.0,41545.0,High,0.8660254037844386,0.5000000000000001,284.9,0,0,0,82.6
Monument,Kumbhalgarh Fort,Fort,Jodhpur,Rajasthan,Tier-3/Other,26.2389,73.0243,Jodhpur,2022-23,2023,3,Mar,1,Summer,1,26.4,1.2,0.73,33884.0,414.0,34298.0,High,1.0,6.123233995736766e-17,284.9,1,1,0,82.6
Monument,Lohgad Fort,Fort,Mumbai,Maharashtra,Metro,19.076,72.8777,Mumbai,2021-22,2021,4,Apr,2,Summer,0,29.1,0.3,0.539,5667.0,4.0,5670.0,Medium,0.8660254037844387,-0.4999999999999998,2.0,0,0,1,74.3
Monument,Lohgad Fort,Fort,Mumbai,Maharashtra,Metro,19.076,72.8777,Mumbai,2021-22,2021,5,May,2,Summer,0,30.2,1.6,0.539,5415.0,4.0,5418.0,Medium,0.49999999999999994,-0.8660254037844387,2.0,0,0,3,74.3
Monument,Lohgad Fort,Fort,Mumbai,Maharashtra,Metro,19.076,72.8777,Mumbai,2021-22,2021,6,Jun,2,Summer,0,29.2,19.8,0.539,5853.0,4.0,5857.0,Medium,1.2246467991473532e-16,-1.0,2.0,0,0,2,74.3
Monument,Lohgad Fort,Fort,Mumbai,Maharashtra,Metro,19.076,72.8777,Mumbai,2021-22,2021,7,Jul,3,Monsoon,0,28.0,29.3,0.539,7010.0,5.0,7015.0,Medium,-0.4999999999999997,-0.8660254037844388,2.0,0,0,0,74.3
Monument,Lohgad Fort,Fort,Mumbai,Maharashtra,Metro,19.076,72.8777,Mumbai,2021-22,2021,8,Aug,3,Monsoon,0,27.7,17.0,0.539,5778.0,4.0,5782.0,Medium,-0.8660254037844385,-0.5000000000000004,2.0,3,1,0,74.3
Monument,Lohgad Fort,Fort,Mumbai,Maharashtra,Metro,19.076,72.8777,Mumbai,2021-22,2021,9,Sep,3,Monsoon,0,27.9,15.1,0.539,5951.0,4.0,5955.0,Medium,-1.0,-1.8369701987210297e-16,2.0,1,1,0,74.3
Monument,Lohgad Fort,Fort,Mumbai,Maharashtra,Metro,19.076,72.8777,Mumbai,2021-22,2021,10,Oct,4,Autumn,1,28.9,4.7,0.539,7369.0,5.0,7374.0,Medium,-0.8660254037844386,0.5000000000000001,2.0,1,1,1,74.3
Monument,Lohgad Fort,Fort,Mumbai,Maharashtra,Metro,19.076,72.8777,Mumbai,2021-22,2021,11,Nov,4,Autumn,1,28.2,0.8,0.539,8445.0,6.0,8450.0,Medium,-0.5000000000000004,0.8660254037844384,2.0,1,1,0,74.3
Monument,Lohgad Fort,Fort,Mumbai,Maharashtra,Metro,19.076,72.8777,Mumbai,2021-22,2021,12,Dec,4,Winter,1,25.9,0.9,0.539,9292.0,6.0,9298.0,Medium,-2.4492935982947064e-16,1.0,2.0,1,1,2,74.3
Monument,Lohgad Fort,Fort,Mumbai,Maharashtra,Metro,19.076,72.8777,Mumbai,2021-22,2022,1,Jan,1,Winter,1,24.6,0.1,0.539,8660.0,6.0,8665.0,Medium,0.49999999999999994,0.8660254037844387,2.0,2,1,0,78.6
Monument,Lohgad Fort,Fort,Mumbai,Maharashtra,Metro,19.076,72.8777,Mumbai,2021-22,2022,2,Feb,1,Winter,1,25.7,0.0,0.539,9056.0,6.0,9063.0,Medium,0.8660254037844386,0.5000000000000001,2.0,0,0,0,78.6
Monument,Lohgad Fort,Fort,Mumbai,Maharashtra,Metro,19.076,72.8777,Mumbai,2021-22,2022,3,Mar,1,Summer,1,27.8,0.3,0.539,7477.0,5.0,7482.0,Medium,1.0,6.123233995736766e-17,2.0,1,1,0,78.6
Monument,Lohgad Fort,Fort,Mumbai,Maharashtra,Metro,19.076,72.8777,Mumbai,2022-23,2022,4,Apr,2,Summer,0,29.1,0.3,0.539,18181.0,35.0,18217.0,High,0.8660254037844387,-0.4999999999999998,2.0,0,0,1,78.6
Monument,Lohgad Fort,Fort,Mumbai,Maharashtra,Metro,19.076,72.8777,Mumbai,2022-23,2022,5,May,2,Summer,0,30.2,1.6,0.539,17373.0,34.0,17407.0,High,0.49999999999999994,-0.8660254037844387,2.0,0,0,3,78.6
Monument,Lohgad Fort,Fort,Mumbai,Maharashtra,Metro,19.076,72.8777,Mumbai,2022-23,2022,6,Jun,2,Summer,0,29.2,19.8,0.539,18780.0,36.0,18816.0,High,1.2246467991473532e-16,-1.0,2.0,0,0,2,78.6
Monument,Lohgad Fort,Fort,Mumbai,Maharashtra,Metro,19.076,72.8777,Mumbai,2022-23,2022,7,Jul,3,Monsoon,0,28.0,29.3,0.539,22492.0,44.0,22536.0,High,-0.4999999999999997,-0.8660254037844388,2.0,0,0,0,78.6
Monument,Lohgad Fort,Fort,Mumbai,Maharashtra,Metro,19.076,72.8777,Mumbai,2022-23,2022,8,Aug,3,Monsoon,0,27.7,17.0,0.539,18540.0,36.0,18576.0,High,-0.8660254037844385,-0.5000000000000004,2.0,3,1,0,78.6
Monument,Lohgad Fort,Fort,Mumbai,Maharashtra,Metro,19.076,72.8777,Mumbai,2022-23,2022,9,Sep,3,Monsoon,0,27.9,15.1,0.539,19095.0,37.0,19132.0,High,-1.0,-1.8369701987210297e-16,2.0,1,1,0,78.6
Monument,Lohgad Fort,Fort,Mumbai,Maharashtra,Metro,19.076,72.8777,Mumbai,2022-23,2022,10,Oct,4,Autumn,1,28.9,4.7,0.539,23644.0,46.0,23690.0,High,-0.8660254037844386,0.5000000000000001,2.0,2,1,1,78.6
Monument,Lohgad Fort,Fort,Mumbai,Maharashtra,Metro,19.076,72.8777,Mumbai,2022-23,2022,11,Nov,4,Autumn,1,28.2,0.8,0.539,27095.0,52.0,27147.0,High,-0.5000000000000004,0.8660254037844384,2.0,0,0,0,78.6
Monument,Lohgad Fort,Fort,Mumbai,Maharashtra,Metro,19.076,72.8777,Mumbai,2022-23,2022,12,Dec,4,Winter,1,25.9,0.9,0.539,29814.0,58.0,29872.0,High,-2.4492935982947064e-16,1.0,2.0,1,1,2,78.6
Monument,Lohgad Fort,Fort,Mumbai,Maharashtra,Metro,19.076,72.8777,Mumbai,2022-23,2023,1,Jan,1,Winter,1,24.6,0.1,0.539,27785.0,54.0,27838.0,High,0.49999999999999994,0.8660254037844387,2.0,2,1,0,82.6
Monument,Lohgad Fort,Fort,Mumbai,Maharashtra,Metro,19.076,72.8777,Mumbai,2022-23,2023,2,Feb,1,Winter,1,25.7,0.0,0.539,29058.0,56.0,29114.0,High,0.8660254037844386,0.5000000000000001,2.0,0,0,0,82.6
Monument,Lohgad Fort,Fort,Mumbai,Maharashtra,Metro,19.076,72.8777,Mumbai,2022-23,2023,3,Mar,1,Summer,1,27.8,0.3,0.539,23989.0,46.0,24035.0,High,1.0,6.123233995736766e-17,2.0,1,1,0,82.6
Monument,Lord Cornwallis Tomb,Tomb/Mausoleum,Sarnath,Uttar Pradesh,Tier-2,25.3176,82.9739,Lucknow,2021-22,2021,4,Apr,2,Summer,0,30.0,0.4,0.099,467.0,1.0,468.0,Low,0.8660254037844387,-0.4999999999999998,18.9,0,0,1,74.3
Monument,Lord Cornwallis Tomb,Tomb/Mausoleum,Sarnath,Uttar Pradesh,Tier-2,25.3176,82.9739,Lucknow,2021-22,2021,5,May,2,Summer,0,32.6,3.1,0.099,446.0,1.0,447.0,Low,0.49999999999999994,-0.8660254037844387,18.9,0,0,3,74.3
Monument,Lord Cornwallis Tomb,Tomb/Mausoleum,Sarnath,Uttar Pradesh,Tier-2,25.3176,82.9739,Lucknow,2021-22,2021,6,Jun,2,Summer,0,32.6,4.8,0.099,482.0,1.0,483.0,Low,1.2246467991473532e-16,-1.0,18.9,0,0,2,74.3
Monument,Lord Cornwallis Tomb,Tomb/Mausoleum,Sarnath,Uttar Pradesh,Tier-2,25.3176,82.9739,Lucknow,2021-22,2021,7,Jul,3,Monsoon,0,30.1,9.7,0.099,578.0,1.0,579.0,Low,-0.4999999999999997,-0.8660254037844388,18.9,0,0,0,74.3
Monument,Lord Cornwallis Tomb,Tomb/Mausoleum,Sarnath,Uttar Pradesh,Tier-2,25.3176,82.9739,Lucknow,2021-22,2021,8,Aug,3,Monsoon,0,29.5,9.7,0.099,476.0,1.0,477.0,Low,-0.8660254037844385,-0.5000000000000004,18.9,3,1,0,74.3
Monument,Lord Cornwallis Tomb,Tomb/Mausoleum,Sarnath,Uttar Pradesh,Tier-2,25.3176,82.9739,Lucknow,2021-22,2021,9,Sep,3,Monsoon,0,28.8,9.7,0.099,491.0,1.0,491.0,Low,-1.0,-1.8369701987210297e-16,18.9,1,1,0,74.3
Monument,Lord Cornwallis Tomb,Tomb/Mausoleum,Sarnath,Uttar Pradesh,Tier-2,25.3176,82.9739,Lucknow,2021-22,2021,10,Oct,4,Autumn,1,26.0,1.7,0.099,607.0,1.0,609.0,Low,-0.8660254037844386,0.5000000000000001,18.9,1,1,1,74.3
Monument,Lord Cornwallis Tomb,Tomb/Mausoleum,Sarnath,Uttar Pradesh,Tier-2,25.3176,82.9739,Lucknow,2021-22,2021,11,Nov,4,Autumn,1,20.7,0.4,0.099,696.0,1.0,697.0,Low,-0.5000000000000004,0.8660254037844384,18.9,1,1,0,74.3
Monument,Lord Cornwallis Tomb,Tomb/Mausoleum,Sarnath,Uttar Pradesh,Tier-2,25.3176,82.9739,Lucknow,2021-22,2021,12,Dec,4,Winter,1,15.8,0.9,0.099,766.0,2.0,767.0,Low,-2.4492935982947064e-16,1.0,18.9,1,1,2,74.3
Monument,Lord Cornwallis Tomb,Tomb/Mausoleum,Sarnath,Uttar Pradesh,Tier-2,25.3176,82.9739,Lucknow,2021-22,2022,1,Jan,1,Winter,1,14.1,1.4,0.099,714.0,1.0,715.0,Low,0.49999999999999994,0.8660254037844387,18.9,2,1,0,78.6
Monument,Lord Cornwallis Tomb,Tomb/Mausoleum,Sarnath,Uttar Pradesh,Tier-2,25.3176,82.9739,Lucknow,2021-22,2022,2,Feb,1,Winter,1,18.4,1.5,0.099,746.0,1.0,748.0,Low,0.8660254037844386,0.5000000000000001,18.9,0,0,0,78.6
Monument,Lord Cornwallis Tomb,Tomb/Mausoleum,Sarnath,Uttar Pradesh,Tier-2,25.3176,82.9739,Lucknow,2021-22,2022,3,Mar,1,Summer,1,23.9,0.8,0.099,616.0,1.0,617.0,Low,1.0,6.123233995736766e-17,18.9,1,1,0,78.6
Monument,Lord Cornwallis Tomb,Tomb/Mausoleum,Sarnath,Uttar Pradesh,Tier-2,25.3176,82.9739,Lucknow,2022-23,2022,4,Apr,2,Summer,0,30.0,0.4,0.099,603.0,6.0,609.0,Low,0.8660254037844387,-0.4999999999999998,18.9,0,0,1,78.6
Monument,Lord Cornwallis Tomb,Tomb/Mausoleum,Sarnath,Uttar Pradesh,Tier-2,25.3176,82.9739,Lucknow,2022-23,2022,5,May,2,Summer,0,32.6,3.1,0.099,576.0,6.0,582.0,Low,0.49999999999999994,-0.8660254037844387,18.9,0,0,3,78.6
Monument,Lord Cornwallis Tomb,Tomb/Mausoleum,Sarnath,Uttar Pradesh,Tier-2,25.3176,82.9739,Lucknow,2022-23,2022,6,Jun,2,Summer,0,32.6,4.8,0.099,623.0,6.0,629.0,Low,1.2246467991473532e-16,-1.0,18.9,0,0,2,78.6
Monument,Lord Cornwallis Tomb,Tomb/Mausoleum,Sarnath,Uttar Pradesh,Tier-2,25.3176,82.9739,Lucknow,2022-23,2022,7,Jul,3,Monsoon,0,30.1,9.7,0.099,746.0,7.0,753.0,Low,-0.4999999999999997,-0.8660254037844388,18.9,0,0,0,78.6
Monument,Lord Cornwallis Tomb,Tomb/Mausoleum,Sarnath,Uttar Pradesh,Tier-2,25.3176,82.9739,Lucknow,2022-23,2022,8,Aug,3,Monsoon,0,29.5,9.7,0.099,615.0,6.0,621.0,Low,-0.8660254037844385,-0.5000000000000004,18.9,3,1,0,78.6
Monument,Lord Cornwallis Tomb,Tomb/Mausoleum,Sarnath,Uttar Pradesh,Tier-2,25.3176,82.9739,Lucknow,2022-23,2022,9,Sep,3,Monsoon,0,28.8,9.7,0.099,633.0,6.0,639.0,Low,-1.0,-1.8369701987210297e-16,18.9,1,1,0,78.6
Monument,Lord Cornwallis Tomb,Tomb/Mausoleum,Sarnath,Uttar Pradesh,Tier-2,25.3176,82.9739,Lucknow,2022-23,2022,10,Oct,4,Autumn,1,26.0,1.7,0.099,784.0,8.0,792.0,Low,-0.8660254037844386,0.5000000000000001,18.9,2,1,1,78.6
Monument,Lord Cornwallis Tomb,Tomb/Mausoleum,Sarnath,Uttar Pradesh,Tier-2,25.3176,82.9739,Lucknow,2022-23,2022,11,Nov,4,Autumn,1,20.7,0.4,0.099,899.0,9.0,907.0,Low,-0.5000000000000004,0.8660254037844384,18.9,0,0,0,78.6
Monument,Lord Cornwallis Tomb,Tomb/Mausoleum,Sarnath,Uttar Pradesh,Tier-2,25.3176,82.9739,Lucknow,2022-23,2022,12,Dec,4,Winter,1,15.8,0.9,0.099,989.0,10.0,998.0,Low,-2.4492935982947064e-16,1.0,18.9,1,1,2,78.6
Monument,Lord Cornwallis Tomb,Tomb/Mausoleum,Sarnath,Uttar Pradesh,Tier-2,25.3176,82.9739,Lucknow,2022-23,2023,1,Jan,1,Winter,1,14.1,1.4,0.099,921.0,9.0,930.0,Low,0.49999999999999994,0.8660254037844387,18.9,2,1,0,82.6
Monument,Lord Cornwallis Tomb,Tomb/Mausoleum,Sarnath,Uttar Pradesh,Tier-2,25.3176,82.9739,Lucknow,2022-23,2023,2,Feb,1,Winter,1,18.4,1.5,0.099,964.0,9.0,973.0,Low,0.8660254037844386,0.5000000000000001,18.9,0,0,0,82.6
Monument,Lord Cornwallis Tomb,Tomb/Mausoleum,Sarnath,Uttar Pradesh,Tier-2,25.3176,82.9739,Lucknow,2022-23,2023,3,Mar,1,Summer,1,23.9,0.8,0.099,796.0,8.0,803.0,Low,1.0,6.123233995736766e-17,18.9,1,1,0,82.6
Monument,Marble Pavillion and balustrade on the Ana Sagar bund and ruins of the marble Hammam Behind the Ana sagar Bund,Other Heritage Site,Jodhpur,Rajasthan,Tier-3/Other,26.2389,73.0243,Jodhpur,2021-22,2021,4,Apr,2,Summer,0,27.4,4.6,0.78,30117.0,2.0,30118.0,High,0.8660254037844387,-0.4999999999999998,284.9,0,0,1,74.3
Monument,Marble Pavillion and balustrade on the Ana Sagar bund and ruins of the marble Hammam Behind the Ana sagar Bund,Other Heritage Site,Jodhpur,Rajasthan,Tier-3/Other,26.2389,73.0243,Jodhpur,2021-22,2021,5,May,2,Summer,0,26.4,5.8,0.78,28778.0,1.0,28780.0,High,0.49999999999999994,-0.8660254037844387,284.9,0,0,3,74.3
Monument,Marble Pavillion and balustrade on the Ana Sagar bund and ruins of the marble Hammam Behind the Ana sagar Bund,Other Heritage Site,Jodhpur,Rajasthan,Tier-3/Other,26.2389,73.0243,Jodhpur,2021-22,2021,6,Jun,2,Summer,0,24.3,4.2,0.78,31107.0,2.0,31109.0,High,1.2246467991473532e-16,-1.0,284.9,0,0,2,74.3
Monument,Marble Pavillion and balustrade on the Ana Sagar bund and ruins of the marble Hammam Behind the Ana sagar Bund,Other Heritage Site,Jodhpur,Rajasthan,Tier-3/Other,26.2389,73.0243,Jodhpur,2021-22,2021,7,Jul,3,Monsoon,0,23.3,4.8,0.78,37257.0,2.0,37259.0,High,-0.4999999999999997,-0.8660254037844388,284.9,0,0,0,74.3
Monument,Marble Pavillion and balustrade on the Ana Sagar bund and ruins of the marble Hammam Behind the Ana sagar Bund,Other Heritage Site,Jodhpur,Rajasthan,Tier-3/Other,26.2389,73.0243,Jodhpur,2021-22,2021,8,Aug,3,Monsoon,0,23.1,5.7,0.78,30710.0,2.0,30712.0,High,-0.8660254037844385,-0.5000000000000004,284.9,3,1,0,74.3
Monument,Marble Pavillion and balustrade on the Ana Sagar bund and ruins of the marble Hammam Behind the Ana sagar Bund,Other Heritage Site,Jodhpur,Rajasthan,Tier-3/Other,26.2389,73.0243,Jodhpur,2021-22,2021,9,Sep,3,Monsoon,0,23.6,8.0,0.78,31630.0,2.0,31632.0,High,-1.0,-1.8369701987210297e-16,284.9,1,1,0,74.3
Monument,Marble Pavillion and balustrade on the Ana Sagar bund and ruins of the marble Hammam Behind the Ana sagar Bund,Other Heritage Site,Jodhpur,Rajasthan,Tier-3/Other,26.2389,73.0243,Jodhpur,2021-22,2021,10,Oct,4,Autumn,1,23.2,8.0,0.78,39165.0,2.0,39167.0,High,-0.8660254037844386,0.5000000000000001,284.9,1,1,1,74.3
Monument,Marble Pavillion and balustrade on the Ana Sagar bund and ruins of the marble Hammam Behind the Ana sagar Bund,Other Heritage Site,Jodhpur,Rajasthan,Tier-3/Other,26.2389,73.0243,Jodhpur,2021-22,2021,11,Nov,4,Autumn,1,22.1,3.7,0.78,44881.0,2.0,44884.0,High,-0.5000000000000004,0.8660254037844384,284.9,1,1,0,74.3
Monument,Marble Pavillion and balustrade on the Ana Sagar bund and ruins of the marble Hammam Behind the Ana sagar Bund,Other Heritage Site,Jodhpur,Rajasthan,Tier-3/Other,26.2389,73.0243,Jodhpur,2021-22,2021,12,Dec,4,Winter,1,21.0,1.2,0.78,49386.0,2.0,49388.0,High,-2.4492935982947064e-16,1.0,284.9,1,1,2,74.3
Monument,Marble Pavillion and balustrade on the Ana Sagar bund and ruins of the marble Hammam Behind the Ana sagar Bund,Other Heritage Site,Jodhpur,Rajasthan,Tier-3/Other,26.2389,73.0243,Jodhpur,2021-22,2022,1,Jan,1,Winter,1,21.5,0.1,0.78,46024.0,2.0,46026.0,High,0.49999999999999994,0.8660254037844387,284.9,2,1,0,78.6
Monument,Marble Pavillion and balustrade on the Ana Sagar bund and ruins of the marble Hammam Behind the Ana sagar Bund,Other Heritage Site,Jodhpur,Rajasthan,Tier-3/Other,26.2389,73.0243,Jodhpur,2021-22,2022,2,Feb,1,Winter,1,23.7,0.4,0.78,48133.0,2.0,48135.0,High,0.8660254037844386,0.5000000000000001,284.9,0,0,0,78.6
Monument,Marble Pavillion and balustrade on the Ana Sagar bund and ruins of the marble Hammam Behind the Ana sagar Bund,Other Heritage Site,Jodhpur,Rajasthan,Tier-3/Other,26.2389,73.0243,Jodhpur,2021-22,2022,3,Mar,1,Summer,1,26.4,1.2,0.78,39736.0,2.0,39738.0,High,1.0,6.123233995736766e-17,284.9,1,1,0,78.6
Monument,Marble Pavillion and balustrade on the Ana Sagar bund and ruins of the marble Hammam Behind the Ana sagar Bund,Other Heritage Site,Jodhpur,Rajasthan,Tier-3/Other,26.2389,73.0243,Jodhpur,2022-23,2022,4,Apr,2,Summer,0,27.4,4.6,0.78,46770.0,12.0,46781.0,High,0.8660254037844387,-0.4999999999999998,284.9,0,0,1,78.6
Monument,Marble Pavillion and balustrade on the Ana Sagar bund and ruins of the marble Hammam Behind the Ana sagar Bund,Other Heritage Site,Jodhpur,Rajasthan,Tier-3/Other,26.2389,73.0243,Jodhpur,2022-23,2022,5,May,2,Summer,0,26.4,5.8,0.78,44691.0,11.0,44702.0,High,0.49999999999999994,-0.8660254037844387,284.9,0,0,3,78.6
Monument,Marble Pavillion and balustrade on the Ana Sagar bund and ruins of the marble Hammam Behind the Ana sagar Bund,Other Heritage Site,Jodhpur,Rajasthan,Tier-3/Other,26.2389,73.0243,Jodhpur,2022-23,2022,6,Jun,2,Summer,0,24.3,4.2,0.78,48308.0,12.0,48320.0,High,1.2246467991473532e-16,-1.0,284.9,0,0,2,78.6
Monument,Marble Pavillion and balustrade on the Ana Sagar bund and ruins of the marble Hammam Behind the Ana sagar Bund,Other Heritage Site,Jodhpur,Rajasthan,Tier-3/Other,26.2389,73.0243,Jodhpur,2022-23,2022,7,Jul,3,Monsoon,0,23.3,4.8,0.78,57858.0,14.0,57873.0,High,-0.4999999999999997,-0.8660254037844388,284.9,0,0,0,78.6
Monument,Marble Pavillion and balustrade on the Ana Sagar bund and ruins of the marble Hammam Behind the Ana sagar Bund,Other Heritage Site,Jodhpur,Rajasthan,Tier-3/Other,26.2389,73.0243,Jodhpur,2022-23,2022,8,Aug,3,Monsoon,0,23.1,5.7,0.78,47692.0,12.0,47704.0,High,-0.8660254037844385,-0.5000000000000004,284.9,3,1,0,78.6
Monument,Marble Pavillion and balustrade on the Ana Sagar bund and ruins of the marble Hammam Behind the Ana sagar Bund,Other Heritage Site,Jodhpur,Rajasthan,Tier-3/Other,26.2389,73.0243,Jodhpur,2022-23,2022,9,Sep,3,Monsoon,0,23.6,8.0,0.78,49120.0,12.0,49132.0,High,-1.0,-1.8369701987210297e-16,284.9,1,1,0,78.6
Monument,Marble Pavillion and balustrade on the Ana Sagar bund and ruins of the marble Hammam Behind the Ana sagar Bund,Other Heritage Site,Jodhpur,Rajasthan,Tier-3/Other,26.2389,73.0243,Jodhpur,2022-23,2022,10,Oct,4,Autumn,1,23.2,8.0,0.78,60821.0,15.0,60836.0,High,-0.8660254037844386,0.5000000000000001,284.9,2,1,1,78.6
Monument,Marble Pavillion and balustrade on the Ana Sagar bund and ruins of the marble Hammam Behind the Ana sagar Bund,Other Heritage Site,Jodhpur,Rajasthan,Tier-3/Other,26.2389,73.0243,Jodhpur,2022-23,2022,11,Nov,4,Autumn,1,22.1,3.7,0.78,69699.0,17.0,69716.0,High,-0.5000000000000004,0.8660254037844384,284.9,0,0,0,78.6
Monument,Marble Pavillion and balustrade on the Ana Sagar bund and ruins of the marble Hammam Behind the Ana sagar Bund,Other Heritage Site,Jodhpur,Rajasthan,Tier-3/Other,26.2389,73.0243,Jodhpur,2022-23,2022,12,Dec,4,Winter,1,21.0,1.2,0.78,76693.0,19.0,76712.0,High,-2.4492935982947064e-16,1.0,284.9,1,1,2,78.6
Monument,Marble Pavillion and balustrade on the Ana Sagar bund and ruins of the marble Hammam Behind the Ana sagar Bund,Other Heritage Site,Jodhpur,Rajasthan,Tier-3/Other,26.2389,73.0243,Jodhpur,2022-23,2023,1,Jan,1,Winter,1,21.5,0.1,0.78,71473.0,18.0,71490.0,High,0.49999999999999994,0.8660254037844387,284.9,2,1,0,82.6
Monument,Marble Pavillion and balustrade on the Ana Sagar bund and ruins of the marble Hammam Behind the Ana sagar Bund,Other Heritage Site,Jodhpur,Rajasthan,Tier-3/Other,26.2389,73.0243,Jodhpur,2022-23,2023,2,Feb,1,Winter,1,23.7,0.4,0.78,74748.0,19.0,74766.0,High,0.8660254037844386,0.5000000000000001,284.9,0,0,0,82.6
Monument,Marble Pavillion and balustrade on the Ana Sagar bund and ruins of the marble Hammam Behind the Ana sagar Bund,Other Heritage Site,Jodhpur,Rajasthan,Tier-3/Other,26.2389,73.0243,Jodhpur,2022-23,2023,3,Mar,1,Summer,1,26.4,1.2,0.78,61709.0,15.0,61724.0,High,1.0,6.123233995736766e-17,284.9,1,1,0,82.6
Monument,Mariam tomb Sikandra,Tomb/Mausoleum,Agra,Uttar Pradesh,Metro,27.1767,78.0081,Delhi,2021-22,2021,4,Apr,2,Summer,0,29.3,0.6,0.191,1156.0,6.0,1162.0,Low,0.8660254037844387,-0.4999999999999998,177.5,0,0,1,74.3
Monument,Mariam tomb Sikandra,Tomb/Mausoleum,Agra,Uttar Pradesh,Metro,27.1767,78.0081,Delhi,2021-22,2021,5,May,2,Summer,0,32.8,2.1,0.191,1105.0,6.0,1111.0,Low,0.49999999999999994,-0.8660254037844387,177.5,0,0,3,74.3
Monument,Mariam tomb Sikandra,Tomb/Mausoleum,Agra,Uttar Pradesh,Metro,27.1767,78.0081,Delhi,2021-22,2021,6,Jun,2,Summer,0,33.3,3.7,0.191,1194.0,7.0,1201.0,Low,1.2246467991473532e-16,-1.0,177.5,0,0,2,74.3
Monument,Mariam tomb Sikandra,Tomb/Mausoleum,Agra,Uttar Pradesh,Metro,27.1767,78.0081,Delhi,2021-22,2021,7,Jul,3,Monsoon,0,31.1,8.7,0.191,1430.0,8.0,1438.0,Low,-0.4999999999999997,-0.8660254037844388,177.5,0,0,0,74.3
Monument,Mariam tomb Sikandra,Tomb/Mausoleum,Agra,Uttar Pradesh,Metro,27.1767,78.0081,Delhi,2021-22,2021,8,Aug,3,Monsoon,0,30.2,9.2,0.191,1179.0,7.0,1185.0,Low,-0.8660254037844385,-0.5000000000000004,177.5,3,1,0,74.3
Monument,Mariam tomb Sikandra,Tomb/Mausoleum,Agra,Uttar Pradesh,Metro,27.1767,78.0081,Delhi,2021-22,2021,9,Sep,3,Monsoon,0,29.2,7.3,0.191,1214.0,7.0,1221.0,Low,-1.0,-1.8369701987210297e-16,177.5,1,1,0,74.3
Monument,Mariam tomb Sikandra,Tomb/Mausoleum,Agra,Uttar Pradesh,Metro,27.1767,78.0081,Delhi,2021-22,2021,10,Oct,4,Autumn,1,25.6,0.9,0.191,1503.0,8.0,1512.0,Low,-0.8660254037844386,0.5000000000000001,177.5,1,1,1,74.3
Monument,Mariam tomb Sikandra,Tomb/Mausoleum,Agra,Uttar Pradesh,Metro,27.1767,78.0081,Delhi,2021-22,2021,11,Nov,4,Autumn,1,19.7,0.2,0.191,1723.0,10.0,1732.0,Low,-0.5000000000000004,0.8660254037844384,177.5,1,1,0,74.3
Monument,Mariam tomb Sikandra,Tomb/Mausoleum,Agra,Uttar Pradesh,Metro,27.1767,78.0081,Delhi,2021-22,2021,12,Dec,4,Winter,1,14.7,0.6,0.191,1895.0,11.0,1906.0,Low,-2.4492935982947064e-16,1.0,177.5,1,1,2,74.3
Monument,Mariam tomb Sikandra,Tomb/Mausoleum,Agra,Uttar Pradesh,Metro,27.1767,78.0081,Delhi,2021-22,2022,1,Jan,1,Winter,1,13.4,1.5,0.191,1766.0,10.0,1776.0,Low,0.49999999999999994,0.8660254037844387,177.5,2,1,0,78.6
Monument,Mariam tomb Sikandra,Tomb/Mausoleum,Agra,Uttar Pradesh,Metro,27.1767,78.0081,Delhi,2021-22,2022,2,Feb,1,Winter,1,17.3,1.7,0.191,1847.0,10.0,1858.0,Low,0.8660254037844386,0.5000000000000001,177.5,0,0,0,78.6
Monument,Mariam tomb Sikandra,Tomb/Mausoleum,Agra,Uttar Pradesh,Metro,27.1767,78.0081,Delhi,2021-22,2022,3,Mar,1,Summer,1,23.1,1.8,0.191,1525.0,9.0,1534.0,Low,1.0,6.123233995736766e-17,177.5,1,1,0,78.6
Monument,Mariam tomb Sikandra,Tomb/Mausoleum,Agra,Uttar Pradesh,Metro,27.1767,78.0081,Delhi,2022-23,2022,4,Apr,2,Summer,0,29.3,0.6,0.191,2593.0,22.0,2615.0,Low,0.8660254037844387,-0.4999999999999998,177.5,0,0,1,78.6
Monument,Mariam tomb Sikandra,Tomb/Mausoleum,Agra,Uttar Pradesh,Metro,27.1767,78.0081,Delhi,2022-23,2022,5,May,2,Summer,0,32.8,2.1,0.191,2477.0,21.0,2499.0,Low,0.49999999999999994,-0.8660254037844387,177.5,0,0,3,78.6
Monument,Mariam tomb Sikandra,Tomb/Mausoleum,Agra,Uttar Pradesh,Metro,27.1767,78.0081,Delhi,2022-23,2022,6,Jun,2,Summer,0,33.3,3.7,0.191,2678.0,23.0,2701.0,Low,1.2246467991473532e-16,-1.0,177.5,0,0,2,78.6
Monument,Mariam tomb Sikandra,Tomb/Mausoleum,Agra,Uttar Pradesh,Metro,27.1767,78.0081,Delhi,2022-23,2022,7,Jul,3,Monsoon,0,31.1,8.7,0.191,3207.0,28.0,3235.0,Low,-0.4999999999999997,-0.8660254037844388,177.5,0,0,0,78.6
Monument,Mariam tomb Sikandra,Tomb/Mausoleum,Agra,Uttar Pradesh,Metro,27.1767,78.0081,Delhi,2022-23,2022,8,Aug,3,Monsoon,0,30.2,9.2,0.191,2644.0,23.0,2666.0,Low,-0.8660254037844385,-0.5000000000000004,177.5,3,1,0,78.6
Monument,Mariam tomb Sikandra,Tomb/Mausoleum,Agra,Uttar Pradesh,Metro,27.1767,78.0081,Delhi,2022-23,2022,9,Sep,3,Monsoon,0,29.2,7.3,0.191,2723.0,23.0,2746.0,Low,-1.0,-1.8369701987210297e-16,177.5,1,1,0,78.6
Monument,Mariam tomb Sikandra,Tomb/Mausoleum,Agra,Uttar Pradesh,Metro,27.1767,78.0081,Delhi,2022-23,2022,10,Oct,4,Autumn,1,25.6,0.9,0.191,3372.0,29.0,3401.0,Low,-0.8660254037844386,0.5000000000000001,177.5,2,1,1,78.6
Monument,Mariam tomb Sikandra,Tomb/Mausoleum,Agra,Uttar Pradesh,Metro,27.1767,78.0081,Delhi,2022-23,2022,11,Nov,4,Autumn,1,19.7,0.2,0.191,3864.0,33.0,3897.0,Low,-0.5000000000000004,0.8660254037844384,177.5,0,0,0,78.6
Monument,Mariam tomb Sikandra,Tomb/Mausoleum,Agra,Uttar Pradesh,Metro,27.1767,78.0081,Delhi,2022-23,2022,12,Dec,4,Winter,1,14.7,0.6,0.191,4251.0,37.0,4288.0,Medium,-2.4492935982947064e-16,1.0,177.5,1,1,2,78.6
Monument,Mariam tomb Sikandra,Tomb/Mausoleum,Agra,Uttar Pradesh,Metro,27.1767,78.0081,Delhi,2022-23,2023,1,Jan,1,Winter,1,13.4,1.5,0.191,3962.0,34.0,3996.0,Low,0.49999999999999994,0.8660254037844387,177.5,2,1,0,82.6
Monument,Mariam tomb Sikandra,Tomb/Mausoleum,Agra,Uttar Pradesh,Metro,27.1767,78.0081,Delhi,2022-23,2023,2,Feb,1,Winter,1,17.3,1.7,0.191,4144.0,36.0,4179.0,Medium,0.8660254037844386,0.5000000000000001,177.5,0,0,0,82.6
Monument,Mariam tomb Sikandra,Tomb/Mausoleum,Agra,Uttar Pradesh,Metro,27.1767,78.0081,Delhi,2022-23,2023,3,Mar,1,Summer,1,23.1,1.8,0.191,3421.0,29.0,3450.0,Low,1.0,6.123233995736766e-17,177.5,1,1,0,82.6
Monument,Mattancherry Palace Museum Kochi,Palace,Thrissur,Kerala,Metro,10.5276,76.2144,Bangalore,2021-22,2021,4,Apr,2,Summer,0,27.4,4.6,0.553,4289.0,74.0,4362.0,Medium,0.8660254037844387,-0.4999999999999998,46.5,0,0,1,74.3
Monument,Mattancherry Palace Museum Kochi,Palace,Thrissur,Kerala,Metro,10.5276,76.2144,Bangalore,2021-22,2021,5,May,2,Summer,0,26.4,5.8,0.553,4098.0,70.0,4168.0,Medium,0.49999999999999994,-0.8660254037844387,46.5,0,0,3,74.3
Monument,Mattancherry Palace Museum Kochi,Palace,Thrissur,Kerala,Metro,10.5276,76.2144,Bangalore,2021-22,2021,6,Jun,2,Summer,0,24.3,4.2,0.553,4430.0,76.0,4506.0,Medium,1.2246467991473532e-16,-1.0,46.5,0,0,2,74.3
Monument,Mattancherry Palace Museum Kochi,Palace,Thrissur,Kerala,Metro,10.5276,76.2144,Bangalore,2021-22,2021,7,Jul,3,Monsoon,0,23.3,4.8,0.553,5305.0,91.0,5397.0,Medium,-0.4999999999999997,-0.8660254037844388,46.5,0,0,0,74.3
Monument,Mattancherry Palace Museum Kochi,Palace,Thrissur,Kerala,Metro,10.5276,76.2144,Bangalore,2021-22,2021,8,Aug,3,Monsoon,0,23.1,5.7,0.553,4373.0,75.0,4448.0,Medium,-0.8660254037844385,-0.5000000000000004,46.5,3,1,0,74.3
Monument,Mattancherry Palace Museum Kochi,Palace,Thrissur,Kerala,Metro,10.5276,76.2144,Bangalore,2021-22,2021,9,Sep,3,Monsoon,0,23.6,8.0,0.553,4504.0,77.0,4582.0,Medium,-1.0,-1.8369701987210297e-16,46.5,1,1,0,74.3
Monument,Mattancherry Palace Museum Kochi,Palace,Thrissur,Kerala,Metro,10.5276,76.2144,Bangalore,2021-22,2021,10,Oct,4,Autumn,1,23.2,8.0,0.553,5577.0,96.0,5673.0,Medium,-0.8660254037844386,0.5000000000000001,46.5,1,1,1,74.3
Monument,Mattancherry Palace Museum Kochi,Palace,Thrissur,Kerala,Metro,10.5276,76.2144,Bangalore,2021-22,2021,11,Nov,4,Autumn,1,22.1,3.7,0.553,6391.0,110.0,6501.0,Medium,-0.5000000000000004,0.8660254037844384,46.5,1,1,0,74.3
Monument,Mattancherry Palace Museum Kochi,Palace,Thrissur,Kerala,Metro,10.5276,76.2144,Bangalore,2021-22,2021,12,Dec,4,Winter,1,21.0,1.2,0.553,7033.0,121.0,7153.0,Medium,-2.4492935982947064e-16,1.0,46.5,1,1,2,74.3
Monument,Mattancherry Palace Museum Kochi,Palace,Thrissur,Kerala,Metro,10.5276,76.2144,Bangalore,2021-22,2022,1,Jan,1,Winter,1,21.5,0.1,0.553,6554.0,113.0,6666.0,Medium,0.49999999999999994,0.8660254037844387,46.5,2,1,0,78.6
Monument,Mattancherry Palace Museum Kochi,Palace,Thrissur,Kerala,Metro,10.5276,76.2144,Bangalore,2021-22,2022,2,Feb,1,Winter,1,23.7,0.4,0.553,6854.0,118.0,6972.0,Medium,0.8660254037844386,0.5000000000000001,46.5,0,0,0,78.6
Monument,Mattancherry Palace Museum Kochi,Palace,Thrissur,Kerala,Metro,10.5276,76.2144,Bangalore,2021-22,2022,3,Mar,1,Summer,1,26.4,1.2,0.553,5658.0,97.0,5756.0,Medium,1.0,6.123233995736766e-17,46.5,1,1,0,78.6
Monument,Mattancherry Palace Museum Kochi,Palace,Thrissur,Kerala,Metro,10.5276,76.2144,Bangalore,2022-23,2022,4,Apr,2,Summer,0,27.4,4.6,0.553,18570.0,1860.0,20429.0,High,0.8660254037844387,-0.4999999999999998,46.5,0,0,1,78.6
Monument,Mattancherry Palace Museum Kochi,Palace,Thrissur,Kerala,Metro,10.5276,76.2144,Bangalore,2022-23,2022,5,May,2,Summer,0,26.4,5.8,0.553,17744.0,1777.0,19522.0,High,0.49999999999999994,-0.8660254037844387,46.5,0,0,3,78.6
Monument,Mattancherry Palace Museum Kochi,Palace,Thrissur,Kerala,Metro,10.5276,76.2144,Bangalore,2022-23,2022,6,Jun,2,Summer,0,24.3,4.2,0.553,19181.0,1921.0,21102.0,High,1.2246467991473532e-16,-1.0,46.5,0,0,2,78.6
Monument,Mattancherry Palace Museum Kochi,Palace,Thrissur,Kerala,Metro,10.5276,76.2144,Bangalore,2022-23,2022,7,Jul,3,Monsoon,0,23.3,4.8,0.553,22972.0,2301.0,25273.0,High,-0.4999999999999997,-0.8660254037844388,46.5,0,0,0,78.6
Monument,Mattancherry Palace Museum Kochi,Palace,Thrissur,Kerala,Metro,10.5276,76.2144,Bangalore,2022-23,2022,8,Aug,3,Monsoon,0,23.1,5.7,0.553,18936.0,1897.0,20832.0,High,-0.8660254037844385,-0.5000000000000004,46.5,3,1,0,78.6
Monument,Mattancherry Palace Museum Kochi,Palace,Thrissur,Kerala,Metro,10.5276,76.2144,Bangalore,2022-23,2022,9,Sep,3,Monsoon,0,23.6,8.0,0.553,19503.0,1953.0,21456.0,High,-1.0,-1.8369701987210297e-16,46.5,1,1,0,78.6
Monument,Mattancherry Palace Museum Kochi,Palace,Thrissur,Kerala,Metro,10.5276,76.2144,Bangalore,2022-23,2022,10,Oct,4,Autumn,1,23.2,8.0,0.553,24149.0,2419.0,26567.0,High,-0.8660254037844386,0.5000000000000001,46.5,2,1,1,78.6
Monument,Mattancherry Palace Museum Kochi,Palace,Thrissur,Kerala,Metro,10.5276,76.2144,Bangalore,2022-23,2022,11,Nov,4,Autumn,1,22.1,3.7,0.553,27673.0,2772.0,30445.0,High,-0.5000000000000004,0.8660254037844384,46.5,0,0,0,78.6
Monument,Mattancherry Palace Museum Kochi,Palace,Thrissur,Kerala,Metro,10.5276,76.2144,Bangalore,2022-23,2022,12,Dec,4,Winter,1,21.0,1.2,0.553,30451.0,3050.0,33501.0,High,-2.4492935982947064e-16,1.0,46.5,1,1,2,78.6
Monument,Mattancherry Palace Museum Kochi,Palace,Thrissur,Kerala,Metro,10.5276,76.2144,Bangalore,2022-23,2023,1,Jan,1,Winter,1,21.5,0.1,0.553,28378.0,2842.0,31220.0,High,0.49999999999999994,0.8660254037844387,46.5,2,1,0,82.6
Monument,Mattancherry Palace Museum Kochi,Palace,Thrissur,Kerala,Metro,10.5276,76.2144,Bangalore,2022-23,2023,2,Feb,1,Winter,1,23.7,0.4,0.553,29678.0,2972.0,32651.0,High,0.8660254037844386,0.5000000000000001,46.5,0,0,0,82.6
Monument,Mattancherry Palace Museum Kochi,Palace,Thrissur,Kerala,Metro,10.5276,76.2144,Bangalore,2022-23,2023,3,Mar,1,Summer,1,26.4,1.2,0.553,24501.0,2454.0,26955.0,High,1.0,6.123233995736766e-17,46.5,1,1,0,82.6
Monument,Mausoleum,Tomb/Mausoleum,Agra,Uttar Pradesh,Metro,27.1767,78.0081,Delhi,2021-22,2021,4,Apr,2,Summer,0,29.3,0.6,0.759,20937.0,42.0,20979.0,High,0.8660254037844387,-0.4999999999999998,177.5,0,0,1,74.3
Monument,Mausoleum,Tomb/Mausoleum,Agra,Uttar Pradesh,Metro,27.1767,78.0081,Delhi,2021-22,2021,5,May,2,Summer,0,32.8,2.1,0.759,20007.0,40.0,20047.0,High,0.49999999999999994,-0.8660254037844387,177.5,0,0,3,74.3
Monument,Mausoleum,Tomb/Mausoleum,Agra,Uttar Pradesh,Metro,27.1767,78.0081,Delhi,2021-22,2021,6,Jun,2,Summer,0,33.3,3.7,0.759,21626.0,44.0,21670.0,High,1.2246467991473532e-16,-1.0,177.5,0,0,2,74.3
Monument,Mausoleum,Tomb/Mausoleum,Agra,Uttar Pradesh,Metro,27.1767,78.0081,Delhi,2021-22,2021,7,Jul,3,Monsoon,0,31.1,8.7,0.759,25901.0,52.0,25953.0,High,-0.4999999999999997,-0.8660254037844388,177.5,0,0,0,74.3
Monument,Mausoleum,Tomb/Mausoleum,Agra,Uttar Pradesh,Metro,27.1767,78.0081,Delhi,2021-22,2021,8,Aug,3,Monsoon,0,30.2,9.2,0.759,21350.0,43.0,21393.0,High,-0.8660254037844385,-0.5000000000000004,177.5,3,1,0,74.3
Monument,Mausoleum,Tomb/Mausoleum,Agra,Uttar Pradesh,Metro,27.1767,78.0081,Delhi,2021-22,2021,9,Sep,3,Monsoon,0,29.2,7.3,0.759,21989.0,45.0,22034.0,High,-1.0,-1.8369701987210297e-16,177.5,1,1,0,74.3
Monument,Mausoleum,Tomb/Mausoleum,Agra,Uttar Pradesh,Metro,27.1767,78.0081,Delhi,2021-22,2021,10,Oct,4,Autumn,1,25.6,0.9,0.759,27227.0,55.0,27282.0,High,-0.8660254037844386,0.5000000000000001,177.5,1,1,1,74.3
Monument,Mausoleum,Tomb/Mausoleum,Agra,Uttar Pradesh,Metro,27.1767,78.0081,Delhi,2021-22,2021,11,Nov,4,Autumn,1,19.7,0.2,0.759,31202.0,63.0,31265.0,High,-0.5000000000000004,0.8660254037844384,177.5,1,1,0,74.3
Monument,Mausoleum,Tomb/Mausoleum,Agra,Uttar Pradesh,Metro,27.1767,78.0081,Delhi,2021-22,2021,12,Dec,4,Winter,1,14.7,0.6,0.759,34333.0,69.0,34402.0,High,-2.4492935982947064e-16,1.0,177.5,1,1,2,74.3
Monument,Mausoleum,Tomb/Mausoleum,Agra,Uttar Pradesh,Metro,27.1767,78.0081,Delhi,2021-22,2022,1,Jan,1,Winter,1,13.4,1.5,0.759,31996.0,65.0,32060.0,High,0.49999999999999994,0.8660254037844387,177.5,2,1,0,78.6
Monument,Mausoleum,Tomb/Mausoleum,Agra,Uttar Pradesh,Metro,27.1767,78.0081,Delhi,2021-22,2022,2,Feb,1,Winter,1,17.3,1.7,0.759,33462.0,68.0,33529.0,High,0.8660254037844386,0.5000000000000001,177.5,0,0,0,78.6
Monument,Mausoleum,Tomb/Mausoleum,Agra,Uttar Pradesh,Metro,27.1767,78.0081,Delhi,2021-22,2022,3,Mar,1,Summer,1,23.1,1.8,0.759,27625.0,56.0,27681.0,High,1.0,6.123233995736766e-17,177.5,1,1,0,78.6
Monument,Mausoleum,Tomb/Mausoleum,Agra,Uttar Pradesh,Metro,27.1767,78.0081,Delhi,2022-23,2022,4,Apr,2,Summer,0,29.3,0.6,0.759,50489.0,58.0,50547.0,High,0.8660254037844387,-0.4999999999999998,177.5,0,0,1,78.6
Monument,Mausoleum,Tomb/Mausoleum,Agra,Uttar Pradesh,Metro,27.1767,78.0081,Delhi,2022-23,2022,5,May,2,Summer,0,32.8,2.1,0.759,48246.0,56.0,48301.0,High,0.49999999999999994,-0.8660254037844387,177.5,0,0,3,78.6
Monument,Mausoleum,Tomb/Mausoleum,Agra,Uttar Pradesh,Metro,27.1767,78.0081,Delhi,2022-23,2022,6,Jun,2,Summer,0,33.3,3.7,0.759,52150.0,60.0,52210.0,High,1.2246467991473532e-16,-1.0,177.5,0,0,2,78.6
Monument,Mausoleum,Tomb/Mausoleum,Agra,Uttar Pradesh,Metro,27.1767,78.0081,Delhi,2022-23,2022,7,Jul,3,Monsoon,0,31.1,8.7,0.759,62460.0,72.0,62532.0,High,-0.4999999999999997,-0.8660254037844388,177.5,0,0,0,78.6
Monument,Mausoleum,Tomb/Mausoleum,Agra,Uttar Pradesh,Metro,27.1767,78.0081,Delhi,2022-23,2022,8,Aug,3,Monsoon,0,30.2,9.2,0.759,51485.0,59.0,51544.0,High,-0.8660254037844385,-0.5000000000000004,177.5,3,1,0,78.6
Monument,Mausoleum,Tomb/Mausoleum,Agra,Uttar Pradesh,Metro,27.1767,78.0081,Delhi,2022-23,2022,9,Sep,3,Monsoon,0,29.2,7.3,0.759,53026.0,61.0,53087.0,High,-1.0,-1.8369701987210297e-16,177.5,1,1,0,78.6
Monument,Mausoleum,Tomb/Mausoleum,Agra,Uttar Pradesh,Metro,27.1767,78.0081,Delhi,2022-23,2022,10,Oct,4,Autumn,1,25.6,0.9,0.759,65658.0,76.0,65734.0,High,-0.8660254037844386,0.5000000000000001,177.5,2,1,1,78.6
Monument,Mausoleum,Tomb/Mausoleum,Agra,Uttar Pradesh,Metro,27.1767,78.0081,Delhi,2022-23,2022,11,Nov,4,Autumn,1,19.7,0.2,0.759,75242.0,87.0,75328.0,High,-0.5000000000000004,0.8660254037844384,177.5,0,0,0,78.6
Monument,Mausoleum,Tomb/Mausoleum,Agra,Uttar Pradesh,Metro,27.1767,78.0081,Delhi,2022-23,2022,12,Dec,4,Winter,1,14.7,0.6,0.759,82793.0,95.0,82888.0,High,-2.4492935982947064e-16,1.0,177.5,1,1,2,78.6
Monument,Mausoleum,Tomb/Mausoleum,Agra,Uttar Pradesh,Metro,27.1767,78.0081,Delhi,2022-23,2023,1,Jan,1,Winter,1,13.4,1.5,0.759,77157.0,89.0,77246.0,High,0.49999999999999994,0.8660254037844387,177.5,2,1,0,82.6
Monument,Mausoleum,Tomb/Mausoleum,Agra,Uttar Pradesh,Metro,27.1767,78.0081,Delhi,2022-23,2023,2,Feb,1,Winter,1,17.3,1.7,0.759,80692.0,93.0,80785.0,High,0.8660254037844386,0.5000000000000001,177.5,0,0,0,82.6
Monument,Mausoleum,Tomb/Mausoleum,Agra,Uttar Pradesh,Metro,27.1767,78.0081,Delhi,2022-23,2023,3,Mar,1,Summer,1,23.1,1.8,0.759,66616.0,77.0,66693.0,High,1.0,6.123233995736766e-17,177.5,1,1,0,82.6
Monument,Mehtab Bagh,Garden,Agra,Uttar Pradesh,Metro,27.1767,78.0081,Delhi,2021-22,2021,4,Apr,2,Summer,0,29.3,0.6,0.44,5682.0,109.0,5791.0,Medium,0.8660254037844387,-0.4999999999999998,177.5,0,0,1,74.3
Monument,Mehtab Bagh,Garden,Agra,Uttar Pradesh,Metro,27.1767,78.0081,Delhi,2021-22,2021,5,May,2,Summer,0,32.8,2.1,0.44,5430.0,104.0,5534.0,Medium,0.49999999999999994,-0.8660254037844387,177.5,0,0,3,74.3
Monument,Mehtab Bagh,Garden,Agra,Uttar Pradesh,Metro,27.1767,78.0081,Delhi,2021-22,2021,6,Jun,2,Summer,0,33.3,3.7,0.44,5869.0,113.0,5982.0,Medium,1.2246467991473532e-16,-1.0,177.5,0,0,2,74.3
Monument,Mehtab Bagh,Garden,Agra,Uttar Pradesh,Metro,27.1767,78.0081,Delhi,2021-22,2021,7,Jul,3,Monsoon,0,31.1,8.7,0.44,7030.0,135.0,7164.0,Medium,-0.4999999999999997,-0.8660254037844388,177.5,0,0,0,74.3
Monument,Mehtab Bagh,Garden,Agra,Uttar Pradesh,Metro,27.1767,78.0081,Delhi,2021-22,2021,8,Aug,3,Monsoon,0,30.2,9.2,0.44,5794.0,111.0,5906.0,Medium,-0.8660254037844385,-0.5000000000000004,177.5,3,1,0,74.3
Monument,Mehtab Bagh,Garden,Agra,Uttar Pradesh,Metro,27.1767,78.0081,Delhi,2021-22,2021,9,Sep,3,Monsoon,0,29.2,7.3,0.44,5968.0,114.0,6082.0,Medium,-1.0,-1.8369701987210297e-16,177.5,1,1,0,74.3
Monument,Mehtab Bagh,Garden,Agra,Uttar Pradesh,Metro,27.1767,78.0081,Delhi,2021-22,2021,10,Oct,4,Autumn,1,25.6,0.9,0.44,7390.0,142.0,7531.0,Medium,-0.8660254037844386,0.5000000000000001,177.5,1,1,1,74.3
Monument,Mehtab Bagh,Garden,Agra,Uttar Pradesh,Metro,27.1767,78.0081,Delhi,2021-22,2021,11,Nov,4,Autumn,1,19.7,0.2,0.44,8468.0,162.0,8631.0,Medium,-0.5000000000000004,0.8660254037844384,177.5,1,1,0,74.3
Monument,Mehtab Bagh,Garden,Agra,Uttar Pradesh,Metro,27.1767,78.0081,Delhi,2021-22,2021,12,Dec,4,Winter,1,14.7,0.6,0.44,9318.0,179.0,9497.0,Medium,-2.4492935982947064e-16,1.0,177.5,1,1,2,74.3
Monument,Mehtab Bagh,Garden,Agra,Uttar Pradesh,Metro,27.1767,78.0081,Delhi,2021-22,2022,1,Jan,1,Winter,1,13.4,1.5,0.44,8684.0,166.0,8850.0,Medium,0.49999999999999994,0.8660254037844387,177.5,2,1,0,78.6
Monument,Mehtab Bagh,Garden,Agra,Uttar Pradesh,Metro,27.1767,78.0081,Delhi,2021-22,2022,2,Feb,1,Winter,1,17.3,1.7,0.44,9082.0,174.0,9256.0,Medium,0.8660254037844386,0.5000000000000001,177.5,0,0,0,78.6
Monument,Mehtab Bagh,Garden,Agra,Uttar Pradesh,Metro,27.1767,78.0081,Delhi,2021-22,2022,3,Mar,1,Summer,1,23.1,1.8,0.44,7497.0,144.0,7641.0,Medium,1.0,6.123233995736766e-17,177.5,1,1,0,78.6
Monument,Mehtab Bagh,Garden,Agra,Uttar Pradesh,Metro,27.1767,78.0081,Delhi,2022-23,2022,4,Apr,2,Summer,0,29.3,0.6,0.44,7336.0,1126.0,8462.0,Medium,0.8660254037844387,-0.4999999999999998,177.5,0,0,1,78.6
Monument,Mehtab Bagh,Garden,Agra,Uttar Pradesh,Metro,27.1767,78.0081,Delhi,2022-23,2022,5,May,2,Summer,0,32.8,2.1,0.44,7010.0,1076.0,8086.0,Medium,0.49999999999999994,-0.8660254037844387,177.5,0,0,3,78.6
Monument,Mehtab Bagh,Garden,Agra,Uttar Pradesh,Metro,27.1767,78.0081,Delhi,2022-23,2022,6,Jun,2,Summer,0,33.3,3.7,0.44,7577.0,1163.0,8740.0,Medium,1.2246467991473532e-16,-1.0,177.5,0,0,2,78.6
Monument,Mehtab Bagh,Garden,Agra,Uttar Pradesh,Metro,27.1767,78.0081,Delhi,2022-23,2022,7,Jul,3,Monsoon,0,31.1,8.7,0.44,9075.0,1393.0,10468.0,Medium,-0.4999999999999997,-0.8660254037844388,177.5,0,0,0,78.6
Monument,Mehtab Bagh,Garden,Agra,Uttar Pradesh,Metro,27.1767,78.0081,Delhi,2022-23,2022,8,Aug,3,Monsoon,0,30.2,9.2,0.44,7481.0,1148.0,8629.0,Medium,-0.8660254037844385,-0.5000000000000004,177.5,3,1,0,78.6
Monument,Mehtab Bagh,Garden,Agra,Uttar Pradesh,Metro,27.1767,78.0081,Delhi,2022-23,2022,9,Sep,3,Monsoon,0,29.2,7.3,0.44,7705.0,1182.0,8887.0,Medium,-1.0,-1.8369701987210297e-16,177.5,1,1,0,78.6
Monument,Mehtab Bagh,Garden,Agra,Uttar Pradesh,Metro,27.1767,78.0081,Delhi,2022-23,2022,10,Oct,4,Autumn,1,25.6,0.9,0.44,9540.0,1464.0,11004.0,Medium,-0.8660254037844386,0.5000000000000001,177.5,2,1,1,78.6
Monument,Mehtab Bagh,Garden,Agra,Uttar Pradesh,Metro,27.1767,78.0081,Delhi,2022-23,2022,11,Nov,4,Autumn,1,19.7,0.2,0.44,10933.0,1678.0,12610.0,Medium,-0.5000000000000004,0.8660254037844384,177.5,0,0,0,78.6
Monument,Mehtab Bagh,Garden,Agra,Uttar Pradesh,Metro,27.1767,78.0081,Delhi,2022-23,2022,12,Dec,4,Winter,1,14.7,0.6,0.44,12030.0,1846.0,13876.0,Medium,-2.4492935982947064e-16,1.0,177.5,1,1,2,78.6
Monument,Mehtab Bagh,Garden,Agra,Uttar Pradesh,Metro,27.1767,78.0081,Delhi,2022-23,2023,1,Jan,1,Winter,1,13.4,1.5,0.44,11211.0,1720.0,12931.0,Medium,0.49999999999999994,0.8660254037844387,177.5,2,1,0,82.6
Monument,Mehtab Bagh,Garden,Agra,Uttar Pradesh,Metro,27.1767,78.0081,Delhi,2022-23,2023,2,Feb,1,Winter,1,17.3,1.7,0.44,11725.0,1799.0,13524.0,Medium,0.8660254037844386,0.5000000000000001,177.5,0,0,0,82.6
Monument,Mehtab Bagh,Garden,Agra,Uttar Pradesh,Metro,27.1767,78.0081,Delhi,2022-23,2023,3,Mar,1,Summer,1,23.1,1.8,0.44,9679.0,1485.0,11165.0,Medium,1.0,6.123233995736766e-17,177.5,1,1,0,82.6
Monument,"Moovarkoil, Kodumbalur",Other Heritage Site,Thiruchirapalli,Tamil Nadu,Metro,10.7905,78.7047,Bangalore,2021-22,2021,4,Apr,2,Summer,0,27.4,4.6,0.05,55.0,0.0,55.0,Low,0.8660254037844387,-0.4999999999999998,183.3,0,0,1,74.3
Monument,"Moovarkoil, Kodumbalur",Other Heritage Site,Thiruchirapalli,Tamil Nadu,Metro,10.7905,78.7047,Bangalore,2021-22,2021,5,May,2,Summer,0,26.4,5.8,0.05,52.0,0.0,52.0,Low,0.49999999999999994,-0.8660254037844387,183.3,0,0,3,74.3
Monument,"Moovarkoil, Kodumbalur",Other Heritage Site,Thiruchirapalli,Tamil Nadu,Metro,10.7905,78.7047,Bangalore,2021-22,2021,6,Jun,2,Summer,0,24.3,4.2,0.05,56.0,0.0,56.0,Low,1.2246467991473532e-16,-1.0,183.3,0,0,2,74.3
Monument,"Moovarkoil, Kodumbalur",Other Heritage Site,Thiruchirapalli,Tamil Nadu,Metro,10.7905,78.7047,Bangalore,2021-22,2021,7,Jul,3,Monsoon,0,23.3,4.8,0.05,68.0,0.0,68.0,Low,-0.4999999999999997,-0.8660254037844388,183.3,0,0,0,74.3
Monument,"Moovarkoil, Kodumbalur",Other Heritage Site,Thiruchirapalli,Tamil Nadu,Metro,10.7905,78.7047,Bangalore,2021-22,2021,8,Aug,3,Monsoon,0,23.1,5.7,0.05,56.0,0.0,56.0,Low,-0.8660254037844385,-0.5000000000000004,183.3,3,1,0,74.3
Monument,"Moovarkoil, Kodumbalur",Other Heritage Site,Thiruchirapalli,Tamil Nadu,Metro,10.7905,78.7047,Bangalore,2021-22,2021,9,Sep,3,Monsoon,0,23.6,8.0,0.05,57.0,0.0,57.0,Low,-1.0,-1.8369701987210297e-16,183.3,1,1,0,74.3
Monument,"Moovarkoil, Kodumbalur",Other Heritage Site,Thiruchirapalli,Tamil Nadu,Metro,10.7905,78.7047,Bangalore,2021-22,2021,10,Oct,4,Autumn,1,23.2,8.0,0.05,71.0,0.0,71.0,Low,-0.8660254037844386,0.5000000000000001,183.3,1,1,1,74.3
Monument,"Moovarkoil, Kodumbalur",Other Heritage Site,Thiruchirapalli,Tamil Nadu,Metro,10.7905,78.7047,Bangalore,2021-22,2021,11,Nov,4,Autumn,1,22.1,3.7,0.05,81.0,0.0,81.0,Low,-0.5000000000000004,0.8660254037844384,183.3,1,1,0,74.3
Monument,"Moovarkoil, Kodumbalur",Other Heritage Site,Thiruchirapalli,Tamil Nadu,Metro,10.7905,78.7047,Bangalore,2021-22,2021,12,Dec,4,Winter,1,21.0,1.2,0.05,90.0,0.0,90.0,Low,-2.4492935982947064e-16,1.0,183.3,1,1,2,74.3
Monument,"Moovarkoil, Kodumbalur",Other Heritage Site,Thiruchirapalli,Tamil Nadu,Metro,10.7905,78.7047,Bangalore,2021-22,2022,1,Jan,1,Winter,1,21.5,0.1,0.05,84.0,0.0,84.0,Low,0.49999999999999994,0.8660254037844387,183.3,2,1,0,78.6
Monument,"Moovarkoil, Kodumbalur",Other Heritage Site,Thiruchirapalli,Tamil Nadu,Metro,10.7905,78.7047,Bangalore,2021-22,2022,2,Feb,1,Winter,1,23.7,0.4,0.05,87.0,0.0,87.0,Low,0.8660254037844386,0.5000000000000001,183.3,0,0,0,78.6
Monument,"Moovarkoil, Kodumbalur",Other Heritage Site,Thiruchirapalli,Tamil Nadu,Metro,10.7905,78.7047,Bangalore,2021-22,2022,3,Mar,1,Summer,1,26.4,1.2,0.05,72.0,0.0,72.0,Low,1.0,6.123233995736766e-17,183.3,1,1,0,78.6
Monument,"Moovarkoil, Kodumbalur",Other Heritage Site,Thiruchirapalli,Tamil Nadu,Metro,10.7905,78.7047,Bangalore,2022-23,2022,4,Apr,2,Summer,0,27.4,4.6,0.05,124.0,0.0,124.0,Low,0.8660254037844387,-0.4999999999999998,183.3,0,0,1,78.6
Monument,"Moovarkoil, Kodumbalur",Other Heritage Site,Thiruchirapalli,Tamil Nadu,Metro,10.7905,78.7047,Bangalore,2022-23,2022,5,May,2,Summer,0,26.4,5.8,0.05,118.0,0.0,118.0,Low,0.49999999999999994,-0.8660254037844387,183.3,0,0,3,78.6
Monument,"Moovarkoil, Kodumbalur",Other Heritage Site,Thiruchirapalli,Tamil Nadu,Metro,10.7905,78.7047,Bangalore,2022-23,2022,6,Jun,2,Summer,0,24.3,4.2,0.05,128.0,0.0,128.0,Low,1.2246467991473532e-16,-1.0,183.3,0,0,2,78.6
Monument,"Moovarkoil, Kodumbalur",Other Heritage Site,Thiruchirapalli,Tamil Nadu,Metro,10.7905,78.7047,Bangalore,2022-23,2022,7,Jul,3,Monsoon,0,23.3,4.8,0.05,153.0,0.0,153.0,Low,-0.4999999999999997,-0.8660254037844388,183.3,0,0,0,78.6
Monument,"Moovarkoil, Kodumbalur",Other Heritage Site,Thiruchirapalli,Tamil Nadu,Metro,10.7905,78.7047,Bangalore,2022-23,2022,8,Aug,3,Monsoon,0,23.1,5.7,0.05,126.0,0.0,126.0,Low,-0.8660254037844385,-0.5000000000000004,183.3,3,1,0,78.6
Monument,"Moovarkoil, Kodumbalur",Other Heritage Site,Thiruchirapalli,Tamil Nadu,Metro,10.7905,78.7047,Bangalore,2022-23,2022,9,Sep,3,Monsoon,0,23.6,8.0,0.05,130.0,0.0,130.0,Low,-1.0,-1.8369701987210297e-16,183.3,1,1,0,78.6
Monument,"Moovarkoil, Kodumbalur",Other Heritage Site,Thiruchirapalli,Tamil Nadu,Metro,10.7905,78.7047,Bangalore,2022-23,2022,10,Oct,4,Autumn,1,23.2,8.0,0.05,161.0,0.0,161.0,Low,-0.8660254037844386,0.5000000000000001,183.3,2,1,1,78.6
Monument,"Moovarkoil, Kodumbalur",Other Heritage Site,Thiruchirapalli,Tamil Nadu,Metro,10.7905,78.7047,Bangalore,2022-23,2022,11,Nov,4,Autumn,1,22.1,3.7,0.05,184.0,0.0,184.0,Low,-0.5000000000000004,0.8660254037844384,183.3,0,0,0,78.6
Monument,"Moovarkoil, Kodumbalur",Other Heritage Site,Thiruchirapalli,Tamil Nadu,Metro,10.7905,78.7047,Bangalore,2022-23,2022,12,Dec,4,Winter,1,21.0,1.2,0.05,203.0,0.0,203.0,Low,-2.4492935982947064e-16,1.0,183.3,1,1,2,78.6
Monument,"Moovarkoil, Kodumbalur",Other Heritage Site,Thiruchirapalli,Tamil Nadu,Metro,10.7905,78.7047,Bangalore,2022-23,2023,1,Jan,1,Winter,1,21.5,0.1,0.05,189.0,0.0,189.0,Low,0.49999999999999994,0.8660254037844387,183.3,2,1,0,82.6
Monument,"Moovarkoil, Kodumbalur",Other Heritage Site,Thiruchirapalli,Tamil Nadu,Metro,10.7905,78.7047,Bangalore,2022-23,2023,2,Feb,1,Winter,1,23.7,0.4,0.05,197.0,0.0,198.0,Low,0.8660254037844386,0.5000000000000001,183.3,0,0,0,82.6
Monument,"Moovarkoil, Kodumbalur",Other Heritage Site,Thiruchirapalli,Tamil Nadu,Metro,10.7905,78.7047,Bangalore,2022-23,2023,3,Mar,1,Summer,1,26.4,1.2,0.05,163.0,0.0,163.0,Low,1.0,6.123233995736766e-17,183.3,1,1,0,82.6
Monument,Nagarjuna Kunda,Other Heritage Site,Amaravati,Andhra Pradesh,Metro,16.573,80.3572,Chennai,2021-22,2021,4,Apr,2,Summer,0,30.3,1.4,0.227,172.0,0.0,172.0,Low,0.8660254037844387,-0.4999999999999998,218.1,0,0,1,74.3
Monument,Nagarjuna Kunda,Other Heritage Site,Amaravati,Andhra Pradesh,Metro,16.573,80.3572,Chennai,2021-22,2021,5,May,2,Summer,0,31.7,3.2,0.227,164.0,0.0,164.0,Low,0.49999999999999994,-0.8660254037844387,218.1,0,0,3,74.3
Monument,Nagarjuna Kunda,Other Heritage Site,Amaravati,Andhra Pradesh,Metro,16.573,80.3572,Chennai,2021-22,2021,6,Jun,2,Summer,0,31.4,3.6,0.227,178.0,0.0,178.0,Low,1.2246467991473532e-16,-1.0,218.1,0,0,2,74.3
Monument,Nagarjuna Kunda,Other Heritage Site,Amaravati,Andhra Pradesh,Metro,16.573,80.3572,Chennai,2021-22,2021,7,Jul,3,Monsoon,0,30.3,5.0,0.227,213.0,0.0,213.0,Low,-0.4999999999999997,-0.8660254037844388,218.1,0,0,0,74.3
Monument,Nagarjuna Kunda,Other Heritage Site,Amaravati,Andhra Pradesh,Metro,16.573,80.3572,Chennai,2021-22,2021,8,Aug,3,Monsoon,0,29.6,6.0,0.227,175.0,0.0,175.0,Low,-0.8660254037844385,-0.5000000000000004,218.1,3,1,0,74.3
Monument,Nagarjuna Kunda,Other Heritage Site,Amaravati,Andhra Pradesh,Metro,16.573,80.3572,Chennai,2021-22,2021,9,Sep,3,Monsoon,0,29.2,6.0,0.227,181.0,0.0,181.0,Low,-1.0,-1.8369701987210297e-16,218.1,1,1,0,74.3
Monument,Nagarjuna Kunda,Other Heritage Site,Amaravati,Andhra Pradesh,Metro,16.573,80.3572,Chennai,2021-22,2021,10,Oct,4,Autumn,1,27.9,13.3,0.227,224.0,0.0,224.0,Low,-0.8660254037844386,0.5000000000000001,218.1,1,1,1,74.3
Monument,Nagarjuna Kunda,Other Heritage Site,Amaravati,Andhra Pradesh,Metro,16.573,80.3572,Chennai,2021-22,2021,11,Nov,4,Autumn,1,26.3,16.4,0.227,256.0,0.0,256.0,Low,-0.5000000000000004,0.8660254037844384,218.1,1,1,0,74.3
Monument,Nagarjuna Kunda,Other Heritage Site,Amaravati,Andhra Pradesh,Metro,16.573,80.3572,Chennai,2021-22,2021,12,Dec,4,Winter,1,25.3,8.7,0.227,282.0,0.0,282.0,Low,-2.4492935982947064e-16,1.0,218.1,1,1,2,74.3
Monument,Nagarjuna Kunda,Other Heritage Site,Amaravati,Andhra Pradesh,Metro,16.573,80.3572,Chennai,2021-22,2022,1,Jan,1,Winter,1,25.0,1.3,0.227,263.0,0.0,263.0,Low,0.49999999999999994,0.8660254037844387,218.1,2,1,0,78.6
Monument,Nagarjuna Kunda,Other Heritage Site,Amaravati,Andhra Pradesh,Metro,16.573,80.3572,Chennai,2021-22,2022,2,Feb,1,Winter,1,26.2,0.9,0.227,275.0,0.0,275.0,Low,0.8660254037844386,0.5000000000000001,218.1,0,0,0,78.6
Monument,Nagarjuna Kunda,Other Heritage Site,Amaravati,Andhra Pradesh,Metro,16.573,80.3572,Chennai,2021-22,2022,3,Mar,1,Summer,1,28.3,0.9,0.227,227.0,0.0,227.0,Low,1.0,6.123233995736766e-17,218.1,1,1,0,78.6
Monument,Nagarjuna Kunda,Other Heritage Site,Amaravati,Andhra Pradesh,Metro,16.573,80.3572,Chennai,2022-23,2022,4,Apr,2,Summer,0,30.3,1.4,0.227,4257.0,25.0,4282.0,Medium,0.8660254037844387,-0.4999999999999998,218.1,0,0,1,78.6
Monument,Nagarjuna Kunda,Other Heritage Site,Amaravati,Andhra Pradesh,Metro,16.573,80.3572,Chennai,2022-23,2022,5,May,2,Summer,0,31.7,3.2,0.227,4068.0,24.0,4092.0,Low,0.49999999999999994,-0.8660254037844387,218.1,0,0,3,78.6
Monument,Nagarjuna Kunda,Other Heritage Site,Amaravati,Andhra Pradesh,Metro,16.573,80.3572,Chennai,2022-23,2022,6,Jun,2,Summer,0,31.4,3.6,0.227,4397.0,26.0,4423.0,Medium,1.2246467991473532e-16,-1.0,218.1,0,0,2,78.6
Monument,Nagarjuna Kunda,Other Heritage Site,Amaravati,Andhra Pradesh,Metro,16.573,80.3572,Chennai,2022-23,2022,7,Jul,3,Monsoon,0,30.3,5.0,0.227,5267.0,31.0,5298.0,Medium,-0.4999999999999997,-0.8660254037844388,218.1,0,0,0,78.6
Monument,Nagarjuna Kunda,Other Heritage Site,Amaravati,Andhra Pradesh,Metro,16.573,80.3572,Chennai,2022-23,2022,8,Aug,3,Monsoon,0,29.6,6.0,0.227,4341.0,25.0,4367.0,Medium,-0.8660254037844385,-0.5000000000000004,218.1,3,1,0,78.6
Monument,Nagarjuna Kunda,Other Heritage Site,Amaravati,Andhra Pradesh,Metro,16.573,80.3572,Chennai,2022-23,2022,9,Sep,3,Monsoon,0,29.2,6.0,0.227,4471.0,26.0,4497.0,Medium,-1.0,-1.8369701987210297e-16,218.1,1,1,0,78.6
Monument,Nagarjuna Kunda,Other Heritage Site,Amaravati,Andhra Pradesh,Metro,16.573,80.3572,Chennai,2022-23,2022,10,Oct,4,Autumn,1,27.9,13.3,0.227,5536.0,32.0,5569.0,Medium,-0.8660254037844386,0.5000000000000001,218.1,2,1,1,78.6
Monument,Nagarjuna Kunda,Other Heritage Site,Amaravati,Andhra Pradesh,Metro,16.573,80.3572,Chennai,2022-23,2022,11,Nov,4,Autumn,1,26.3,16.4,0.227,6344.0,37.0,6382.0,Medium,-0.5000000000000004,0.8660254037844384,218.1,0,0,0,78.6
Monument,Nagarjuna Kunda,Other Heritage Site,Amaravati,Andhra Pradesh,Metro,16.573,80.3572,Chennai,2022-23,2022,12,Dec,4,Winter,1,25.3,8.7,0.227,6981.0,41.0,7022.0,Medium,-2.4492935982947064e-16,1.0,218.1,1,1,2,78.6
Monument,Nagarjuna Kunda,Other Heritage Site,Amaravati,Andhra Pradesh,Metro,16.573,80.3572,Chennai,2022-23,2023,1,Jan,1,Winter,1,25.0,1.3,0.227,6506.0,38.0,6544.0,Medium,0.49999999999999994,0.8660254037844387,218.1,2,1,0,82.6
Monument,Nagarjuna Kunda,Other Heritage Site,Amaravati,Andhra Pradesh,Metro,16.573,80.3572,Chennai,2022-23,2023,2,Feb,1,Winter,1,26.2,0.9,0.227,6804.0,40.0,6844.0,Medium,0.8660254037844386,0.5000000000000001,218.1,0,0,0,82.6
Monument,Nagarjuna Kunda,Other Heritage Site,Amaravati,Andhra Pradesh,Metro,16.573,80.3572,Chennai,2022-23,2023,3,Mar,1,Summer,1,28.3,0.9,0.227,5617.0,33.0,5650.0,Medium,1.0,6.123233995736766e-17,218.1,1,1,0,82.6
Monument,"Natural Caven with inscription eladipattam, Sittannavasal",Caves,Thiruchirapalli,Tamil Nadu,Metro,10.7905,78.7047,Bangalore,2021-22,2021,4,Apr,2,Summer,0,27.4,4.6,0.163,1503.0,2.0,1505.0,Low,0.8660254037844387,-0.4999999999999998,183.3,0,0,1,74.3
Monument,"Natural Caven with inscription eladipattam, Sittannavasal",Caves,Thiruchirapalli,Tamil Nadu,Metro,10.7905,78.7047,Bangalore,2021-22,2021,5,May,2,Summer,0,26.4,5.8,0.163,1436.0,2.0,1438.0,Low,0.49999999999999994,-0.8660254037844387,183.3,0,0,3,74.3
Monument,"Natural Caven with inscription eladipattam, Sittannavasal",Caves,Thiruchirapalli,Tamil Nadu,Metro,10.7905,78.7047,Bangalore,2021-22,2021,6,Jun,2,Summer,0,24.3,4.2,0.163,1552.0,2.0,1554.0,Low,1.2246467991473532e-16,-1.0,183.3,0,0,2,74.3
Monument,"Natural Caven with inscription eladipattam, Sittannavasal",Caves,Thiruchirapalli,Tamil Nadu,Metro,10.7905,78.7047,Bangalore,2021-22,2021,7,Jul,3,Monsoon,0,23.3,4.8,0.163,1859.0,3.0,1862.0,Low,-0.4999999999999997,-0.8660254037844388,183.3,0,0,0,74.3
Monument,"Natural Caven with inscription eladipattam, Sittannavasal",Caves,Thiruchirapalli,Tamil Nadu,Metro,10.7905,78.7047,Bangalore,2021-22,2021,8,Aug,3,Monsoon,0,23.1,5.7,0.163,1532.0,2.0,1535.0,Low,-0.8660254037844385,-0.5000000000000004,183.3,3,1,0,74.3
Monument,"Natural Caven with inscription eladipattam, Sittannavasal",Caves,Thiruchirapalli,Tamil Nadu,Metro,10.7905,78.7047,Bangalore,2021-22,2021,9,Sep,3,Monsoon,0,23.6,8.0,0.163,1578.0,2.0,1581.0,Low,-1.0,-1.8369701987210297e-16,183.3,1,1,0,74.3
Monument,"Natural Caven with inscription eladipattam, Sittannavasal",Caves,Thiruchirapalli,Tamil Nadu,Metro,10.7905,78.7047,Bangalore,2021-22,2021,10,Oct,4,Autumn,1,23.2,8.0,0.163,1954.0,3.0,1957.0,Low,-0.8660254037844386,0.5000000000000001,183.3,1,1,1,74.3
Monument,"Natural Caven with inscription eladipattam, Sittannavasal",Caves,Thiruchirapalli,Tamil Nadu,Metro,10.7905,78.7047,Bangalore,2021-22,2021,11,Nov,4,Autumn,1,22.1,3.7,0.163,2240.0,3.0,2243.0,Low,-0.5000000000000004,0.8660254037844384,183.3,1,1,0,74.3
Monument,"Natural Caven with inscription eladipattam, Sittannavasal",Caves,Thiruchirapalli,Tamil Nadu,Metro,10.7905,78.7047,Bangalore,2021-22,2021,12,Dec,4,Winter,1,21.0,1.2,0.163,2464.0,4.0,2468.0,Low,-2.4492935982947064e-16,1.0,183.3,1,1,2,74.3
Monument,"Natural Caven with inscription eladipattam, Sittannavasal",Caves,Thiruchirapalli,Tamil Nadu,Metro,10.7905,78.7047,Bangalore,2021-22,2022,1,Jan,1,Winter,1,21.5,0.1,0.163,2297.0,3.0,2300.0,Low,0.49999999999999994,0.8660254037844387,183.3,2,1,0,78.6
Monument,"Natural Caven with inscription eladipattam, Sittannavasal",Caves,Thiruchirapalli,Tamil Nadu,Metro,10.7905,78.7047,Bangalore,2021-22,2022,2,Feb,1,Winter,1,23.7,0.4,0.163,2402.0,3.0,2405.0,Low,0.8660254037844386,0.5000000000000001,183.3,0,0,0,78.6
Monument,"Natural Caven with inscription eladipattam, Sittannavasal",Caves,Thiruchirapalli,Tamil Nadu,Metro,10.7905,78.7047,Bangalore,2021-22,2022,3,Mar,1,Summer,1,26.4,1.2,0.163,1983.0,3.0,1986.0,Low,1.0,6.123233995736766e-17,183.3,1,1,0,78.6
Monument,"Natural Caven with inscription eladipattam, Sittannavasal",Caves,Thiruchirapalli,Tamil Nadu,Metro,10.7905,78.7047,Bangalore,2022-23,2022,4,Apr,2,Summer,0,27.4,4.6,0.163,1299.0,3.0,1302.0,Low,0.8660254037844387,-0.4999999999999998,183.3,0,0,1,78.6
Monument,"Natural Caven with inscription eladipattam, Sittannavasal",Caves,Thiruchirapalli,Tamil Nadu,Metro,10.7905,78.7047,Bangalore,2022-23,2022,5,May,2,Summer,0,26.4,5.8,0.163,1241.0,3.0,1244.0,Low,0.49999999999999994,-0.8660254037844387,183.3,0,0,3,78.6
Monument,"Natural Caven with inscription eladipattam, Sittannavasal",Caves,Thiruchirapalli,Tamil Nadu,Metro,10.7905,78.7047,Bangalore,2022-23,2022,6,Jun,2,Summer,0,24.3,4.2,0.163,1342.0,3.0,1345.0,Low,1.2246467991473532e-16,-1.0,183.3,0,0,2,78.6
Monument,"Natural Caven with inscription eladipattam, Sittannavasal",Caves,Thiruchirapalli,Tamil Nadu,Metro,10.7905,78.7047,Bangalore,2022-23,2022,7,Jul,3,Monsoon,0,23.3,4.8,0.163,1607.0,4.0,1611.0,Low,-0.4999999999999997,-0.8660254037844388,183.3,0,0,0,78.6
Monument,"Natural Caven with inscription eladipattam, Sittannavasal",Caves,Thiruchirapalli,Tamil Nadu,Metro,10.7905,78.7047,Bangalore,2022-23,2022,8,Aug,3,Monsoon,0,23.1,5.7,0.163,1324.0,3.0,1328.0,Low,-0.8660254037844385,-0.5000000000000004,183.3,3,1,0,78.6
Monument,"Natural Caven with inscription eladipattam, Sittannavasal",Caves,Thiruchirapalli,Tamil Nadu,Metro,10.7905,78.7047,Bangalore,2022-23,2022,9,Sep,3,Monsoon,0,23.6,8.0,0.163,1364.0,4.0,1368.0,Low,-1.0,-1.8369701987210297e-16,183.3,1,1,0,78.6
Monument,"Natural Caven with inscription eladipattam, Sittannavasal",Caves,Thiruchirapalli,Tamil Nadu,Metro,10.7905,78.7047,Bangalore,2022-23,2022,10,Oct,4,Autumn,1,23.2,8.0,0.163,1689.0,4.0,1693.0,Low,-0.8660254037844386,0.5000000000000001,183.3,2,1,1,78.6
Monument,"Natural Caven with inscription eladipattam, Sittannavasal",Caves,Thiruchirapalli,Tamil Nadu,Metro,10.7905,78.7047,Bangalore,2022-23,2022,11,Nov,4,Autumn,1,22.1,3.7,0.163,1936.0,5.0,1941.0,Low,-0.5000000000000004,0.8660254037844384,183.3,0,0,0,78.6
Monument,"Natural Caven with inscription eladipattam, Sittannavasal",Caves,Thiruchirapalli,Tamil Nadu,Metro,10.7905,78.7047,Bangalore,2022-23,2022,12,Dec,4,Winter,1,21.0,1.2,0.163,2130.0,6.0,2135.0,Low,-2.4492935982947064e-16,1.0,183.3,1,1,2,78.6
Monument,"Natural Caven with inscription eladipattam, Sittannavasal",Caves,Thiruchirapalli,Tamil Nadu,Metro,10.7905,78.7047,Bangalore,2022-23,2023,1,Jan,1,Winter,1,21.5,0.1,0.163,1985.0,5.0,1990.0,Low,0.49999999999999994,0.8660254037844387,183.3,2,1,0,82.6
Monument,"Natural Caven with inscription eladipattam, Sittannavasal",Caves,Thiruchirapalli,Tamil Nadu,Metro,10.7905,78.7047,Bangalore,2022-23,2023,2,Feb,1,Winter,1,23.7,0.4,0.163,2076.0,5.0,2081.0,Low,0.8660254037844386,0.5000000000000001,183.3,0,0,0,82.6
Monument,"Natural Caven with inscription eladipattam, Sittannavasal",Caves,Thiruchirapalli,Tamil Nadu,Metro,10.7905,78.7047,Bangalore,2022-23,2023,3,Mar,1,Summer,1,26.4,1.2,0.163,1714.0,4.0,1718.0,Low,1.0,6.123233995736766e-17,183.3,1,1,0,82.6
Monument,Observatory of Man Singh,Observatory,Sarnath,Uttar Pradesh,Tier-2,25.3176,82.9739,Lucknow,2021-22,2021,4,Apr,2,Summer,0,30.0,0.4,0.291,2390.0,2.0,2392.0,Low,0.8660254037844387,-0.4999999999999998,18.9,0,0,1,74.3
Monument,Observatory of Man Singh,Observatory,Sarnath,Uttar Pradesh,Tier-2,25.3176,82.9739,Lucknow,2021-22,2021,5,May,2,Summer,0,32.6,3.1,0.291,2284.0,2.0,2286.0,Low,0.49999999999999994,-0.8660254037844387,18.9,0,0,3,74.3
Monument,Observatory of Man Singh,Observatory,Sarnath,Uttar Pradesh,Tier-2,25.3176,82.9739,Lucknow,2021-22,2021,6,Jun,2,Summer,0,32.6,4.8,0.291,2469.0,2.0,2471.0,Low,1.2246467991473532e-16,-1.0,18.9,0,0,2,74.3
Monument,Observatory of Man Singh,Observatory,Sarnath,Uttar Pradesh,Tier-2,25.3176,82.9739,Lucknow,2021-22,2021,7,Jul,3,Monsoon,0,30.1,9.7,0.291,2957.0,2.0,2959.0,Low,-0.4999999999999997,-0.8660254037844388,18.9,0,0,0,74.3
Monument,Observatory of Man Singh,Observatory,Sarnath,Uttar Pradesh,Tier-2,25.3176,82.9739,Lucknow,2021-22,2021,8,Aug,3,Monsoon,0,29.5,9.7,0.291,2438.0,2.0,2439.0,Low,-0.8660254037844385,-0.5000000000000004,18.9,3,1,0,74.3
Monument,Observatory of Man Singh,Observatory,Sarnath,Uttar Pradesh,Tier-2,25.3176,82.9739,Lucknow,2021-22,2021,9,Sep,3,Monsoon,0,28.8,9.7,0.291,2511.0,2.0,2512.0,Low,-1.0,-1.8369701987210297e-16,18.9,1,1,0,74.3
Monument,Observatory of Man Singh,Observatory,Sarnath,Uttar Pradesh,Tier-2,25.3176,82.9739,Lucknow,2021-22,2021,10,Oct,4,Autumn,1,26.0,1.7,0.291,3109.0,2.0,3111.0,Low,-0.8660254037844386,0.5000000000000001,18.9,1,1,1,74.3
Monument,Observatory of Man Singh,Observatory,Sarnath,Uttar Pradesh,Tier-2,25.3176,82.9739,Lucknow,2021-22,2021,11,Nov,4,Autumn,1,20.7,0.4,0.291,3562.0,3.0,3565.0,Low,-0.5000000000000004,0.8660254037844384,18.9,1,1,0,74.3
Monument,Observatory of Man Singh,Observatory,Sarnath,Uttar Pradesh,Tier-2,25.3176,82.9739,Lucknow,2021-22,2021,12,Dec,4,Winter,1,15.8,0.9,0.291,3920.0,3.0,3923.0,Low,-2.4492935982947064e-16,1.0,18.9,1,1,2,74.3
Monument,Observatory of Man Singh,Observatory,Sarnath,Uttar Pradesh,Tier-2,25.3176,82.9739,Lucknow,2021-22,2022,1,Jan,1,Winter,1,14.1,1.4,0.291,3653.0,3.0,3656.0,Low,0.49999999999999994,0.8660254037844387,18.9,2,1,0,78.6
Monument,Observatory of Man Singh,Observatory,Sarnath,Uttar Pradesh,Tier-2,25.3176,82.9739,Lucknow,2021-22,2022,2,Feb,1,Winter,1,18.4,1.5,0.291,3820.0,3.0,3823.0,Low,0.8660254037844386,0.5000000000000001,18.9,0,0,0,78.6
Monument,Observatory of Man Singh,Observatory,Sarnath,Uttar Pradesh,Tier-2,25.3176,82.9739,Lucknow,2021-22,2022,3,Mar,1,Summer,1,23.9,0.8,0.291,3154.0,2.0,3156.0,Low,1.0,6.123233995736766e-17,18.9,1,1,0,78.6
Monument,Observatory of Man Singh,Observatory,Sarnath,Uttar Pradesh,Tier-2,25.3176,82.9739,Lucknow,2022-23,2022,4,Apr,2,Summer,0,30.0,0.4,0.291,4056.0,34.0,4090.0,Low,0.8660254037844387,-0.4999999999999998,18.9,0,0,1,78.6
Monument,Observatory of Man Singh,Observatory,Sarnath,Uttar Pradesh,Tier-2,25.3176,82.9739,Lucknow,2022-23,2022,5,May,2,Summer,0,32.6,3.1,0.291,3876.0,32.0,3908.0,Low,0.49999999999999994,-0.8660254037844387,18.9,0,0,3,78.6
Monument,Observatory of Man Singh,Observatory,Sarnath,Uttar Pradesh,Tier-2,25.3176,82.9739,Lucknow,2022-23,2022,6,Jun,2,Summer,0,32.6,4.8,0.291,4190.0,35.0,4225.0,Medium,1.2246467991473532e-16,-1.0,18.9,0,0,2,78.6
Monument,Observatory of Man Singh,Observatory,Sarnath,Uttar Pradesh,Tier-2,25.3176,82.9739,Lucknow,2022-23,2022,7,Jul,3,Monsoon,0,30.1,9.7,0.291,5018.0,42.0,5060.0,Medium,-0.4999999999999997,-0.8660254037844388,18.9,0,0,0,78.6
Monument,Observatory of Man Singh,Observatory,Sarnath,Uttar Pradesh,Tier-2,25.3176,82.9739,Lucknow,2022-23,2022,8,Aug,3,Monsoon,0,29.5,9.7,0.291,4136.0,34.0,4171.0,Medium,-0.8660254037844385,-0.5000000000000004,18.9,3,1,0,78.6
Monument,Observatory of Man Singh,Observatory,Sarnath,Uttar Pradesh,Tier-2,25.3176,82.9739,Lucknow,2022-23,2022,9,Sep,3,Monsoon,0,28.8,9.7,0.291,4260.0,35.0,4296.0,Medium,-1.0,-1.8369701987210297e-16,18.9,1,1,0,78.6
Monument,Observatory of Man Singh,Observatory,Sarnath,Uttar Pradesh,Tier-2,25.3176,82.9739,Lucknow,2022-23,2022,10,Oct,4,Autumn,1,26.0,1.7,0.291,5275.0,44.0,5319.0,Medium,-0.8660254037844386,0.5000000000000001,18.9,2,1,1,78.6
Monument,Observatory of Man Singh,Observatory,Sarnath,Uttar Pradesh,Tier-2,25.3176,82.9739,Lucknow,2022-23,2022,11,Nov,4,Autumn,1,20.7,0.4,0.291,6045.0,50.0,6095.0,Medium,-0.5000000000000004,0.8660254037844384,18.9,0,0,0,78.6
Monument,Observatory of Man Singh,Observatory,Sarnath,Uttar Pradesh,Tier-2,25.3176,82.9739,Lucknow,2022-23,2022,12,Dec,4,Winter,1,15.8,0.9,0.291,6652.0,55.0,6707.0,Medium,-2.4492935982947064e-16,1.0,18.9,1,1,2,78.6
Monument,Observatory of Man Singh,Observatory,Sarnath,Uttar Pradesh,Tier-2,25.3176,82.9739,Lucknow,2022-23,2023,1,Jan,1,Winter,1,14.1,1.4,0.291,6199.0,51.0,6250.0,Medium,0.49999999999999994,0.8660254037844387,18.9,2,1,0,82.6
Monument,Observatory of Man Singh,Observatory,Sarnath,Uttar Pradesh,Tier-2,25.3176,82.9739,Lucknow,2022-23,2023,2,Feb,1,Winter,1,18.4,1.5,0.291,6483.0,54.0,6537.0,Medium,0.8660254037844386,0.5000000000000001,18.9,0,0,0,82.6
Monument,Observatory of Man Singh,Observatory,Sarnath,Uttar Pradesh,Tier-2,25.3176,82.9739,Lucknow,2022-23,2023,3,Mar,1,Summer,1,23.9,0.8,0.291,5352.0,44.0,5396.0,Medium,1.0,6.123233995736766e-17,18.9,1,1,0,82.6
Monument,"Old Fort (Shahi Fort), Jaunpur",Fort,Sarnath,Uttar Pradesh,Tier-2,25.3176,82.9739,Lucknow,2021-22,2021,4,Apr,2,Summer,0,30.0,0.4,0.504,8130.0,13.0,8143.0,Medium,0.8660254037844387,-0.4999999999999998,18.9,0,0,1,74.3
Monument,"Old Fort (Shahi Fort), Jaunpur",Fort,Sarnath,Uttar Pradesh,Tier-2,25.3176,82.9739,Lucknow,2021-22,2021,5,May,2,Summer,0,32.6,3.1,0.504,7769.0,13.0,7781.0,Medium,0.49999999999999994,-0.8660254037844387,18.9,0,0,3,74.3
Monument,"Old Fort (Shahi Fort), Jaunpur",Fort,Sarnath,Uttar Pradesh,Tier-2,25.3176,82.9739,Lucknow,2021-22,2021,6,Jun,2,Summer,0,32.6,4.8,0.504,8397.0,14.0,8411.0,Medium,1.2246467991473532e-16,-1.0,18.9,0,0,2,74.3
Monument,"Old Fort (Shahi Fort), Jaunpur",Fort,Sarnath,Uttar Pradesh,Tier-2,25.3176,82.9739,Lucknow,2021-22,2021,7,Jul,3,Monsoon,0,30.1,9.7,0.504,10057.0,16.0,10074.0,Medium,-0.4999999999999997,-0.8660254037844388,18.9,0,0,0,74.3
Monument,"Old Fort (Shahi Fort), Jaunpur",Fort,Sarnath,Uttar Pradesh,Tier-2,25.3176,82.9739,Lucknow,2021-22,2021,8,Aug,3,Monsoon,0,29.5,9.7,0.504,8290.0,14.0,8304.0,Medium,-0.8660254037844385,-0.5000000000000004,18.9,3,1,0,74.3
Monument,"Old Fort (Shahi Fort), Jaunpur",Fort,Sarnath,Uttar Pradesh,Tier-2,25.3176,82.9739,Lucknow,2021-22,2021,9,Sep,3,Monsoon,0,28.8,9.7,0.504,8538.0,14.0,8552.0,Medium,-1.0,-1.8369701987210297e-16,18.9,1,1,0,74.3
Monument,"Old Fort (Shahi Fort), Jaunpur",Fort,Sarnath,Uttar Pradesh,Tier-2,25.3176,82.9739,Lucknow,2021-22,2021,10,Oct,4,Autumn,1,26.0,1.7,0.504,10572.0,17.0,10590.0,Medium,-0.8660254037844386,0.5000000000000001,18.9,1,1,1,74.3
Monument,"Old Fort (Shahi Fort), Jaunpur",Fort,Sarnath,Uttar Pradesh,Tier-2,25.3176,82.9739,Lucknow,2021-22,2021,11,Nov,4,Autumn,1,20.7,0.4,0.504,12115.0,20.0,12135.0,Medium,-0.5000000000000004,0.8660254037844384,18.9,1,1,0,74.3
Monument,"Old Fort (Shahi Fort), Jaunpur",Fort,Sarnath,Uttar Pradesh,Tier-2,25.3176,82.9739,Lucknow,2021-22,2021,12,Dec,4,Winter,1,15.8,0.9,0.504,13331.0,22.0,13353.0,Medium,-2.4492935982947064e-16,1.0,18.9,1,1,2,74.3
Monument,"Old Fort (Shahi Fort), Jaunpur",Fort,Sarnath,Uttar Pradesh,Tier-2,25.3176,82.9739,Lucknow,2021-22,2022,1,Jan,1,Winter,1,14.1,1.4,0.504,12424.0,20.0,12444.0,Medium,0.49999999999999994,0.8660254037844387,18.9,2,1,0,78.6
Monument,"Old Fort (Shahi Fort), Jaunpur",Fort,Sarnath,Uttar Pradesh,Tier-2,25.3176,82.9739,Lucknow,2021-22,2022,2,Feb,1,Winter,1,18.4,1.5,0.504,12993.0,21.0,13014.0,Medium,0.8660254037844386,0.5000000000000001,18.9,0,0,0,78.6
Monument,"Old Fort (Shahi Fort), Jaunpur",Fort,Sarnath,Uttar Pradesh,Tier-2,25.3176,82.9739,Lucknow,2021-22,2022,3,Mar,1,Summer,1,23.9,0.8,0.504,10727.0,17.0,10744.0,Medium,1.0,6.123233995736766e-17,18.9,1,1,0,78.6
Monument,"Old Fort (Shahi Fort), Jaunpur",Fort,Sarnath,Uttar Pradesh,Tier-2,25.3176,82.9739,Lucknow,2022-23,2022,4,Apr,2,Summer,0,30.0,0.4,0.504,11034.0,23.0,11057.0,Medium,0.8660254037844387,-0.4999999999999998,18.9,0,0,1,78.6
Monument,"Old Fort (Shahi Fort), Jaunpur",Fort,Sarnath,Uttar Pradesh,Tier-2,25.3176,82.9739,Lucknow,2022-23,2022,5,May,2,Summer,0,32.6,3.1,0.504,10544.0,22.0,10565.0,Medium,0.49999999999999994,-0.8660254037844387,18.9,0,0,3,78.6
Monument,"Old Fort (Shahi Fort), Jaunpur",Fort,Sarnath,Uttar Pradesh,Tier-2,25.3176,82.9739,Lucknow,2022-23,2022,6,Jun,2,Summer,0,32.6,4.8,0.504,11397.0,23.0,11421.0,Medium,1.2246467991473532e-16,-1.0,18.9,0,0,2,78.6
Monument,"Old Fort (Shahi Fort), Jaunpur",Fort,Sarnath,Uttar Pradesh,Tier-2,25.3176,82.9739,Lucknow,2022-23,2022,7,Jul,3,Monsoon,0,30.1,9.7,0.504,13650.0,28.0,13678.0,Medium,-0.4999999999999997,-0.8660254037844388,18.9,0,0,0,78.6
Monument,"Old Fort (Shahi Fort), Jaunpur",Fort,Sarnath,Uttar Pradesh,Tier-2,25.3176,82.9739,Lucknow,2022-23,2022,8,Aug,3,Monsoon,0,29.5,9.7,0.504,11252.0,23.0,11275.0,Medium,-0.8660254037844385,-0.5000000000000004,18.9,3,1,0,78.6
Monument,"Old Fort (Shahi Fort), Jaunpur",Fort,Sarnath,Uttar Pradesh,Tier-2,25.3176,82.9739,Lucknow,2022-23,2022,9,Sep,3,Monsoon,0,28.8,9.7,0.504,11589.0,24.0,11612.0,Medium,-1.0,-1.8369701987210297e-16,18.9,1,1,0,78.6
Monument,"Old Fort (Shahi Fort), Jaunpur",Fort,Sarnath,Uttar Pradesh,Tier-2,25.3176,82.9739,Lucknow,2022-23,2022,10,Oct,4,Autumn,1,26.0,1.7,0.504,14349.0,29.0,14379.0,Medium,-0.8660254037844386,0.5000000000000001,18.9,2,1,1,78.6
Monument,"Old Fort (Shahi Fort), Jaunpur",Fort,Sarnath,Uttar Pradesh,Tier-2,25.3176,82.9739,Lucknow,2022-23,2022,11,Nov,4,Autumn,1,20.7,0.4,0.504,16444.0,34.0,16477.0,Medium,-0.5000000000000004,0.8660254037844384,18.9,0,0,0,78.6
Monument,"Old Fort (Shahi Fort), Jaunpur",Fort,Sarnath,Uttar Pradesh,Tier-2,25.3176,82.9739,Lucknow,2022-23,2022,12,Dec,4,Winter,1,15.8,0.9,0.504,18094.0,37.0,18131.0,High,-2.4492935982947064e-16,1.0,18.9,1,1,2,78.6
Monument,"Old Fort (Shahi Fort), Jaunpur",Fort,Sarnath,Uttar Pradesh,Tier-2,25.3176,82.9739,Lucknow,2022-23,2023,1,Jan,1,Winter,1,14.1,1.4,0.504,16862.0,35.0,16897.0,High,0.49999999999999994,0.8660254037844387,18.9,2,1,0,82.6
Monument,"Old Fort (Shahi Fort), Jaunpur",Fort,Sarnath,Uttar Pradesh,Tier-2,25.3176,82.9739,Lucknow,2022-23,2023,2,Feb,1,Winter,1,18.4,1.5,0.504,17635.0,36.0,17671.0,High,0.8660254037844386,0.5000000000000001,18.9,0,0,0,82.6
Monument,"Old Fort (Shahi Fort), Jaunpur",Fort,Sarnath,Uttar Pradesh,Tier-2,25.3176,82.9739,Lucknow,2022-23,2023,3,Mar,1,Summer,1,23.9,0.8,0.504,14559.0,30.0,14589.0,Medium,1.0,6.123233995736766e-17,18.9,1,1,0,82.6
Monument,"Old Fort, Sholapur",Fort,Mumbai,Maharashtra,Metro,19.076,72.8777,Mumbai,2021-22,2021,4,Apr,2,Summer,0,29.1,0.3,0.156,379.0,0.0,380.0,Low,0.8660254037844387,-0.4999999999999998,2.0,0,0,1,74.3
Monument,"Old Fort, Sholapur",Fort,Mumbai,Maharashtra,Metro,19.076,72.8777,Mumbai,2021-22,2021,5,May,2,Summer,0,30.2,1.6,0.156,362.0,0.0,363.0,Low,0.49999999999999994,-0.8660254037844387,2.0,0,0,3,74.3
Monument,"Old Fort, Sholapur",Fort,Mumbai,Maharashtra,Metro,19.076,72.8777,Mumbai,2021-22,2021,6,Jun,2,Summer,0,29.2,19.8,0.156,392.0,0.0,392.0,Low,1.2246467991473532e-16,-1.0,2.0,0,0,2,74.3
Monument,"Old Fort, Sholapur",Fort,Mumbai,Maharashtra,Metro,19.076,72.8777,Mumbai,2021-22,2021,7,Jul,3,Monsoon,0,28.0,29.3,0.156,469.0,0.0,470.0,Low,-0.4999999999999997,-0.8660254037844388,2.0,0,0,0,74.3
Monument,"Old Fort, Sholapur",Fort,Mumbai,Maharashtra,Metro,19.076,72.8777,Mumbai,2021-22,2021,8,Aug,3,Monsoon,0,27.7,17.0,0.156,387.0,0.0,387.0,Low,-0.8660254037844385,-0.5000000000000004,2.0,3,1,0,74.3
Monument,"Old Fort, Sholapur",Fort,Mumbai,Maharashtra,Metro,19.076,72.8777,Mumbai,2021-22,2021,9,Sep,3,Monsoon,0,27.9,15.1,0.156,398.0,0.0,399.0,Low,-1.0,-1.8369701987210297e-16,2.0,1,1,0,74.3
Monument,"Old Fort, Sholapur",Fort,Mumbai,Maharashtra,Metro,19.076,72.8777,Mumbai,2021-22,2021,10,Oct,4,Autumn,1,28.9,4.7,0.156,493.0,0.0,494.0,Low,-0.8660254037844386,0.5000000000000001,2.0,1,1,1,74.3
Monument,"Old Fort, Sholapur",Fort,Mumbai,Maharashtra,Metro,19.076,72.8777,Mumbai,2021-22,2021,11,Nov,4,Autumn,1,28.2,0.8,0.156,565.0,0.0,566.0,Low,-0.5000000000000004,0.8660254037844384,2.0,1,1,0,74.3
Monument,"Old Fort, Sholapur",Fort,Mumbai,Maharashtra,Metro,19.076,72.8777,Mumbai,2021-22,2021,12,Dec,4,Winter,1,25.9,0.9,0.156,622.0,1.0,623.0,Low,-2.4492935982947064e-16,1.0,2.0,1,1,2,74.3
Monument,"Old Fort, Sholapur",Fort,Mumbai,Maharashtra,Metro,19.076,72.8777,Mumbai,2021-22,2022,1,Jan,1,Winter,1,24.6,0.1,0.156,580.0,1.0,580.0,Low,0.49999999999999994,0.8660254037844387,2.0,2,1,0,78.6
Monument,"Old Fort, Sholapur",Fort,Mumbai,Maharashtra,Metro,19.076,72.8777,Mumbai,2021-22,2022,2,Feb,1,Winter,1,25.7,0.0,0.156,606.0,1.0,607.0,Low,0.8660254037844386,0.5000000000000001,2.0,0,0,0,78.6
Monument,"Old Fort, Sholapur",Fort,Mumbai,Maharashtra,Metro,19.076,72.8777,Mumbai,2021-22,2022,3,Mar,1,Summer,1,27.8,0.3,0.156,500.0,0.0,501.0,Low,1.0,6.123233995736766e-17,2.0,1,1,0,78.6
Monument,"Old Fort, Sholapur",Fort,Mumbai,Maharashtra,Metro,19.076,72.8777,Mumbai,2022-23,2022,4,Apr,2,Summer,0,29.1,0.3,0.156,2339.0,2.0,2341.0,Low,0.8660254037844387,-0.4999999999999998,2.0,0,0,1,78.6
Monument,"Old Fort, Sholapur",Fort,Mumbai,Maharashtra,Metro,19.076,72.8777,Mumbai,2022-23,2022,5,May,2,Summer,0,30.2,1.6,0.156,2235.0,2.0,2237.0,Low,0.49999999999999994,-0.8660254037844387,2.0,0,0,3,78.6
Monument,"Old Fort, Sholapur",Fort,Mumbai,Maharashtra,Metro,19.076,72.8777,Mumbai,2022-23,2022,6,Jun,2,Summer,0,29.2,19.8,0.156,2416.0,2.0,2418.0,Low,1.2246467991473532e-16,-1.0,2.0,0,0,2,78.6
Monument,"Old Fort, Sholapur",Fort,Mumbai,Maharashtra,Metro,19.076,72.8777,Mumbai,2022-23,2022,7,Jul,3,Monsoon,0,28.0,29.3,0.156,2893.0,3.0,2896.0,Low,-0.4999999999999997,-0.8660254037844388,2.0,0,0,0,78.6
Monument,"Old Fort, Sholapur",Fort,Mumbai,Maharashtra,Metro,19.076,72.8777,Mumbai,2022-23,2022,8,Aug,3,Monsoon,0,27.7,17.0,0.156,2385.0,2.0,2387.0,Low,-0.8660254037844385,-0.5000000000000004,2.0,3,1,0,78.6
Monument,"Old Fort, Sholapur",Fort,Mumbai,Maharashtra,Metro,19.076,72.8777,Mumbai,2022-23,2022,9,Sep,3,Monsoon,0,27.9,15.1,0.156,2456.0,2.0,2459.0,Low,-1.0,-1.8369701987210297e-16,2.0,1,1,0,78.6
Monument,"Old Fort, Sholapur",Fort,Mumbai,Maharashtra,Metro,19.076,72.8777,Mumbai,2022-23,2022,10,Oct,4,Autumn,1,28.9,4.7,0.156,3042.0,3.0,3044.0,Low,-0.8660254037844386,0.5000000000000001,2.0,2,1,1,78.6
Monument,"Old Fort, Sholapur",Fort,Mumbai,Maharashtra,Metro,19.076,72.8777,Mumbai,2022-23,2022,11,Nov,4,Autumn,1,28.2,0.8,0.156,3486.0,3.0,3489.0,Low,-0.5000000000000004,0.8660254037844384,2.0,0,0,0,78.6
Monument,"Old Fort, Sholapur",Fort,Mumbai,Maharashtra,Metro,19.076,72.8777,Mumbai,2022-23,2022,12,Dec,4,Winter,1,25.9,0.9,0.156,3835.0,3.0,3839.0,Low,-2.4492935982947064e-16,1.0,2.0,1,1,2,78.6
Monument,"Old Fort, Sholapur",Fort,Mumbai,Maharashtra,Metro,19.076,72.8777,Mumbai,2022-23,2023,1,Jan,1,Winter,1,24.6,0.1,0.156,3574.0,3.0,3577.0,Low,0.49999999999999994,0.8660254037844387,2.0,2,1,0,82.6
Monument,"Old Fort, Sholapur",Fort,Mumbai,Maharashtra,Metro,19.076,72.8777,Mumbai,2022-23,2023,2,Feb,1,Winter,1,25.7,0.0,0.156,3738.0,3.0,3741.0,Low,0.8660254037844386,0.5000000000000001,2.0,0,0,0,82.6
Monument,"Old Fort, Sholapur",Fort,Mumbai,Maharashtra,Metro,19.076,72.8777,Mumbai,2022-23,2023,3,Mar,1,Summer,1,27.8,0.3,0.156,3086.0,3.0,3089.0,Low,1.0,6.123233995736766e-17,2.0,1,1,0,82.6
Monument,"Palace Complex at Ramnagar, Distt. Udhampur",Palace,Srinagar,Jammu & Kashmir,Metro,34.0837,74.7973,Delhi,2021-22,2021,4,Apr,2,Summer,0,29.3,0.6,0.085,369.0,0.0,369.0,Low,0.8660254037844387,-0.4999999999999998,11.0,0,0,1,74.3
Monument,"Palace Complex at Ramnagar, Distt. Udhampur",Palace,Srinagar,Jammu & Kashmir,Metro,34.0837,74.7973,Delhi,2021-22,2021,5,May,2,Summer,0,32.8,2.1,0.085,352.0,0.0,352.0,Low,0.49999999999999994,-0.8660254037844387,11.0,0,0,3,74.3
Monument,"Palace Complex at Ramnagar, Distt. Udhampur",Palace,Srinagar,Jammu & Kashmir,Metro,34.0837,74.7973,Delhi,2021-22,2021,6,Jun,2,Summer,0,33.3,3.7,0.085,381.0,0.0,381.0,Low,1.2246467991473532e-16,-1.0,11.0,0,0,2,74.3
Monument,"Palace Complex at Ramnagar, Distt. Udhampur",Palace,Srinagar,Jammu & Kashmir,Metro,34.0837,74.7973,Delhi,2021-22,2021,7,Jul,3,Monsoon,0,31.1,8.7,0.085,456.0,0.0,456.0,Low,-0.4999999999999997,-0.8660254037844388,11.0,0,0,0,74.3
Monument,"Palace Complex at Ramnagar, Distt. Udhampur",Palace,Srinagar,Jammu & Kashmir,Metro,34.0837,74.7973,Delhi,2021-22,2021,8,Aug,3,Monsoon,0,30.2,9.2,0.085,376.0,0.0,376.0,Low,-0.8660254037844385,-0.5000000000000004,11.0,3,1,0,74.3
Monument,"Palace Complex at Ramnagar, Distt. Udhampur",Palace,Srinagar,Jammu & Kashmir,Metro,34.0837,74.7973,Delhi,2021-22,2021,9,Sep,3,Monsoon,0,29.2,7.3,0.085,387.0,0.0,387.0,Low,-1.0,-1.8369701987210297e-16,11.0,1,1,0,74.3
Monument,"Palace Complex at Ramnagar, Distt. Udhampur",Palace,Srinagar,Jammu & Kashmir,Metro,34.0837,74.7973,Delhi,2021-22,2021,10,Oct,4,Autumn,1,25.6,0.9,0.085,480.0,0.0,480.0,Low,-0.8660254037844386,0.5000000000000001,11.0,1,1,1,74.3
Monument,"Palace Complex at Ramnagar, Distt. Udhampur",Palace,Srinagar,Jammu & Kashmir,Metro,34.0837,74.7973,Delhi,2021-22,2021,11,Nov,4,Autumn,1,19.7,0.2,0.085,550.0,0.0,550.0,Low,-0.5000000000000004,0.8660254037844384,11.0,1,1,0,74.3
Monument,"Palace Complex at Ramnagar, Distt. Udhampur",Palace,Srinagar,Jammu & Kashmir,Metro,34.0837,74.7973,Delhi,2021-22,2021,12,Dec,4,Winter,1,14.7,0.6,0.085,605.0,0.0,605.0,Low,-2.4492935982947064e-16,1.0,11.0,1,1,2,74.3
Monument,"Palace Complex at Ramnagar, Distt. Udhampur",Palace,Srinagar,Jammu & Kashmir,Metro,34.0837,74.7973,Delhi,2021-22,2022,1,Jan,1,Winter,1,13.4,1.5,0.085,564.0,0.0,564.0,Low,0.49999999999999994,0.8660254037844387,11.0,2,1,0,78.6
Monument,"Palace Complex at Ramnagar, Distt. Udhampur",Palace,Srinagar,Jammu & Kashmir,Metro,34.0837,74.7973,Delhi,2021-22,2022,2,Feb,1,Winter,1,17.3,1.7,0.085,589.0,0.0,589.0,Low,0.8660254037844386,0.5000000000000001,11.0,0,0,0,78.6
Monument,"Palace Complex at Ramnagar, Distt. Udhampur",Palace,Srinagar,Jammu & Kashmir,Metro,34.0837,74.7973,Delhi,2021-22,2022,3,Mar,1,Summer,1,23.1,1.8,0.085,487.0,0.0,487.0,Low,1.0,6.123233995736766e-17,11.0,1,1,0,78.6
Monument,"Palace Complex at Ramnagar, Distt. Udhampur",Palace,Srinagar,Jammu & Kashmir,Metro,34.0837,74.7973,Delhi,2022-23,2022,4,Apr,2,Summer,0,29.3,0.6,0.085,368.0,0.0,368.0,Low,0.8660254037844387,-0.4999999999999998,11.0,0,0,1,78.6
Monument,"Palace Complex at Ramnagar, Distt. Udhampur",Palace,Srinagar,Jammu & Kashmir,Metro,34.0837,74.7973,Delhi,2022-23,2022,5,May,2,Summer,0,32.8,2.1,0.085,352.0,0.0,352.0,Low,0.49999999999999994,-0.8660254037844387,11.0,0,0,3,78.6
Monument,"Palace Complex at Ramnagar, Distt. Udhampur",Palace,Srinagar,Jammu & Kashmir,Metro,34.0837,74.7973,Delhi,2022-23,2022,6,Jun,2,Summer,0,33.3,3.7,0.085,380.0,0.0,380.0,Low,1.2246467991473532e-16,-1.0,11.0,0,0,2,78.6
Monument,"Palace Complex at Ramnagar, Distt. Udhampur",Palace,Srinagar,Jammu & Kashmir,Metro,34.0837,74.7973,Delhi,2022-23,2022,7,Jul,3,Monsoon,0,31.1,8.7,0.085,455.0,0.0,455.0,Low,-0.4999999999999997,-0.8660254037844388,11.0,0,0,0,78.6
Monument,"Palace Complex at Ramnagar, Distt. Udhampur",Palace,Srinagar,Jammu & Kashmir,Metro,34.0837,74.7973,Delhi,2022-23,2022,8,Aug,3,Monsoon,0,30.2,9.2,0.085,375.0,0.0,375.0,Low,-0.8660254037844385,-0.5000000000000004,11.0,3,1,0,78.6
Monument,"Palace Complex at Ramnagar, Distt. Udhampur",Palace,Srinagar,Jammu & Kashmir,Metro,34.0837,74.7973,Delhi,2022-23,2022,9,Sep,3,Monsoon,0,29.2,7.3,0.085,387.0,0.0,387.0,Low,-1.0,-1.8369701987210297e-16,11.0,1,1,0,78.6
Monument,"Palace Complex at Ramnagar, Distt. Udhampur",Palace,Srinagar,Jammu & Kashmir,Metro,34.0837,74.7973,Delhi,2022-23,2022,10,Oct,4,Autumn,1,25.6,0.9,0.085,479.0,0.0,479.0,Low,-0.8660254037844386,0.5000000000000001,11.0,2,1,1,78.6
Monument,"Palace Complex at Ramnagar, Distt. Udhampur",Palace,Srinagar,Jammu & Kashmir,Metro,34.0837,74.7973,Delhi,2022-23,2022,11,Nov,4,Autumn,1,19.7,0.2,0.085,548.0,0.0,548.0,Low,-0.5000000000000004,0.8660254037844384,11.0,0,0,0,78.6
Monument,"Palace Complex at Ramnagar, Distt. Udhampur",Palace,Srinagar,Jammu & Kashmir,Metro,34.0837,74.7973,Delhi,2022-23,2022,12,Dec,4,Winter,1,14.7,0.6,0.085,604.0,0.0,604.0,Low,-2.4492935982947064e-16,1.0,11.0,1,1,2,78.6
Monument,"Palace Complex at Ramnagar, Distt. Udhampur",Palace,Srinagar,Jammu & Kashmir,Metro,34.0837,74.7973,Delhi,2022-23,2023,1,Jan,1,Winter,1,13.4,1.5,0.085,562.0,0.0,562.0,Low,0.49999999999999994,0.8660254037844387,11.0,2,1,0,82.6
Monument,"Palace Complex at Ramnagar, Distt. Udhampur",Palace,Srinagar,Jammu & Kashmir,Metro,34.0837,74.7973,Delhi,2022-23,2023,2,Feb,1,Winter,1,17.3,1.7,0.085,588.0,0.0,588.0,Low,0.8660254037844386,0.5000000000000001,11.0,0,0,0,82.6
Monument,"Palace Complex at Ramnagar, Distt. Udhampur",Palace,Srinagar,Jammu & Kashmir,Metro,34.0837,74.7973,Delhi,2022-23,2023,3,Mar,1,Summer,1,23.1,1.8,0.085,486.0,0.0,486.0,Low,1.0,6.123233995736766e-17,11.0,1,1,0,82.6
Monument,Palace of Tipu Sultan,Palace,Bangalore,Karnataka,Metro,12.9716,77.5946,Bangalore,2021-22,2021,4,Apr,2,Summer,0,27.4,4.6,0.532,6604.0,64.0,6668.0,Medium,0.8660254037844387,-0.4999999999999998,28.0,0,0,1,74.3
Monument,Palace of Tipu Sultan,Palace,Bangalore,Karnataka,Metro,12.9716,77.5946,Bangalore,2021-22,2021,5,May,2,Summer,0,26.4,5.8,0.532,6310.0,61.0,6372.0,Medium,0.49999999999999994,-0.8660254037844387,28.0,0,0,3,74.3
Monument,Palace of Tipu Sultan,Palace,Bangalore,Karnataka,Metro,12.9716,77.5946,Bangalore,2021-22,2021,6,Jun,2,Summer,0,24.3,4.2,0.532,6821.0,66.0,6888.0,Medium,1.2246467991473532e-16,-1.0,28.0,0,0,2,74.3
Monument,Palace of Tipu Sultan,Palace,Bangalore,Karnataka,Metro,12.9716,77.5946,Bangalore,2021-22,2021,7,Jul,3,Monsoon,0,23.3,4.8,0.532,8170.0,80.0,8249.0,Medium,-0.4999999999999997,-0.8660254037844388,28.0,0,0,0,74.3
Monument,Palace of Tipu Sultan,Palace,Bangalore,Karnataka,Metro,12.9716,77.5946,Bangalore,2021-22,2021,8,Aug,3,Monsoon,0,23.1,5.7,0.532,6734.0,66.0,6800.0,Medium,-0.8660254037844385,-0.5000000000000004,28.0,3,1,0,74.3
Monument,Palace of Tipu Sultan,Palace,Bangalore,Karnataka,Metro,12.9716,77.5946,Bangalore,2021-22,2021,9,Sep,3,Monsoon,0,23.6,8.0,0.532,6936.0,68.0,7003.0,Medium,-1.0,-1.8369701987210297e-16,28.0,1,1,0,74.3
Monument,Palace of Tipu Sultan,Palace,Bangalore,Karnataka,Metro,12.9716,77.5946,Bangalore,2021-22,2021,10,Oct,4,Autumn,1,23.2,8.0,0.532,8588.0,84.0,8672.0,Medium,-0.8660254037844386,0.5000000000000001,28.0,1,1,1,74.3
Monument,Palace of Tipu Sultan,Palace,Bangalore,Karnataka,Metro,12.9716,77.5946,Bangalore,2021-22,2021,11,Nov,4,Autumn,1,22.1,3.7,0.532,9841.0,96.0,9937.0,Medium,-0.5000000000000004,0.8660254037844384,28.0,1,1,0,74.3
Monument,Palace of Tipu Sultan,Palace,Bangalore,Karnataka,Metro,12.9716,77.5946,Bangalore,2021-22,2021,12,Dec,4,Winter,1,21.0,1.2,0.532,10829.0,105.0,10935.0,Medium,-2.4492935982947064e-16,1.0,28.0,1,1,2,74.3
Monument,Palace of Tipu Sultan,Palace,Bangalore,Karnataka,Metro,12.9716,77.5946,Bangalore,2021-22,2022,1,Jan,1,Winter,1,21.5,0.1,0.532,10092.0,98.0,10190.0,Medium,0.49999999999999994,0.8660254037844387,28.0,2,1,0,78.6
Monument,Palace of Tipu Sultan,Palace,Bangalore,Karnataka,Metro,12.9716,77.5946,Bangalore,2021-22,2022,2,Feb,1,Winter,1,23.7,0.4,0.532,10554.0,103.0,10657.0,Medium,0.8660254037844386,0.5000000000000001,28.0,0,0,0,78.6
Monument,Palace of Tipu Sultan,Palace,Bangalore,Karnataka,Metro,12.9716,77.5946,Bangalore,2021-22,2022,3,Mar,1,Summer,1,26.4,1.2,0.532,8713.0,85.0,8798.0,Medium,1.0,6.123233995736766e-17,28.0,1,1,0,78.6
Monument,Palace of Tipu Sultan,Palace,Bangalore,Karnataka,Metro,12.9716,77.5946,Bangalore,2022-23,2022,4,Apr,2,Summer,0,27.4,4.6,0.532,16378.0,473.0,16852.0,Medium,0.8660254037844387,-0.4999999999999998,28.0,0,0,1,78.6
Monument,Palace of Tipu Sultan,Palace,Bangalore,Karnataka,Metro,12.9716,77.5946,Bangalore,2022-23,2022,5,May,2,Summer,0,26.4,5.8,0.532,15651.0,452.0,16103.0,Medium,0.49999999999999994,-0.8660254037844387,28.0,0,0,3,78.6
Monument,Palace of Tipu Sultan,Palace,Bangalore,Karnataka,Metro,12.9716,77.5946,Bangalore,2022-23,2022,6,Jun,2,Summer,0,24.3,4.2,0.532,16917.0,489.0,17406.0,High,1.2246467991473532e-16,-1.0,28.0,0,0,2,78.6
Monument,Palace of Tipu Sultan,Palace,Bangalore,Karnataka,Metro,12.9716,77.5946,Bangalore,2022-23,2022,7,Jul,3,Monsoon,0,23.3,4.8,0.532,20262.0,585.0,20847.0,High,-0.4999999999999997,-0.8660254037844388,28.0,0,0,0,78.6
Monument,Palace of Tipu Sultan,Palace,Bangalore,Karnataka,Metro,12.9716,77.5946,Bangalore,2022-23,2022,8,Aug,3,Monsoon,0,23.1,5.7,0.532,16701.0,483.0,17184.0,High,-0.8660254037844385,-0.5000000000000004,28.0,3,1,0,78.6
Monument,Palace of Tipu Sultan,Palace,Bangalore,Karnataka,Metro,12.9716,77.5946,Bangalore,2022-23,2022,9,Sep,3,Monsoon,0,23.6,8.0,0.532,17201.0,497.0,17698.0,High,-1.0,-1.8369701987210297e-16,28.0,1,1,0,78.6
Monument,Palace of Tipu Sultan,Palace,Bangalore,Karnataka,Metro,12.9716,77.5946,Bangalore,2022-23,2022,10,Oct,4,Autumn,1,23.2,8.0,0.532,21299.0,615.0,21914.0,High,-0.8660254037844386,0.5000000000000001,28.0,2,1,1,78.6
Monument,Palace of Tipu Sultan,Palace,Bangalore,Karnataka,Metro,12.9716,77.5946,Bangalore,2022-23,2022,11,Nov,4,Autumn,1,22.1,3.7,0.532,24408.0,705.0,25113.0,High,-0.5000000000000004,0.8660254037844384,28.0,0,0,0,78.6
Monument,Palace of Tipu Sultan,Palace,Bangalore,Karnataka,Metro,12.9716,77.5946,Bangalore,2022-23,2022,12,Dec,4,Winter,1,21.0,1.2,0.532,26857.0,776.0,27633.0,High,-2.4492935982947064e-16,1.0,28.0,1,1,2,78.6
Monument,Palace of Tipu Sultan,Palace,Bangalore,Karnataka,Metro,12.9716,77.5946,Bangalore,2022-23,2023,1,Jan,1,Winter,1,21.5,0.1,0.532,25029.0,723.0,25752.0,High,0.49999999999999994,0.8660254037844387,28.0,2,1,0,82.6
Monument,Palace of Tipu Sultan,Palace,Bangalore,Karnataka,Metro,12.9716,77.5946,Bangalore,2022-23,2023,2,Feb,1,Winter,1,23.7,0.4,0.532,26176.0,756.0,26932.0,High,0.8660254037844386,0.5000000000000001,28.0,0,0,0,82.6
Monument,Palace of Tipu Sultan,Palace,Bangalore,Karnataka,Metro,12.9716,77.5946,Bangalore,2022-23,2023,3,Mar,1,Summer,1,26.4,1.2,0.532,21610.0,624.0,22234.0,High,1.0,6.123233995736766e-17,28.0,1,1,0,82.6
Monument,Pandulena Caves,Caves,Aurangabad,Maharashtra,Metro,19.8762,75.3433,Mumbai,2021-22,2021,4,Apr,2,Summer,0,29.1,0.3,0.475,4789.0,15.0,4804.0,Medium,0.8660254037844387,-0.4999999999999998,274.1,0,0,1,74.3
Monument,Pandulena Caves,Caves,Aurangabad,Maharashtra,Metro,19.8762,75.3433,Mumbai,2021-22,2021,5,May,2,Summer,0,30.2,1.6,0.475,4576.0,14.0,4590.0,Medium,0.49999999999999994,-0.8660254037844387,274.1,0,0,3,74.3
Monument,Pandulena Caves,Caves,Aurangabad,Maharashtra,Metro,19.8762,75.3433,Mumbai,2021-22,2021,6,Jun,2,Summer,0,29.2,19.8,0.475,4947.0,15.0,4962.0,Medium,1.2246467991473532e-16,-1.0,274.1,0,0,2,74.3
Monument,Pandulena Caves,Caves,Aurangabad,Maharashtra,Metro,19.8762,75.3433,Mumbai,2021-22,2021,7,Jul,3,Monsoon,0,28.0,29.3,0.475,5925.0,18.0,5943.0,Medium,-0.4999999999999997,-0.8660254037844388,274.1,0,0,0,74.3
Monument,Pandulena Caves,Caves,Aurangabad,Maharashtra,Metro,19.8762,75.3433,Mumbai,2021-22,2021,8,Aug,3,Monsoon,0,27.7,17.0,0.475,4884.0,15.0,4898.0,Medium,-0.8660254037844385,-0.5000000000000004,274.1,3,1,0,74.3
Monument,Pandulena Caves,Caves,Aurangabad,Maharashtra,Metro,19.8762,75.3433,Mumbai,2021-22,2021,9,Sep,3,Monsoon,0,27.9,15.1,0.475,5030.0,15.0,5045.0,Medium,-1.0,-1.8369701987210297e-16,274.1,1,1,0,74.3
Monument,Pandulena Caves,Caves,Aurangabad,Maharashtra,Metro,19.8762,75.3433,Mumbai,2021-22,2021,10,Oct,4,Autumn,1,28.9,4.7,0.475,6228.0,19.0,6247.0,Medium,-0.8660254037844386,0.5000000000000001,274.1,1,1,1,74.3
Monument,Pandulena Caves,Caves,Aurangabad,Maharashtra,Metro,19.8762,75.3433,Mumbai,2021-22,2021,11,Nov,4,Autumn,1,28.2,0.8,0.475,7137.0,22.0,7159.0,Medium,-0.5000000000000004,0.8660254037844384,274.1,1,1,0,74.3
Monument,Pandulena Caves,Caves,Aurangabad,Maharashtra,Metro,19.8762,75.3433,Mumbai,2021-22,2021,12,Dec,4,Winter,1,25.9,0.9,0.475,7853.0,24.0,7877.0,Medium,-2.4492935982947064e-16,1.0,274.1,1,1,2,74.3
Monument,Pandulena Caves,Caves,Aurangabad,Maharashtra,Metro,19.8762,75.3433,Mumbai,2021-22,2022,1,Jan,1,Winter,1,24.6,0.1,0.475,7319.0,22.0,7341.0,Medium,0.49999999999999994,0.8660254037844387,274.1,2,1,0,78.6
Monument,Pandulena Caves,Caves,Aurangabad,Maharashtra,Metro,19.8762,75.3433,Mumbai,2021-22,2022,2,Feb,1,Winter,1,25.7,0.0,0.475,7654.0,23.0,7677.0,Medium,0.8660254037844386,0.5000000000000001,274.1,0,0,0,78.6
Monument,Pandulena Caves,Caves,Aurangabad,Maharashtra,Metro,19.8762,75.3433,Mumbai,2021-22,2022,3,Mar,1,Summer,1,27.8,0.3,0.475,6319.0,19.0,6338.0,Medium,1.0,6.123233995736766e-17,274.1,1,1,0,78.6
Monument,Pandulena Caves,Caves,Aurangabad,Maharashtra,Metro,19.8762,75.3433,Mumbai,2022-23,2022,4,Apr,2,Summer,0,29.1,0.3,0.475,11215.0,52.0,11267.0,Medium,0.8660254037844387,-0.4999999999999998,274.1,0,0,1,78.6
Monument,Pandulena Caves,Caves,Aurangabad,Maharashtra,Metro,19.8762,75.3433,Mumbai,2022-23,2022,5,May,2,Summer,0,30.2,1.6,0.475,10716.0,50.0,10766.0,Medium,0.49999999999999994,-0.8660254037844387,274.1,0,0,3,78.6
Monument,Pandulena Caves,Caves,Aurangabad,Maharashtra,Metro,19.8762,75.3433,Mumbai,2022-23,2022,6,Jun,2,Summer,0,29.2,19.8,0.475,11584.0,54.0,11638.0,Medium,1.2246467991473532e-16,-1.0,274.1,0,0,2,78.6
Monument,Pandulena Caves,Caves,Aurangabad,Maharashtra,Metro,19.8762,75.3433,Mumbai,2022-23,2022,7,Jul,3,Monsoon,0,28.0,29.3,0.475,13873.0,65.0,13938.0,Medium,-0.4999999999999997,-0.8660254037844388,274.1,0,0,0,78.6
Monument,Pandulena Caves,Caves,Aurangabad,Maharashtra,Metro,19.8762,75.3433,Mumbai,2022-23,2022,8,Aug,3,Monsoon,0,27.7,17.0,0.475,11436.0,53.0,11489.0,Medium,-0.8660254037844385,-0.5000000000000004,274.1,3,1,0,78.6
Monument,Pandulena Caves,Caves,Aurangabad,Maharashtra,Metro,19.8762,75.3433,Mumbai,2022-23,2022,9,Sep,3,Monsoon,0,27.9,15.1,0.475,11778.0,55.0,11833.0,Medium,-1.0,-1.8369701987210297e-16,274.1,1,1,0,78.6
Monument,Pandulena Caves,Caves,Aurangabad,Maharashtra,Metro,19.8762,75.3433,Mumbai,2022-23,2022,10,Oct,4,Autumn,1,28.9,4.7,0.475,14584.0,68.0,14652.0,Medium,-0.8660254037844386,0.5000000000000001,274.1,2,1,1,78.6
Monument,Pandulena Caves,Caves,Aurangabad,Maharashtra,Metro,19.8762,75.3433,Mumbai,2022-23,2022,11,Nov,4,Autumn,1,28.2,0.8,0.475,16713.0,78.0,16791.0,Medium,-0.5000000000000004,0.8660254037844384,274.1,0,0,0,78.6
Monument,Pandulena Caves,Caves,Aurangabad,Maharashtra,Metro,19.8762,75.3433,Mumbai,2022-23,2022,12,Dec,4,Winter,1,25.9,0.9,0.475,18390.0,86.0,18476.0,High,-2.4492935982947064e-16,1.0,274.1,1,1,2,78.6
Monument,Pandulena Caves,Caves,Aurangabad,Maharashtra,Metro,19.8762,75.3433,Mumbai,2022-23,2023,1,Jan,1,Winter,1,24.6,0.1,0.475,17138.0,80.0,17218.0,High,0.49999999999999994,0.8660254037844387,274.1,2,1,0,82.6
Monument,Pandulena Caves,Caves,Aurangabad,Maharashtra,Metro,19.8762,75.3433,Mumbai,2022-23,2023,2,Feb,1,Winter,1,25.7,0.0,0.475,17923.0,84.0,18007.0,High,0.8660254037844386,0.5000000000000001,274.1,0,0,0,82.6
Monument,Pandulena Caves,Caves,Aurangabad,Maharashtra,Metro,19.8762,75.3433,Mumbai,2022-23,2023,3,Mar,1,Summer,1,27.8,0.3,0.475,14797.0,69.0,14866.0,Medium,1.0,6.123233995736766e-17,274.1,1,1,0,82.6
Monument,Piprahwa & Ganwaria,Other Heritage Site,Lucknow,Uttar Pradesh,Tier-2,26.8467,80.9462,Lucknow,2021-22,2021,4,Apr,2,Summer,0,30.0,0.4,0.22,1526.0,7.0,1533.0,Low,0.8660254037844387,-0.4999999999999998,11.1,0,0,1,74.3
Monument,Piprahwa & Ganwaria,Other Heritage Site,Lucknow,Uttar Pradesh,Tier-2,26.8467,80.9462,Lucknow,2021-22,2021,5,May,2,Summer,0,32.6,3.1,0.22,1458.0,6.0,1465.0,Low,0.49999999999999994,-0.8660254037844387,11.1,0,0,3,74.3
Monument,Piprahwa & Ganwaria,Other Heritage Site,Lucknow,Uttar Pradesh,Tier-2,26.8467,80.9462,Lucknow,2021-22,2021,6,Jun,2,Summer,0,32.6,4.8,0.22,1576.0,7.0,1583.0,Low,1.2246467991473532e-16,-1.0,11.1,0,0,2,74.3
Monument,Piprahwa & Ganwaria,Other Heritage Site,Lucknow,Uttar Pradesh,Tier-2,26.8467,80.9462,Lucknow,2021-22,2021,7,Jul,3,Monsoon,0,30.1,9.7,0.22,1888.0,8.0,1896.0,Low,-0.4999999999999997,-0.8660254037844388,11.1,0,0,0,74.3
Monument,Piprahwa & Ganwaria,Other Heritage Site,Lucknow,Uttar Pradesh,Tier-2,26.8467,80.9462,Lucknow,2021-22,2021,8,Aug,3,Monsoon,0,29.5,9.7,0.22,1556.0,7.0,1563.0,Low,-0.8660254037844385,-0.5000000000000004,11.1,3,1,0,74.3
Monument,Piprahwa & Ganwaria,Other Heritage Site,Lucknow,Uttar Pradesh,Tier-2,26.8467,80.9462,Lucknow,2021-22,2021,9,Sep,3,Monsoon,0,28.8,9.7,0.22,1603.0,7.0,1610.0,Low,-1.0,-1.8369701987210297e-16,11.1,1,1,0,74.3
Monument,Piprahwa & Ganwaria,Other Heritage Site,Lucknow,Uttar Pradesh,Tier-2,26.8467,80.9462,Lucknow,2021-22,2021,10,Oct,4,Autumn,1,26.0,1.7,0.22,1985.0,9.0,1993.0,Low,-0.8660254037844386,0.5000000000000001,11.1,1,1,1,74.3
Monument,Piprahwa & Ganwaria,Other Heritage Site,Lucknow,Uttar Pradesh,Tier-2,26.8467,80.9462,Lucknow,2021-22,2021,11,Nov,4,Autumn,1,20.7,0.4,0.22,2274.0,10.0,2284.0,Low,-0.5000000000000004,0.8660254037844384,11.1,1,1,0,74.3
Monument,Piprahwa & Ganwaria,Other Heritage Site,Lucknow,Uttar Pradesh,Tier-2,26.8467,80.9462,Lucknow,2021-22,2021,12,Dec,4,Winter,1,15.8,0.9,0.22,2502.0,11.0,2513.0,Low,-2.4492935982947064e-16,1.0,11.1,1,1,2,74.3
Monument,Piprahwa & Ganwaria,Other Heritage Site,Lucknow,Uttar Pradesh,Tier-2,26.8467,80.9462,Lucknow,2021-22,2022,1,Jan,1,Winter,1,14.1,1.4,0.22,2332.0,10.0,2342.0,Low,0.49999999999999994,0.8660254037844387,11.1,2,1,0,78.6
Monument,Piprahwa & Ganwaria,Other Heritage Site,Lucknow,Uttar Pradesh,Tier-2,26.8467,80.9462,Lucknow,2021-22,2022,2,Feb,1,Winter,1,18.4,1.5,0.22,2439.0,11.0,2450.0,Low,0.8660254037844386,0.5000000000000001,11.1,0,0,0,78.6
Monument,Piprahwa & Ganwaria,Other Heritage Site,Lucknow,Uttar Pradesh,Tier-2,26.8467,80.9462,Lucknow,2021-22,2022,3,Mar,1,Summer,1,23.9,0.8,0.22,2013.0,9.0,2022.0,Low,1.0,6.123233995736766e-17,11.1,1,1,0,78.6
Monument,Piprahwa & Ganwaria,Other Heritage Site,Lucknow,Uttar Pradesh,Tier-2,26.8467,80.9462,Lucknow,2022-23,2022,4,Apr,2,Summer,0,30.0,0.4,0.22,2493.0,370.0,2863.0,Low,0.8660254037844387,-0.4999999999999998,11.1,0,0,1,78.6
Monument,Piprahwa & Ganwaria,Other Heritage Site,Lucknow,Uttar Pradesh,Tier-2,26.8467,80.9462,Lucknow,2022-23,2022,5,May,2,Summer,0,32.6,3.1,0.22,2382.0,354.0,2736.0,Low,0.49999999999999994,-0.8660254037844387,11.1,0,0,3,78.6
Monument,Piprahwa & Ganwaria,Other Heritage Site,Lucknow,Uttar Pradesh,Tier-2,26.8467,80.9462,Lucknow,2022-23,2022,6,Jun,2,Summer,0,32.6,4.8,0.22,2575.0,383.0,2957.0,Low,1.2246467991473532e-16,-1.0,11.1,0,0,2,78.6
Monument,Piprahwa & Ganwaria,Other Heritage Site,Lucknow,Uttar Pradesh,Tier-2,26.8467,80.9462,Lucknow,2022-23,2022,7,Jul,3,Monsoon,0,30.1,9.7,0.22,3084.0,458.0,3542.0,Low,-0.4999999999999997,-0.8660254037844388,11.1,0,0,0,78.6
Monument,Piprahwa & Ganwaria,Other Heritage Site,Lucknow,Uttar Pradesh,Tier-2,26.8467,80.9462,Lucknow,2022-23,2022,8,Aug,3,Monsoon,0,29.5,9.7,0.22,2542.0,378.0,2919.0,Low,-0.8660254037844385,-0.5000000000000004,11.1,3,1,0,78.6
Monument,Piprahwa & Ganwaria,Other Heritage Site,Lucknow,Uttar Pradesh,Tier-2,26.8467,80.9462,Lucknow,2022-23,2022,9,Sep,3,Monsoon,0,28.8,9.7,0.22,2618.0,389.0,3007.0,Low,-1.0,-1.8369701987210297e-16,11.1,1,1,0,78.6
Monument,Piprahwa & Ganwaria,Other Heritage Site,Lucknow,Uttar Pradesh,Tier-2,26.8467,80.9462,Lucknow,2022-23,2022,10,Oct,4,Autumn,1,26.0,1.7,0.22,3241.0,482.0,3723.0,Low,-0.8660254037844386,0.5000000000000001,11.1,2,1,1,78.6
Monument,Piprahwa & Ganwaria,Other Heritage Site,Lucknow,Uttar Pradesh,Tier-2,26.8467,80.9462,Lucknow,2022-23,2022,11,Nov,4,Autumn,1,20.7,0.4,0.22,3715.0,552.0,4267.0,Medium,-0.5000000000000004,0.8660254037844384,11.1,0,0,0,78.6
Monument,Piprahwa & Ganwaria,Other Heritage Site,Lucknow,Uttar Pradesh,Tier-2,26.8467,80.9462,Lucknow,2022-23,2022,12,Dec,4,Winter,1,15.8,0.9,0.22,4087.0,607.0,4695.0,Medium,-2.4492935982947064e-16,1.0,11.1,1,1,2,78.6
Monument,Piprahwa & Ganwaria,Other Heritage Site,Lucknow,Uttar Pradesh,Tier-2,26.8467,80.9462,Lucknow,2022-23,2023,1,Jan,1,Winter,1,14.1,1.4,0.22,3809.0,566.0,4375.0,Medium,0.49999999999999994,0.8660254037844387,11.1,2,1,0,82.6
Monument,Piprahwa & Ganwaria,Other Heritage Site,Lucknow,Uttar Pradesh,Tier-2,26.8467,80.9462,Lucknow,2022-23,2023,2,Feb,1,Winter,1,18.4,1.5,0.22,3984.0,592.0,4576.0,Medium,0.8660254037844386,0.5000000000000001,11.1,0,0,0,82.6
Monument,Piprahwa & Ganwaria,Other Heritage Site,Lucknow,Uttar Pradesh,Tier-2,26.8467,80.9462,Lucknow,2022-23,2023,3,Mar,1,Summer,1,23.9,0.8,0.22,3289.0,489.0,3777.0,Low,1.0,6.123233995736766e-17,11.1,1,1,0,82.6
Monument,Purana Qila,Fort,Delhi,Delhi,Metro,28.7041,77.1025,Delhi,2021-22,2021,4,Apr,2,Summer,0,29.3,0.6,0.752,30737.0,56.0,30793.0,High,0.8660254037844387,-0.4999999999999998,16.4,0,0,1,74.3
Monument,Purana Qila,Fort,Delhi,Delhi,Metro,28.7041,77.1025,Delhi,2021-22,2021,5,May,2,Summer,0,32.8,2.1,0.752,29371.0,53.0,29424.0,High,0.49999999999999994,-0.8660254037844387,16.4,0,0,3,74.3
Monument,Purana Qila,Fort,Delhi,Delhi,Metro,28.7041,77.1025,Delhi,2021-22,2021,6,Jun,2,Summer,0,33.3,3.7,0.752,31748.0,58.0,31806.0,High,1.2246467991473532e-16,-1.0,16.4,0,0,2,74.3
Monument,Purana Qila,Fort,Delhi,Delhi,Metro,28.7041,77.1025,Delhi,2021-22,2021,7,Jul,3,Monsoon,0,31.1,8.7,0.752,38024.0,69.0,38093.0,High,-0.4999999999999997,-0.8660254037844388,16.4,0,0,0,74.3
Monument,Purana Qila,Fort,Delhi,Delhi,Metro,28.7041,77.1025,Delhi,2021-22,2021,8,Aug,3,Monsoon,0,30.2,9.2,0.752,31343.0,57.0,31400.0,High,-0.8660254037844385,-0.5000000000000004,16.4,3,1,0,74.3
Monument,Purana Qila,Fort,Delhi,Delhi,Metro,28.7041,77.1025,Delhi,2021-22,2021,9,Sep,3,Monsoon,0,29.2,7.3,0.752,32281.0,59.0,32340.0,High,-1.0,-1.8369701987210297e-16,16.4,1,1,0,74.3
Monument,Purana Qila,Fort,Delhi,Delhi,Metro,28.7041,77.1025,Delhi,2021-22,2021,10,Oct,4,Autumn,1,25.6,0.9,0.752,39971.0,73.0,40044.0,High,-0.8660254037844386,0.5000000000000001,16.4,1,1,1,74.3
Monument,Purana Qila,Fort,Delhi,Delhi,Metro,28.7041,77.1025,Delhi,2021-22,2021,11,Nov,4,Autumn,1,19.7,0.2,0.752,45806.0,83.0,45889.0,High,-0.5000000000000004,0.8660254037844384,16.4,1,1,0,74.3
Monument,Purana Qila,Fort,Delhi,Delhi,Metro,28.7041,77.1025,Delhi,2021-22,2021,12,Dec,4,Winter,1,14.7,0.6,0.752,50403.0,92.0,50494.0,High,-2.4492935982947064e-16,1.0,16.4,1,1,2,74.3
Monument,Purana Qila,Fort,Delhi,Delhi,Metro,28.7041,77.1025,Delhi,2021-22,2022,1,Jan,1,Winter,1,13.4,1.5,0.752,46972.0,85.0,47057.0,High,0.49999999999999994,0.8660254037844387,16.4,2,1,0,78.6
Monument,Purana Qila,Fort,Delhi,Delhi,Metro,28.7041,77.1025,Delhi,2021-22,2022,2,Feb,1,Winter,1,17.3,1.7,0.752,49124.0,89.0,49213.0,High,0.8660254037844386,0.5000000000000001,16.4,0,0,0,78.6
Monument,Purana Qila,Fort,Delhi,Delhi,Metro,28.7041,77.1025,Delhi,2021-22,2022,3,Mar,1,Summer,1,23.1,1.8,0.752,40555.0,74.0,40628.0,High,1.0,6.123233995736766e-17,16.4,1,1,0,78.6
Monument,Purana Qila,Fort,Delhi,Delhi,Metro,28.7041,77.1025,Delhi,2022-23,2022,4,Apr,2,Summer,0,29.3,0.6,0.752,39462.0,161.0,39623.0,High,0.8660254037844387,-0.4999999999999998,16.4,0,0,1,78.6
Monument,Purana Qila,Fort,Delhi,Delhi,Metro,28.7041,77.1025,Delhi,2022-23,2022,5,May,2,Summer,0,32.8,2.1,0.752,37708.0,154.0,37862.0,High,0.49999999999999994,-0.8660254037844387,16.4,0,0,3,78.6
Monument,Purana Qila,Fort,Delhi,Delhi,Metro,28.7041,77.1025,Delhi,2022-23,2022,6,Jun,2,Summer,0,33.3,3.7,0.752,40760.0,166.0,40927.0,High,1.2246467991473532e-16,-1.0,16.4,0,0,2,78.6
Monument,Purana Qila,Fort,Delhi,Delhi,Metro,28.7041,77.1025,Delhi,2022-23,2022,7,Jul,3,Monsoon,0,31.1,8.7,0.752,48818.0,199.0,49017.0,High,-0.4999999999999997,-0.8660254037844388,16.4,0,0,0,78.6
Monument,Purana Qila,Fort,Delhi,Delhi,Metro,28.7041,77.1025,Delhi,2022-23,2022,8,Aug,3,Monsoon,0,30.2,9.2,0.752,40240.0,164.0,40404.0,High,-0.8660254037844385,-0.5000000000000004,16.4,3,1,0,78.6
Monument,Purana Qila,Fort,Delhi,Delhi,Metro,28.7041,77.1025,Delhi,2022-23,2022,9,Sep,3,Monsoon,0,29.2,7.3,0.752,41445.0,169.0,41614.0,High,-1.0,-1.8369701987210297e-16,16.4,1,1,0,78.6
Monument,Purana Qila,Fort,Delhi,Delhi,Metro,28.7041,77.1025,Delhi,2022-23,2022,10,Oct,4,Autumn,1,25.6,0.9,0.752,51318.0,210.0,51527.0,High,-0.8660254037844386,0.5000000000000001,16.4,2,1,1,78.6
Monument,Purana Qila,Fort,Delhi,Delhi,Metro,28.7041,77.1025,Delhi,2022-23,2022,11,Nov,4,Autumn,1,19.7,0.2,0.752,58808.0,240.0,59048.0,High,-0.5000000000000004,0.8660254037844384,16.4,0,0,0,78.6
Monument,Purana Qila,Fort,Delhi,Delhi,Metro,28.7041,77.1025,Delhi,2022-23,2022,12,Dec,4,Winter,1,14.7,0.6,0.752,64710.0,264.0,64974.0,High,-2.4492935982947064e-16,1.0,16.4,1,1,2,78.6
Monument,Purana Qila,Fort,Delhi,Delhi,Metro,28.7041,77.1025,Delhi,2022-23,2023,1,Jan,1,Winter,1,13.4,1.5,0.752,60305.0,246.0,60551.0,High,0.49999999999999994,0.8660254037844387,16.4,2,1,0,82.6
Monument,Purana Qila,Fort,Delhi,Delhi,Metro,28.7041,77.1025,Delhi,2022-23,2023,2,Feb,1,Winter,1,17.3,1.7,0.752,63068.0,258.0,63326.0,High,0.8660254037844386,0.5000000000000001,16.4,0,0,0,82.6
Monument,Purana Qila,Fort,Delhi,Delhi,Metro,28.7041,77.1025,Delhi,2022-23,2023,3,Mar,1,Summer,1,23.1,1.8,0.752,52066.0,213.0,52279.0,High,1.0,6.123233995736766e-17,16.4,1,1,0,82.6
Monument,Qutub Minar,Minaret/Tower,Delhi,Delhi,Metro,28.7041,77.1025,Delhi,2021-22,2021,4,Apr,2,Summer,0,29.3,0.6,0.865,76303.0,557.0,76861.0,High,0.8660254037844387,-0.4999999999999998,16.4,0,0,1,74.3
Monument,Qutub Minar,Minaret/Tower,Delhi,Delhi,Metro,28.7041,77.1025,Delhi,2021-22,2021,5,May,2,Summer,0,32.8,2.1,0.865,72913.0,533.0,73445.0,High,0.49999999999999994,-0.8660254037844387,16.4,0,0,3,74.3
Monument,Qutub Minar,Minaret/Tower,Delhi,Delhi,Metro,28.7041,77.1025,Delhi,2021-22,2021,6,Jun,2,Summer,0,33.3,3.7,0.865,78814.0,576.0,79390.0,High,1.2246467991473532e-16,-1.0,16.4,0,0,2,74.3
Monument,Qutub Minar,Minaret/Tower,Delhi,Delhi,Metro,28.7041,77.1025,Delhi,2021-22,2021,7,Jul,3,Monsoon,0,31.1,8.7,0.865,94394.0,689.0,95084.0,High,-0.4999999999999997,-0.8660254037844388,16.4,0,0,0,74.3
Monument,Qutub Minar,Minaret/Tower,Delhi,Delhi,Metro,28.7041,77.1025,Delhi,2021-22,2021,8,Aug,3,Monsoon,0,30.2,9.2,0.865,77808.0,568.0,78376.0,High,-0.8660254037844385,-0.5000000000000004,16.4,3,1,0,74.3
Monument,Qutub Minar,Minaret/Tower,Delhi,Delhi,Metro,28.7041,77.1025,Delhi,2021-22,2021,9,Sep,3,Monsoon,0,29.2,7.3,0.865,80138.0,585.0,80723.0,High,-1.0,-1.8369701987210297e-16,16.4,1,1,0,74.3
Monument,Qutub Minar,Minaret/Tower,Delhi,Delhi,Metro,28.7041,77.1025,Delhi,2021-22,2021,10,Oct,4,Autumn,1,25.6,0.9,0.865,99228.0,725.0,99953.0,High,-0.8660254037844386,0.5000000000000001,16.4,1,1,1,74.3
Monument,Qutub Minar,Minaret/Tower,Delhi,Delhi,Metro,28.7041,77.1025,Delhi,2021-22,2021,11,Nov,4,Autumn,1,19.7,0.2,0.865,113712.0,831.0,114542.0,High,-0.5000000000000004,0.8660254037844384,16.4,1,1,0,74.3
Monument,Qutub Minar,Minaret/Tower,Delhi,Delhi,Metro,28.7041,77.1025,Delhi,2021-22,2021,12,Dec,4,Winter,1,14.7,0.6,0.865,125123.0,914.0,126037.0,High,-2.4492935982947064e-16,1.0,16.4,1,1,2,74.3
Monument,Qutub Minar,Minaret/Tower,Delhi,Delhi,Metro,28.7041,77.1025,Delhi,2021-22,2022,1,Jan,1,Winter,1,13.4,1.5,0.865,116606.0,852.0,117458.0,High,0.49999999999999994,0.8660254037844387,16.4,2,1,0,78.6
Monument,Qutub Minar,Minaret/Tower,Delhi,Delhi,Metro,28.7041,77.1025,Delhi,2021-22,2022,2,Feb,1,Winter,1,17.3,1.7,0.865,121949.0,891.0,122840.0,High,0.8660254037844386,0.5000000000000001,16.4,0,0,0,78.6
Monument,Qutub Minar,Minaret/Tower,Delhi,Delhi,Metro,28.7041,77.1025,Delhi,2021-22,2022,3,Mar,1,Summer,1,23.1,1.8,0.865,100676.0,735.0,101411.0,High,1.0,6.123233995736766e-17,16.4,1,1,0,78.6
Monument,Qutub Minar,Minaret/Tower,Delhi,Delhi,Metro,28.7041,77.1025,Delhi,2022-23,2022,4,Apr,2,Summer,0,29.3,0.6,0.865,116502.0,7596.0,124098.0,High,0.8660254037844387,-0.4999999999999998,16.4,0,0,1,78.6
Monument,Qutub Minar,Minaret/Tower,Delhi,Delhi,Metro,28.7041,77.1025,Delhi,2022-23,2022,5,May,2,Summer,0,32.8,2.1,0.865,111325.0,7259.0,118583.0,High,0.49999999999999994,-0.8660254037844387,16.4,0,0,3,78.6
Monument,Qutub Minar,Minaret/Tower,Delhi,Delhi,Metro,28.7041,77.1025,Delhi,2022-23,2022,6,Jun,2,Summer,0,33.3,3.7,0.865,120335.0,7846.0,128181.0,High,1.2246467991473532e-16,-1.0,16.4,0,0,2,78.6
Monument,Qutub Minar,Minaret/Tower,Delhi,Delhi,Metro,28.7041,77.1025,Delhi,2022-23,2022,7,Jul,3,Monsoon,0,31.1,8.7,0.865,144123.0,9397.0,153521.0,High,-0.4999999999999997,-0.8660254037844388,16.4,0,0,0,78.6
Monument,Qutub Minar,Minaret/Tower,Delhi,Delhi,Metro,28.7041,77.1025,Delhi,2022-23,2022,8,Aug,3,Monsoon,0,30.2,9.2,0.865,118799.0,7746.0,126545.0,High,-0.8660254037844385,-0.5000000000000004,16.4,3,1,0,78.6
Monument,Qutub Minar,Minaret/Tower,Delhi,Delhi,Metro,28.7041,77.1025,Delhi,2022-23,2022,9,Sep,3,Monsoon,0,29.2,7.3,0.865,122356.0,7978.0,130334.0,High,-1.0,-1.8369701987210297e-16,16.4,1,1,0,78.6
Monument,Qutub Minar,Minaret/Tower,Delhi,Delhi,Metro,28.7041,77.1025,Delhi,2022-23,2022,10,Oct,4,Autumn,1,25.6,0.9,0.865,151504.0,9878.0,161382.0,High,-0.8660254037844386,0.5000000000000001,16.4,2,1,1,78.6
Monument,Qutub Minar,Minaret/Tower,Delhi,Delhi,Metro,28.7041,77.1025,Delhi,2022-23,2022,11,Nov,4,Autumn,1,19.7,0.2,0.865,173618.0,11320.0,184938.0,High,-0.5000000000000004,0.8660254037844384,16.4,0,0,0,78.6
Monument,Qutub Minar,Minaret/Tower,Delhi,Delhi,Metro,28.7041,77.1025,Delhi,2022-23,2022,12,Dec,4,Winter,1,14.7,0.6,0.865,191041.0,12456.0,203498.0,High,-2.4492935982947064e-16,1.0,16.4,1,1,2,78.6
Monument,Qutub Minar,Minaret/Tower,Delhi,Delhi,Metro,28.7041,77.1025,Delhi,2022-23,2023,1,Jan,1,Winter,1,13.4,1.5,0.865,178036.0,11608.0,189645.0,High,0.49999999999999994,0.8660254037844387,16.4,2,1,0,82.6
Monument,Qutub Minar,Minaret/Tower,Delhi,Delhi,Metro,28.7041,77.1025,Delhi,2022-23,2023,2,Feb,1,Winter,1,17.3,1.7,0.865,186194.0,12140.0,198335.0,High,0.8660254037844386,0.5000000000000001,16.4,0,0,0,82.6
Monument,Qutub Minar,Minaret/Tower,Delhi,Delhi,Metro,28.7041,77.1025,Delhi,2022-23,2023,3,Mar,1,Summer,1,23.1,1.8,0.865,153714.0,10022.0,163737.0,High,1.0,6.123233995736766e-17,16.4,1,1,0,82.6
Monument,Raigad Fort,Fort,Mumbai,Maharashtra,Metro,19.076,72.8777,Mumbai,2021-22,2021,4,Apr,2,Summer,0,29.1,0.3,0.617,11341.0,1.0,11341.0,Medium,0.8660254037844387,-0.4999999999999998,2.0,0,0,1,74.3
Monument,Raigad Fort,Fort,Mumbai,Maharashtra,Metro,19.076,72.8777,Mumbai,2021-22,2021,5,May,2,Summer,0,30.2,1.6,0.617,10837.0,1.0,10837.0,Medium,0.49999999999999994,-0.8660254037844387,2.0,0,0,3,74.3
Monument,Raigad Fort,Fort,Mumbai,Maharashtra,Metro,19.076,72.8777,Mumbai,2021-22,2021,6,Jun,2,Summer,0,29.2,19.8,0.617,11714.0,1.0,11715.0,Medium,1.2246467991473532e-16,-1.0,2.0,0,0,2,74.3
Monument,Raigad Fort,Fort,Mumbai,Maharashtra,Metro,19.076,72.8777,Mumbai,2021-22,2021,7,Jul,3,Monsoon,0,28.0,29.3,0.617,14029.0,1.0,14030.0,Medium,-0.4999999999999997,-0.8660254037844388,2.0,0,0,0,74.3
Monument,Raigad Fort,Fort,Mumbai,Maharashtra,Metro,19.076,72.8777,Mumbai,2021-22,2021,8,Aug,3,Monsoon,0,27.7,17.0,0.617,11564.0,1.0,11565.0,Medium,-0.8660254037844385,-0.5000000000000004,2.0,3,1,0,74.3
Monument,Raigad Fort,Fort,Mumbai,Maharashtra,Metro,19.076,72.8777,Mumbai,2021-22,2021,9,Sep,3,Monsoon,0,27.9,15.1,0.617,11910.0,1.0,11911.0,Medium,-1.0,-1.8369701987210297e-16,2.0,1,1,0,74.3
Monument,Raigad Fort,Fort,Mumbai,Maharashtra,Metro,19.076,72.8777,Mumbai,2021-22,2021,10,Oct,4,Autumn,1,28.9,4.7,0.617,14748.0,1.0,14749.0,Medium,-0.8660254037844386,0.5000000000000001,2.0,1,1,1,74.3
Monument,Raigad Fort,Fort,Mumbai,Maharashtra,Metro,19.076,72.8777,Mumbai,2021-22,2021,11,Nov,4,Autumn,1,28.2,0.8,0.617,16900.0,1.0,16902.0,High,-0.5000000000000004,0.8660254037844384,2.0,1,1,0,74.3
Monument,Raigad Fort,Fort,Mumbai,Maharashtra,Metro,19.076,72.8777,Mumbai,2021-22,2021,12,Dec,4,Winter,1,25.9,0.9,0.617,18596.0,1.0,18598.0,High,-2.4492935982947064e-16,1.0,2.0,1,1,2,74.3
Monument,Raigad Fort,Fort,Mumbai,Maharashtra,Metro,19.076,72.8777,Mumbai,2021-22,2022,1,Jan,1,Winter,1,24.6,0.1,0.617,17331.0,1.0,17332.0,High,0.49999999999999994,0.8660254037844387,2.0,2,1,0,78.6
Monument,Raigad Fort,Fort,Mumbai,Maharashtra,Metro,19.076,72.8777,Mumbai,2021-22,2022,2,Feb,1,Winter,1,25.7,0.0,0.617,18125.0,1.0,18126.0,High,0.8660254037844386,0.5000000000000001,2.0,0,0,0,78.6
Monument,Raigad Fort,Fort,Mumbai,Maharashtra,Metro,19.076,72.8777,Mumbai,2021-22,2022,3,Mar,1,Summer,1,27.8,0.3,0.617,14963.0,1.0,14964.0,Medium,1.0,6.123233995736766e-17,2.0,1,1,0,78.6
Monument,Raigad Fort,Fort,Mumbai,Maharashtra,Metro,19.076,72.8777,Mumbai,2022-23,2022,4,Apr,2,Summer,0,29.1,0.3,0.617,19578.0,6.0,19584.0,High,0.8660254037844387,-0.4999999999999998,2.0,0,0,1,78.6
Monument,Raigad Fort,Fort,Mumbai,Maharashtra,Metro,19.076,72.8777,Mumbai,2022-23,2022,5,May,2,Summer,0,30.2,1.6,0.617,18708.0,6.0,18714.0,High,0.49999999999999994,-0.8660254037844387,2.0,0,0,3,78.6
Monument,Raigad Fort,Fort,Mumbai,Maharashtra,Metro,19.076,72.8777,Mumbai,2022-23,2022,6,Jun,2,Summer,0,29.2,19.8,0.617,20222.0,7.0,20228.0,High,1.2246467991473532e-16,-1.0,2.0,0,0,2,78.6
Monument,Raigad Fort,Fort,Mumbai,Maharashtra,Metro,19.076,72.8777,Mumbai,2022-23,2022,7,Jul,3,Monsoon,0,28.0,29.3,0.617,24219.0,8.0,24227.0,High,-0.4999999999999997,-0.8660254037844388,2.0,0,0,0,78.6
Monument,Raigad Fort,Fort,Mumbai,Maharashtra,Metro,19.076,72.8777,Mumbai,2022-23,2022,8,Aug,3,Monsoon,0,27.7,17.0,0.617,19964.0,7.0,19970.0,High,-0.8660254037844385,-0.5000000000000004,2.0,3,1,0,78.6
Monument,Raigad Fort,Fort,Mumbai,Maharashtra,Metro,19.076,72.8777,Mumbai,2022-23,2022,9,Sep,3,Monsoon,0,27.9,15.1,0.617,20561.0,7.0,20568.0,High,-1.0,-1.8369701987210297e-16,2.0,1,1,0,78.6
Monument,Raigad Fort,Fort,Mumbai,Maharashtra,Metro,19.076,72.8777,Mumbai,2022-23,2022,10,Oct,4,Autumn,1,28.9,4.7,0.617,25460.0,8.0,25468.0,High,-0.8660254037844386,0.5000000000000001,2.0,2,1,1,78.6
Monument,Raigad Fort,Fort,Mumbai,Maharashtra,Metro,19.076,72.8777,Mumbai,2022-23,2022,11,Nov,4,Autumn,1,28.2,0.8,0.617,29176.0,10.0,29185.0,High,-0.5000000000000004,0.8660254037844384,2.0,0,0,0,78.6
Monument,Raigad Fort,Fort,Mumbai,Maharashtra,Metro,19.076,72.8777,Mumbai,2022-23,2022,12,Dec,4,Winter,1,25.9,0.9,0.617,32104.0,10.0,32114.0,High,-2.4492935982947064e-16,1.0,2.0,1,1,2,78.6
Monument,Raigad Fort,Fort,Mumbai,Maharashtra,Metro,19.076,72.8777,Mumbai,2022-23,2023,1,Jan,1,Winter,1,24.6,0.1,0.617,29918.0,10.0,29928.0,High,0.49999999999999994,0.8660254037844387,2.0,2,1,0,82.6
Monument,Raigad Fort,Fort,Mumbai,Maharashtra,Metro,19.076,72.8777,Mumbai,2022-23,2023,2,Feb,1,Winter,1,25.7,0.0,0.617,31289.0,10.0,31299.0,High,0.8660254037844386,0.5000000000000001,2.0,0,0,0,82.6
Monument,Raigad Fort,Fort,Mumbai,Maharashtra,Metro,19.076,72.8777,Mumbai,2022-23,2023,3,Mar,1,Summer,1,27.8,0.3,0.617,25831.0,8.0,25839.0,High,1.0,6.123233995736766e-17,2.0,1,1,0,82.6
Monument,Ram Bagh,Garden,Agra,Uttar Pradesh,Metro,27.1767,78.0081,Delhi,2021-22,2021,4,Apr,2,Summer,0,29.3,0.6,0.298,2041.0,6.0,2047.0,Low,0.8660254037844387,-0.4999999999999998,177.5,0,0,1,74.3
Monument,Ram Bagh,Garden,Agra,Uttar Pradesh,Metro,27.1767,78.0081,Delhi,2021-22,2021,5,May,2,Summer,0,32.8,2.1,0.298,1950.0,6.0,1956.0,Low,0.49999999999999994,-0.8660254037844387,177.5,0,0,3,74.3
Monument,Ram Bagh,Garden,Agra,Uttar Pradesh,Metro,27.1767,78.0081,Delhi,2021-22,2021,6,Jun,2,Summer,0,33.3,3.7,0.298,2108.0,6.0,2115.0,Low,1.2246467991473532e-16,-1.0,177.5,0,0,2,74.3
Monument,Ram Bagh,Garden,Agra,Uttar Pradesh,Metro,27.1767,78.0081,Delhi,2021-22,2021,7,Jul,3,Monsoon,0,31.1,8.7,0.298,2525.0,8.0,2533.0,Low,-0.4999999999999997,-0.8660254037844388,177.5,0,0,0,74.3
Monument,Ram Bagh,Garden,Agra,Uttar Pradesh,Metro,27.1767,78.0081,Delhi,2021-22,2021,8,Aug,3,Monsoon,0,30.2,9.2,0.298,2081.0,6.0,2088.0,Low,-0.8660254037844385,-0.5000000000000004,177.5,3,1,0,74.3
Monument,Ram Bagh,Garden,Agra,Uttar Pradesh,Metro,27.1767,78.0081,Delhi,2021-22,2021,9,Sep,3,Monsoon,0,29.2,7.3,0.298,2144.0,7.0,2150.0,Low,-1.0,-1.8369701987210297e-16,177.5,1,1,0,74.3
Monument,Ram Bagh,Garden,Agra,Uttar Pradesh,Metro,27.1767,78.0081,Delhi,2021-22,2021,10,Oct,4,Autumn,1,25.6,0.9,0.298,2654.0,8.0,2662.0,Low,-0.8660254037844386,0.5000000000000001,177.5,1,1,1,74.3
Monument,Ram Bagh,Garden,Agra,Uttar Pradesh,Metro,27.1767,78.0081,Delhi,2021-22,2021,11,Nov,4,Autumn,1,19.7,0.2,0.298,3042.0,9.0,3051.0,Low,-0.5000000000000004,0.8660254037844384,177.5,1,1,0,74.3
Monument,Ram Bagh,Garden,Agra,Uttar Pradesh,Metro,27.1767,78.0081,Delhi,2021-22,2021,12,Dec,4,Winter,1,14.7,0.6,0.298,3347.0,10.0,3357.0,Low,-2.4492935982947064e-16,1.0,177.5,1,1,2,74.3
Monument,Ram Bagh,Garden,Agra,Uttar Pradesh,Metro,27.1767,78.0081,Delhi,2021-22,2022,1,Jan,1,Winter,1,13.4,1.5,0.298,3119.0,10.0,3129.0,Low,0.49999999999999994,0.8660254037844387,177.5,2,1,0,78.6
Monument,Ram Bagh,Garden,Agra,Uttar Pradesh,Metro,27.1767,78.0081,Delhi,2021-22,2022,2,Feb,1,Winter,1,17.3,1.7,0.298,3262.0,10.0,3272.0,Low,0.8660254037844386,0.5000000000000001,177.5,0,0,0,78.6
Monument,Ram Bagh,Garden,Agra,Uttar Pradesh,Metro,27.1767,78.0081,Delhi,2021-22,2022,3,Mar,1,Summer,1,23.1,1.8,0.298,2693.0,8.0,2701.0,Low,1.0,6.123233995736766e-17,177.5,1,1,0,78.6
Monument,Ram Bagh,Garden,Agra,Uttar Pradesh,Metro,27.1767,78.0081,Delhi,2022-23,2022,4,Apr,2,Summer,0,29.3,0.6,0.298,4448.0,121.0,4570.0,Medium,0.8660254037844387,-0.4999999999999998,177.5,0,0,1,78.6
Monument,Ram Bagh,Garden,Agra,Uttar Pradesh,Metro,27.1767,78.0081,Delhi,2022-23,2022,5,May,2,Summer,0,32.8,2.1,0.298,4251.0,116.0,4367.0,Medium,0.49999999999999994,-0.8660254037844387,177.5,0,0,3,78.6
Monument,Ram Bagh,Garden,Agra,Uttar Pradesh,Metro,27.1767,78.0081,Delhi,2022-23,2022,6,Jun,2,Summer,0,33.3,3.7,0.298,4595.0,125.0,4720.0,Medium,1.2246467991473532e-16,-1.0,177.5,0,0,2,78.6
Monument,Ram Bagh,Garden,Agra,Uttar Pradesh,Metro,27.1767,78.0081,Delhi,2022-23,2022,7,Jul,3,Monsoon,0,31.1,8.7,0.298,5503.0,150.0,5653.0,Medium,-0.4999999999999997,-0.8660254037844388,177.5,0,0,0,78.6
Monument,Ram Bagh,Garden,Agra,Uttar Pradesh,Metro,27.1767,78.0081,Delhi,2022-23,2022,8,Aug,3,Monsoon,0,30.2,9.2,0.298,4536.0,124.0,4660.0,Medium,-0.8660254037844385,-0.5000000000000004,177.5,3,1,0,78.6
Monument,Ram Bagh,Garden,Agra,Uttar Pradesh,Metro,27.1767,78.0081,Delhi,2022-23,2022,9,Sep,3,Monsoon,0,29.2,7.3,0.298,4672.0,127.0,4799.0,Medium,-1.0,-1.8369701987210297e-16,177.5,1,1,0,78.6
Monument,Ram Bagh,Garden,Agra,Uttar Pradesh,Metro,27.1767,78.0081,Delhi,2022-23,2022,10,Oct,4,Autumn,1,25.6,0.9,0.298,5785.0,158.0,5943.0,Medium,-0.8660254037844386,0.5000000000000001,177.5,2,1,1,78.6
Monument,Ram Bagh,Garden,Agra,Uttar Pradesh,Metro,27.1767,78.0081,Delhi,2022-23,2022,11,Nov,4,Autumn,1,19.7,0.2,0.298,6629.0,181.0,6810.0,Medium,-0.5000000000000004,0.8660254037844384,177.5,0,0,0,78.6
Monument,Ram Bagh,Garden,Agra,Uttar Pradesh,Metro,27.1767,78.0081,Delhi,2022-23,2022,12,Dec,4,Winter,1,14.7,0.6,0.298,7294.0,199.0,7493.0,Medium,-2.4492935982947064e-16,1.0,177.5,1,1,2,78.6
Monument,Ram Bagh,Garden,Agra,Uttar Pradesh,Metro,27.1767,78.0081,Delhi,2022-23,2023,1,Jan,1,Winter,1,13.4,1.5,0.298,6798.0,185.0,6983.0,Medium,0.49999999999999994,0.8660254037844387,177.5,2,1,0,82.6
Monument,Ram Bagh,Garden,Agra,Uttar Pradesh,Metro,27.1767,78.0081,Delhi,2022-23,2023,2,Feb,1,Winter,1,17.3,1.7,0.298,7109.0,194.0,7303.0,Medium,0.8660254037844386,0.5000000000000001,177.5,0,0,0,82.6
Monument,Ram Bagh,Garden,Agra,Uttar Pradesh,Metro,27.1767,78.0081,Delhi,2022-23,2023,3,Mar,1,Summer,1,23.1,1.8,0.298,5869.0,160.0,6029.0,Medium,1.0,6.123233995736766e-17,177.5,1,1,0,82.6
Monument,Rani Jhansi Fort,Fort,Jhansi,Uttar Pradesh,Tier-2,25.4484,78.5685,Lucknow,2021-22,2021,4,Apr,2,Summer,0,30.0,0.4,0.738,20448.0,4.0,20452.0,High,0.8660254037844387,-0.4999999999999998,273.8,0,0,1,74.3
Monument,Rani Jhansi Fort,Fort,Jhansi,Uttar Pradesh,Tier-2,25.4484,78.5685,Lucknow,2021-22,2021,5,May,2,Summer,0,32.6,3.1,0.738,19539.0,4.0,19543.0,High,0.49999999999999994,-0.8660254037844387,273.8,0,0,3,74.3
Monument,Rani Jhansi Fort,Fort,Jhansi,Uttar Pradesh,Tier-2,25.4484,78.5685,Lucknow,2021-22,2021,6,Jun,2,Summer,0,32.6,4.8,0.738,21121.0,4.0,21125.0,High,1.2246467991473532e-16,-1.0,273.8,0,0,2,74.3
Monument,Rani Jhansi Fort,Fort,Jhansi,Uttar Pradesh,Tier-2,25.4484,78.5685,Lucknow,2021-22,2021,7,Jul,3,Monsoon,0,30.1,9.7,0.738,25296.0,5.0,25301.0,High,-0.4999999999999997,-0.8660254037844388,273.8,0,0,0,74.3
Monument,Rani Jhansi Fort,Fort,Jhansi,Uttar Pradesh,Tier-2,25.4484,78.5685,Lucknow,2021-22,2021,8,Aug,3,Monsoon,0,29.5,9.7,0.738,20851.0,4.0,20855.0,High,-0.8660254037844385,-0.5000000000000004,273.8,3,1,0,74.3
Monument,Rani Jhansi Fort,Fort,Jhansi,Uttar Pradesh,Tier-2,25.4484,78.5685,Lucknow,2021-22,2021,9,Sep,3,Monsoon,0,28.8,9.7,0.738,21475.0,4.0,21480.0,High,-1.0,-1.8369701987210297e-16,273.8,1,1,0,74.3
Monument,Rani Jhansi Fort,Fort,Jhansi,Uttar Pradesh,Tier-2,25.4484,78.5685,Lucknow,2021-22,2021,10,Oct,4,Autumn,1,26.0,1.7,0.738,26591.0,5.0,26596.0,High,-0.8660254037844386,0.5000000000000001,273.8,1,1,1,74.3
Monument,Rani Jhansi Fort,Fort,Jhansi,Uttar Pradesh,Tier-2,25.4484,78.5685,Lucknow,2021-22,2021,11,Nov,4,Autumn,1,20.7,0.4,0.738,30473.0,6.0,30478.0,High,-0.5000000000000004,0.8660254037844384,273.8,1,1,0,74.3
Monument,Rani Jhansi Fort,Fort,Jhansi,Uttar Pradesh,Tier-2,25.4484,78.5685,Lucknow,2021-22,2021,12,Dec,4,Winter,1,15.8,0.9,0.738,33531.0,6.0,33537.0,High,-2.4492935982947064e-16,1.0,273.8,1,1,2,74.3
Monument,Rani Jhansi Fort,Fort,Jhansi,Uttar Pradesh,Tier-2,25.4484,78.5685,Lucknow,2021-22,2022,1,Jan,1,Winter,1,14.1,1.4,0.738,31248.0,6.0,31254.0,High,0.49999999999999994,0.8660254037844387,273.8,2,1,0,78.6
Monument,Rani Jhansi Fort,Fort,Jhansi,Uttar Pradesh,Tier-2,25.4484,78.5685,Lucknow,2021-22,2022,2,Feb,1,Winter,1,18.4,1.5,0.738,32680.0,6.0,32686.0,High,0.8660254037844386,0.5000000000000001,273.8,0,0,0,78.6
Monument,Rani Jhansi Fort,Fort,Jhansi,Uttar Pradesh,Tier-2,25.4484,78.5685,Lucknow,2021-22,2022,3,Mar,1,Summer,1,23.9,0.8,0.738,26979.0,5.0,26984.0,High,1.0,6.123233995736766e-17,273.8,1,1,0,78.6
Monument,Rani Jhansi Fort,Fort,Jhansi,Uttar Pradesh,Tier-2,25.4484,78.5685,Lucknow,2022-23,2022,4,Apr,2,Summer,0,30.0,0.4,0.738,27012.0,19.0,27031.0,High,0.8660254037844387,-0.4999999999999998,273.8,0,0,1,78.6
Monument,Rani Jhansi Fort,Fort,Jhansi,Uttar Pradesh,Tier-2,25.4484,78.5685,Lucknow,2022-23,2022,5,May,2,Summer,0,32.6,3.1,0.738,25812.0,18.0,25830.0,High,0.49999999999999994,-0.8660254037844387,273.8,0,0,3,78.6
Monument,Rani Jhansi Fort,Fort,Jhansi,Uttar Pradesh,Tier-2,25.4484,78.5685,Lucknow,2022-23,2022,6,Jun,2,Summer,0,32.6,4.8,0.738,27901.0,20.0,27921.0,High,1.2246467991473532e-16,-1.0,273.8,0,0,2,78.6
Monument,Rani Jhansi Fort,Fort,Jhansi,Uttar Pradesh,Tier-2,25.4484,78.5685,Lucknow,2022-23,2022,7,Jul,3,Monsoon,0,30.1,9.7,0.738,33416.0,24.0,33440.0,High,-0.4999999999999997,-0.8660254037844388,273.8,0,0,0,78.6
Monument,Rani Jhansi Fort,Fort,Jhansi,Uttar Pradesh,Tier-2,25.4484,78.5685,Lucknow,2022-23,2022,8,Aug,3,Monsoon,0,29.5,9.7,0.738,27545.0,20.0,27564.0,High,-0.8660254037844385,-0.5000000000000004,273.8,3,1,0,78.6
Monument,Rani Jhansi Fort,Fort,Jhansi,Uttar Pradesh,Tier-2,25.4484,78.5685,Lucknow,2022-23,2022,9,Sep,3,Monsoon,0,28.8,9.7,0.738,28369.0,20.0,28390.0,High,-1.0,-1.8369701987210297e-16,273.8,1,1,0,78.6
Monument,Rani Jhansi Fort,Fort,Jhansi,Uttar Pradesh,Tier-2,25.4484,78.5685,Lucknow,2022-23,2022,10,Oct,4,Autumn,1,26.0,1.7,0.738,35127.0,25.0,35153.0,High,-0.8660254037844386,0.5000000000000001,273.8,2,1,1,78.6
Monument,Rani Jhansi Fort,Fort,Jhansi,Uttar Pradesh,Tier-2,25.4484,78.5685,Lucknow,2022-23,2022,11,Nov,4,Autumn,1,20.7,0.4,0.738,40255.0,29.0,40284.0,High,-0.5000000000000004,0.8660254037844384,273.8,0,0,0,78.6
Monument,Rani Jhansi Fort,Fort,Jhansi,Uttar Pradesh,Tier-2,25.4484,78.5685,Lucknow,2022-23,2022,12,Dec,4,Winter,1,15.8,0.9,0.738,44295.0,32.0,44326.0,High,-2.4492935982947064e-16,1.0,273.8,1,1,2,78.6
Monument,Rani Jhansi Fort,Fort,Jhansi,Uttar Pradesh,Tier-2,25.4484,78.5685,Lucknow,2022-23,2023,1,Jan,1,Winter,1,14.1,1.4,0.738,41279.0,29.0,41309.0,High,0.49999999999999994,0.8660254037844387,273.8,2,1,0,82.6
Monument,Rani Jhansi Fort,Fort,Jhansi,Uttar Pradesh,Tier-2,25.4484,78.5685,Lucknow,2022-23,2023,2,Feb,1,Winter,1,18.4,1.5,0.738,43171.0,31.0,43202.0,High,0.8660254037844386,0.5000000000000001,273.8,0,0,0,82.6
Monument,Rani Jhansi Fort,Fort,Jhansi,Uttar Pradesh,Tier-2,25.4484,78.5685,Lucknow,2022-23,2023,3,Mar,1,Summer,1,23.9,0.8,0.738,35640.0,25.0,35665.0,High,1.0,6.123233995736766e-17,273.8,1,1,0,82.6
Monument,"Rani Ki-Vav, Patan",Other Heritage Site,Vadodara,Gujarat,Metro,22.3072,73.1812,Mumbai,2021-22,2021,4,Apr,2,Summer,0,29.1,0.3,0.674,17706.0,15.0,17721.0,High,0.8660254037844387,-0.4999999999999998,102.3,0,0,1,74.3
Monument,"Rani Ki-Vav, Patan",Other Heritage Site,Vadodara,Gujarat,Metro,22.3072,73.1812,Mumbai,2021-22,2021,5,May,2,Summer,0,30.2,1.6,0.674,16919.0,14.0,16933.0,High,0.49999999999999994,-0.8660254037844387,102.3,0,0,3,74.3
Monument,"Rani Ki-Vav, Patan",Other Heritage Site,Vadodara,Gujarat,Metro,22.3072,73.1812,Mumbai,2021-22,2021,6,Jun,2,Summer,0,29.2,19.8,0.674,18288.0,16.0,18304.0,High,1.2246467991473532e-16,-1.0,102.3,0,0,2,74.3
Monument,"Rani Ki-Vav, Patan",Other Heritage Site,Vadodara,Gujarat,Metro,22.3072,73.1812,Mumbai,2021-22,2021,7,Jul,3,Monsoon,0,28.0,29.3,0.674,21904.0,19.0,21922.0,High,-0.4999999999999997,-0.8660254037844388,102.3,0,0,0,74.3
Monument,"Rani Ki-Vav, Patan",Other Heritage Site,Vadodara,Gujarat,Metro,22.3072,73.1812,Mumbai,2021-22,2021,8,Aug,3,Monsoon,0,27.7,17.0,0.674,18055.0,15.0,18070.0,High,-0.8660254037844385,-0.5000000000000004,102.3,3,1,0,74.3
Monument,"Rani Ki-Vav, Patan",Other Heritage Site,Vadodara,Gujarat,Metro,22.3072,73.1812,Mumbai,2021-22,2021,9,Sep,3,Monsoon,0,27.9,15.1,0.674,18595.0,16.0,18611.0,High,-1.0,-1.8369701987210297e-16,102.3,1,1,0,74.3
Monument,"Rani Ki-Vav, Patan",Other Heritage Site,Vadodara,Gujarat,Metro,22.3072,73.1812,Mumbai,2021-22,2021,10,Oct,4,Autumn,1,28.9,4.7,0.674,23025.0,20.0,23045.0,High,-0.8660254037844386,0.5000000000000001,102.3,1,1,1,74.3
Monument,"Rani Ki-Vav, Patan",Other Heritage Site,Vadodara,Gujarat,Metro,22.3072,73.1812,Mumbai,2021-22,2021,11,Nov,4,Autumn,1,28.2,0.8,0.674,26386.0,22.0,26408.0,High,-0.5000000000000004,0.8660254037844384,102.3,1,1,0,74.3
Monument,"Rani Ki-Vav, Patan",Other Heritage Site,Vadodara,Gujarat,Metro,22.3072,73.1812,Mumbai,2021-22,2021,12,Dec,4,Winter,1,25.9,0.9,0.674,29034.0,25.0,29059.0,High,-2.4492935982947064e-16,1.0,102.3,1,1,2,74.3
Monument,"Rani Ki-Vav, Patan",Other Heritage Site,Vadodara,Gujarat,Metro,22.3072,73.1812,Mumbai,2021-22,2022,1,Jan,1,Winter,1,24.6,0.1,0.674,27058.0,23.0,27081.0,High,0.49999999999999994,0.8660254037844387,102.3,2,1,0,78.6
Monument,"Rani Ki-Vav, Patan",Other Heritage Site,Vadodara,Gujarat,Metro,22.3072,73.1812,Mumbai,2021-22,2022,2,Feb,1,Winter,1,25.7,0.0,0.674,28297.0,24.0,28321.0,High,0.8660254037844386,0.5000000000000001,102.3,0,0,0,78.6
Monument,"Rani Ki-Vav, Patan",Other Heritage Site,Vadodara,Gujarat,Metro,22.3072,73.1812,Mumbai,2021-22,2022,3,Mar,1,Summer,1,27.8,0.3,0.674,23361.0,20.0,23381.0,High,1.0,6.123233995736766e-17,102.3,1,1,0,78.6
Monument,"Rani Ki-Vav, Patan",Other Heritage Site,Vadodara,Gujarat,Metro,22.3072,73.1812,Mumbai,2022-23,2022,4,Apr,2,Summer,0,29.1,0.3,0.674,23186.0,148.0,23334.0,High,0.8660254037844387,-0.4999999999999998,102.3,0,0,1,78.6
Monument,"Rani Ki-Vav, Patan",Other Heritage Site,Vadodara,Gujarat,Metro,22.3072,73.1812,Mumbai,2022-23,2022,5,May,2,Summer,0,30.2,1.6,0.674,22155.0,142.0,22297.0,High,0.49999999999999994,-0.8660254037844387,102.3,0,0,3,78.6
Monument,"Rani Ki-Vav, Patan",Other Heritage Site,Vadodara,Gujarat,Metro,22.3072,73.1812,Mumbai,2022-23,2022,6,Jun,2,Summer,0,29.2,19.8,0.674,23948.0,153.0,24101.0,High,1.2246467991473532e-16,-1.0,102.3,0,0,2,78.6
Monument,"Rani Ki-Vav, Patan",Other Heritage Site,Vadodara,Gujarat,Metro,22.3072,73.1812,Mumbai,2022-23,2022,7,Jul,3,Monsoon,0,28.0,29.3,0.674,28683.0,183.0,28866.0,High,-0.4999999999999997,-0.8660254037844388,102.3,0,0,0,78.6
Monument,"Rani Ki-Vav, Patan",Other Heritage Site,Vadodara,Gujarat,Metro,22.3072,73.1812,Mumbai,2022-23,2022,8,Aug,3,Monsoon,0,27.7,17.0,0.674,23643.0,151.0,23794.0,High,-0.8660254037844385,-0.5000000000000004,102.3,3,1,0,78.6
Monument,"Rani Ki-Vav, Patan",Other Heritage Site,Vadodara,Gujarat,Metro,22.3072,73.1812,Mumbai,2022-23,2022,9,Sep,3,Monsoon,0,27.9,15.1,0.674,24351.0,156.0,24506.0,High,-1.0,-1.8369701987210297e-16,102.3,1,1,0,78.6
Monument,"Rani Ki-Vav, Patan",Other Heritage Site,Vadodara,Gujarat,Metro,22.3072,73.1812,Mumbai,2022-23,2022,10,Oct,4,Autumn,1,28.9,4.7,0.674,30151.0,193.0,30344.0,High,-0.8660254037844386,0.5000000000000001,102.3,2,1,1,78.6
Monument,"Rani Ki-Vav, Patan",Other Heritage Site,Vadodara,Gujarat,Metro,22.3072,73.1812,Mumbai,2022-23,2022,11,Nov,4,Autumn,1,28.2,0.8,0.674,34552.0,221.0,34773.0,High,-0.5000000000000004,0.8660254037844384,102.3,0,0,0,78.6
Monument,"Rani Ki-Vav, Patan",Other Heritage Site,Vadodara,Gujarat,Metro,22.3072,73.1812,Mumbai,2022-23,2022,12,Dec,4,Winter,1,25.9,0.9,0.674,38020.0,243.0,38263.0,High,-2.4492935982947064e-16,1.0,102.3,1,1,2,78.6
Monument,"Rani Ki-Vav, Patan",Other Heritage Site,Vadodara,Gujarat,Metro,22.3072,73.1812,Mumbai,2022-23,2023,1,Jan,1,Winter,1,24.6,0.1,0.674,35432.0,226.0,35658.0,High,0.49999999999999994,0.8660254037844387,102.3,2,1,0,82.6
Monument,"Rani Ki-Vav, Patan",Other Heritage Site,Vadodara,Gujarat,Metro,22.3072,73.1812,Mumbai,2022-23,2023,2,Feb,1,Winter,1,25.7,0.0,0.674,37055.0,237.0,37292.0,High,0.8660254037844386,0.5000000000000001,102.3,0,0,0,82.6
Monument,"Rani Ki-Vav, Patan",Other Heritage Site,Vadodara,Gujarat,Metro,22.3072,73.1812,Mumbai,2022-23,2023,3,Mar,1,Summer,1,27.8,0.3,0.674,30591.0,195.0,30787.0,High,1.0,6.123233995736766e-17,102.3,1,1,0,82.6
Monument,Rani Lakshmi Bai Mahal,Palace,Jhansi,Uttar Pradesh,Tier-2,25.4484,78.5685,Lucknow,2021-22,2021,4,Apr,2,Summer,0,30.0,0.4,0.121,714.0,0.0,714.0,Low,0.8660254037844387,-0.4999999999999998,273.8,0,0,1,74.3
Monument,Rani Lakshmi Bai Mahal,Palace,Jhansi,Uttar Pradesh,Tier-2,25.4484,78.5685,Lucknow,2021-22,2021,5,May,2,Summer,0,32.6,3.1,0.121,682.0,0.0,682.0,Low,0.49999999999999994,-0.8660254037844387,273.8,0,0,3,74.3
Monument,Rani Lakshmi Bai Mahal,Palace,Jhansi,Uttar Pradesh,Tier-2,25.4484,78.5685,Lucknow,2021-22,2021,6,Jun,2,Summer,0,32.6,4.8,0.121,738.0,0.0,738.0,Low,1.2246467991473532e-16,-1.0,273.8,0,0,2,74.3
Monument,Rani Lakshmi Bai Mahal,Palace,Jhansi,Uttar Pradesh,Tier-2,25.4484,78.5685,Lucknow,2021-22,2021,7,Jul,3,Monsoon,0,30.1,9.7,0.121,884.0,0.0,884.0,Low,-0.4999999999999997,-0.8660254037844388,273.8,0,0,0,74.3
Monument,Rani Lakshmi Bai Mahal,Palace,Jhansi,Uttar Pradesh,Tier-2,25.4484,78.5685,Lucknow,2021-22,2021,8,Aug,3,Monsoon,0,29.5,9.7,0.121,728.0,0.0,728.0,Low,-0.8660254037844385,-0.5000000000000004,273.8,3,1,0,74.3
Monument,Rani Lakshmi Bai Mahal,Palace,Jhansi,Uttar Pradesh,Tier-2,25.4484,78.5685,Lucknow,2021-22,2021,9,Sep,3,Monsoon,0,28.8,9.7,0.121,750.0,0.0,750.0,Low,-1.0,-1.8369701987210297e-16,273.8,1,1,0,74.3
Monument,Rani Lakshmi Bai Mahal,Palace,Jhansi,Uttar Pradesh,Tier-2,25.4484,78.5685,Lucknow,2021-22,2021,10,Oct,4,Autumn,1,26.0,1.7,0.121,929.0,0.0,929.0,Low,-0.8660254037844386,0.5000000000000001,273.8,1,1,1,74.3
Monument,Rani Lakshmi Bai Mahal,Palace,Jhansi,Uttar Pradesh,Tier-2,25.4484,78.5685,Lucknow,2021-22,2021,11,Nov,4,Autumn,1,20.7,0.4,0.121,1064.0,0.0,1064.0,Low,-0.5000000000000004,0.8660254037844384,273.8,1,1,0,74.3
Monument,Rani Lakshmi Bai Mahal,Palace,Jhansi,Uttar Pradesh,Tier-2,25.4484,78.5685,Lucknow,2021-22,2021,12,Dec,4,Winter,1,15.8,0.9,0.121,1171.0,0.0,1171.0,Low,-2.4492935982947064e-16,1.0,273.8,1,1,2,74.3
Monument,Rani Lakshmi Bai Mahal,Palace,Jhansi,Uttar Pradesh,Tier-2,25.4484,78.5685,Lucknow,2021-22,2022,1,Jan,1,Winter,1,14.1,1.4,0.121,1091.0,0.0,1091.0,Low,0.49999999999999994,0.8660254037844387,273.8,2,1,0,78.6
Monument,Rani Lakshmi Bai Mahal,Palace,Jhansi,Uttar Pradesh,Tier-2,25.4484,78.5685,Lucknow,2021-22,2022,2,Feb,1,Winter,1,18.4,1.5,0.121,1141.0,0.0,1141.0,Low,0.8660254037844386,0.5000000000000001,273.8,0,0,0,78.6
Monument,Rani Lakshmi Bai Mahal,Palace,Jhansi,Uttar Pradesh,Tier-2,25.4484,78.5685,Lucknow,2021-22,2022,3,Mar,1,Summer,1,23.9,0.8,0.121,942.0,0.0,942.0,Low,1.0,6.123233995736766e-17,273.8,1,1,0,78.6
Monument,Rani Lakshmi Bai Mahal,Palace,Jhansi,Uttar Pradesh,Tier-2,25.4484,78.5685,Lucknow,2022-23,2022,4,Apr,2,Summer,0,30.0,0.4,0.121,1020.0,2.0,1021.0,Low,0.8660254037844387,-0.4999999999999998,273.8,0,0,1,78.6
Monument,Rani Lakshmi Bai Mahal,Palace,Jhansi,Uttar Pradesh,Tier-2,25.4484,78.5685,Lucknow,2022-23,2022,5,May,2,Summer,0,32.6,3.1,0.121,974.0,2.0,976.0,Low,0.49999999999999994,-0.8660254037844387,273.8,0,0,3,78.6
Monument,Rani Lakshmi Bai Mahal,Palace,Jhansi,Uttar Pradesh,Tier-2,25.4484,78.5685,Lucknow,2022-23,2022,6,Jun,2,Summer,0,32.6,4.8,0.121,1053.0,2.0,1055.0,Low,1.2246467991473532e-16,-1.0,273.8,0,0,2,78.6
Monument,Rani Lakshmi Bai Mahal,Palace,Jhansi,Uttar Pradesh,Tier-2,25.4484,78.5685,Lucknow,2022-23,2022,7,Jul,3,Monsoon,0,30.1,9.7,0.121,1261.0,2.0,1264.0,Low,-0.4999999999999997,-0.8660254037844388,273.8,0,0,0,78.6
Monument,Rani Lakshmi Bai Mahal,Palace,Jhansi,Uttar Pradesh,Tier-2,25.4484,78.5685,Lucknow,2022-23,2022,8,Aug,3,Monsoon,0,29.5,9.7,0.121,1040.0,2.0,1042.0,Low,-0.8660254037844385,-0.5000000000000004,273.8,3,1,0,78.6
Monument,Rani Lakshmi Bai Mahal,Palace,Jhansi,Uttar Pradesh,Tier-2,25.4484,78.5685,Lucknow,2022-23,2022,9,Sep,3,Monsoon,0,28.8,9.7,0.121,1071.0,2.0,1073.0,Low,-1.0,-1.8369701987210297e-16,273.8,1,1,0,78.6
Monument,Rani Lakshmi Bai Mahal,Palace,Jhansi,Uttar Pradesh,Tier-2,25.4484,78.5685,Lucknow,2022-23,2022,10,Oct,4,Autumn,1,26.0,1.7,0.121,1326.0,2.0,1328.0,Low,-0.8660254037844386,0.5000000000000001,273.8,2,1,1,78.6
Monument,Rani Lakshmi Bai Mahal,Palace,Jhansi,Uttar Pradesh,Tier-2,25.4484,78.5685,Lucknow,2022-23,2022,11,Nov,4,Autumn,1,20.7,0.4,0.121,1520.0,3.0,1522.0,Low,-0.5000000000000004,0.8660254037844384,273.8,0,0,0,78.6
Monument,Rani Lakshmi Bai Mahal,Palace,Jhansi,Uttar Pradesh,Tier-2,25.4484,78.5685,Lucknow,2022-23,2022,12,Dec,4,Winter,1,15.8,0.9,0.121,1672.0,3.0,1675.0,Low,-2.4492935982947064e-16,1.0,273.8,1,1,2,78.6
Monument,Rani Lakshmi Bai Mahal,Palace,Jhansi,Uttar Pradesh,Tier-2,25.4484,78.5685,Lucknow,2022-23,2023,1,Jan,1,Winter,1,14.1,1.4,0.121,1558.0,3.0,1561.0,Low,0.49999999999999994,0.8660254037844387,273.8,2,1,0,82.6
Monument,Rani Lakshmi Bai Mahal,Palace,Jhansi,Uttar Pradesh,Tier-2,25.4484,78.5685,Lucknow,2022-23,2023,2,Feb,1,Winter,1,18.4,1.5,0.121,1630.0,3.0,1632.0,Low,0.8660254037844386,0.5000000000000001,273.8,0,0,0,82.6
Monument,Rani Lakshmi Bai Mahal,Palace,Jhansi,Uttar Pradesh,Tier-2,25.4484,78.5685,Lucknow,2022-23,2023,3,Mar,1,Summer,1,23.9,0.8,0.121,1345.0,2.0,1348.0,Low,1.0,6.123233995736766e-17,273.8,1,1,0,82.6
Monument,Red Fort,Fort,Delhi,Delhi,Metro,28.7041,77.1025,Delhi,2021-22,2021,4,Apr,2,Summer,0,29.3,0.6,0.872,87234.0,368.0,87602.0,High,0.8660254037844387,-0.4999999999999998,16.4,0,0,1,74.3
Monument,Red Fort,Fort,Delhi,Delhi,Metro,28.7041,77.1025,Delhi,2021-22,2021,5,May,2,Summer,0,32.8,2.1,0.872,83358.0,351.0,83709.0,High,0.49999999999999994,-0.8660254037844387,16.4,0,0,3,74.3
Monument,Red Fort,Fort,Delhi,Delhi,Metro,28.7041,77.1025,Delhi,2021-22,2021,6,Jun,2,Summer,0,33.3,3.7,0.872,90104.0,380.0,90484.0,High,1.2246467991473532e-16,-1.0,16.4,0,0,2,74.3
Monument,Red Fort,Fort,Delhi,Delhi,Metro,28.7041,77.1025,Delhi,2021-22,2021,7,Jul,3,Monsoon,0,31.1,8.7,0.872,107916.0,455.0,108371.0,High,-0.4999999999999997,-0.8660254037844388,16.4,0,0,0,74.3
Monument,Red Fort,Fort,Delhi,Delhi,Metro,28.7041,77.1025,Delhi,2021-22,2021,8,Aug,3,Monsoon,0,30.2,9.2,0.872,88954.0,375.0,89329.0,High,-0.8660254037844385,-0.5000000000000004,16.4,3,1,0,74.3
Monument,Red Fort,Fort,Delhi,Delhi,Metro,28.7041,77.1025,Delhi,2021-22,2021,9,Sep,3,Monsoon,0,29.2,7.3,0.872,91618.0,386.0,92004.0,High,-1.0,-1.8369701987210297e-16,16.4,1,1,0,74.3
Monument,Red Fort,Fort,Delhi,Delhi,Metro,28.7041,77.1025,Delhi,2021-22,2021,10,Oct,4,Autumn,1,25.6,0.9,0.872,113443.0,478.0,113921.0,High,-0.8660254037844386,0.5000000000000001,16.4,1,1,1,74.3
Monument,Red Fort,Fort,Delhi,Delhi,Metro,28.7041,77.1025,Delhi,2021-22,2021,11,Nov,4,Autumn,1,19.7,0.2,0.872,130001.0,548.0,130549.0,High,-0.5000000000000004,0.8660254037844384,16.4,1,1,0,74.3
Monument,Red Fort,Fort,Delhi,Delhi,Metro,28.7041,77.1025,Delhi,2021-22,2021,12,Dec,4,Winter,1,14.7,0.6,0.872,143048.0,603.0,143651.0,High,-2.4492935982947064e-16,1.0,16.4,1,1,2,74.3
Monument,Red Fort,Fort,Delhi,Delhi,Metro,28.7041,77.1025,Delhi,2021-22,2022,1,Jan,1,Winter,1,13.4,1.5,0.872,133310.0,562.0,133872.0,High,0.49999999999999994,0.8660254037844387,16.4,2,1,0,78.6
Monument,Red Fort,Fort,Delhi,Delhi,Metro,28.7041,77.1025,Delhi,2021-22,2022,2,Feb,1,Winter,1,17.3,1.7,0.872,139418.0,588.0,140006.0,High,0.8660254037844386,0.5000000000000001,16.4,0,0,0,78.6
Monument,Red Fort,Fort,Delhi,Delhi,Metro,28.7041,77.1025,Delhi,2021-22,2022,3,Mar,1,Summer,1,23.1,1.8,0.872,115098.0,485.0,115583.0,High,1.0,6.123233995736766e-17,16.4,1,1,0,78.6
Monument,Red Fort,Fort,Delhi,Delhi,Metro,28.7041,77.1025,Delhi,2022-23,2022,4,Apr,2,Summer,0,29.3,0.6,0.872,145972.0,3234.0,149205.0,High,0.8660254037844387,-0.4999999999999998,16.4,0,0,1,78.6
Monument,Red Fort,Fort,Delhi,Delhi,Metro,28.7041,77.1025,Delhi,2022-23,2022,5,May,2,Summer,0,32.8,2.1,0.872,139485.0,3090.0,142575.0,High,0.49999999999999994,-0.8660254037844387,16.4,0,0,3,78.6
Monument,Red Fort,Fort,Delhi,Delhi,Metro,28.7041,77.1025,Delhi,2022-23,2022,6,Jun,2,Summer,0,33.3,3.7,0.872,150774.0,3340.0,154114.0,High,1.2246467991473532e-16,-1.0,16.4,0,0,2,78.6
Monument,Red Fort,Fort,Delhi,Delhi,Metro,28.7041,77.1025,Delhi,2022-23,2022,7,Jul,3,Monsoon,0,31.1,8.7,0.872,180580.0,4000.0,184580.0,High,-0.4999999999999997,-0.8660254037844388,16.4,0,0,0,78.6
Monument,Red Fort,Fort,Delhi,Delhi,Metro,28.7041,77.1025,Delhi,2022-23,2022,8,Aug,3,Monsoon,0,30.2,9.2,0.872,148849.0,3297.0,152147.0,High,-0.8660254037844385,-0.5000000000000004,16.4,3,1,0,78.6
Monument,Red Fort,Fort,Delhi,Delhi,Metro,28.7041,77.1025,Delhi,2022-23,2022,9,Sep,3,Monsoon,0,29.2,7.3,0.872,153307.0,3396.0,156703.0,High,-1.0,-1.8369701987210297e-16,16.4,1,1,0,78.6
Monument,Red Fort,Fort,Delhi,Delhi,Metro,28.7041,77.1025,Delhi,2022-23,2022,10,Oct,4,Autumn,1,25.6,0.9,0.872,189827.0,4205.0,194032.0,High,-0.8660254037844386,0.5000000000000001,16.4,2,1,1,78.6
Monument,Red Fort,Fort,Delhi,Delhi,Metro,28.7041,77.1025,Delhi,2022-23,2022,11,Nov,4,Autumn,1,19.7,0.2,0.872,217535.0,4819.0,222354.0,High,-0.5000000000000004,0.8660254037844384,16.4,0,0,0,78.6
Monument,Red Fort,Fort,Delhi,Delhi,Metro,28.7041,77.1025,Delhi,2022-23,2022,12,Dec,4,Winter,1,14.7,0.6,0.872,239366.0,5303.0,244669.0,High,-2.4492935982947064e-16,1.0,16.4,1,1,2,78.6
Monument,Red Fort,Fort,Delhi,Delhi,Metro,28.7041,77.1025,Delhi,2022-23,2023,1,Jan,1,Winter,1,13.4,1.5,0.872,223072.0,4942.0,228013.0,High,0.49999999999999994,0.8660254037844387,16.4,2,1,0,82.6
Monument,Red Fort,Fort,Delhi,Delhi,Metro,28.7041,77.1025,Delhi,2022-23,2023,2,Feb,1,Winter,1,17.3,1.7,0.872,233293.0,5168.0,238461.0,High,0.8660254037844386,0.5000000000000001,16.4,0,0,0,82.6
Monument,Red Fort,Fort,Delhi,Delhi,Metro,28.7041,77.1025,Delhi,2022-23,2023,3,Mar,1,Summer,1,23.1,1.8,0.872,192597.0,4266.0,196864.0,High,1.0,6.123233995736766e-17,16.4,1,1,0,82.6
Monument,Residency Building,Other Heritage Site,Lucknow,Uttar Pradesh,Tier-2,26.8467,80.9462,Lucknow,2021-22,2021,4,Apr,2,Summer,0,30.0,0.4,0.482,7371.0,9.0,7379.0,Medium,0.8660254037844387,-0.4999999999999998,11.1,0,0,1,74.3
Monument,Residency Building,Other Heritage Site,Lucknow,Uttar Pradesh,Tier-2,26.8467,80.9462,Lucknow,2021-22,2021,5,May,2,Summer,0,32.6,3.1,0.482,7043.0,8.0,7051.0,Medium,0.49999999999999994,-0.8660254037844387,11.1,0,0,3,74.3
Monument,Residency Building,Other Heritage Site,Lucknow,Uttar Pradesh,Tier-2,26.8467,80.9462,Lucknow,2021-22,2021,6,Jun,2,Summer,0,32.6,4.8,0.482,7613.0,9.0,7622.0,Medium,1.2246467991473532e-16,-1.0,11.1,0,0,2,74.3
Monument,Residency Building,Other Heritage Site,Lucknow,Uttar Pradesh,Tier-2,26.8467,80.9462,Lucknow,2021-22,2021,7,Jul,3,Monsoon,0,30.1,9.7,0.482,9118.0,11.0,9129.0,Medium,-0.4999999999999997,-0.8660254037844388,11.1,0,0,0,74.3
Monument,Residency Building,Other Heritage Site,Lucknow,Uttar Pradesh,Tier-2,26.8467,80.9462,Lucknow,2021-22,2021,8,Aug,3,Monsoon,0,29.5,9.7,0.482,7516.0,9.0,7525.0,Medium,-0.8660254037844385,-0.5000000000000004,11.1,3,1,0,74.3
Monument,Residency Building,Other Heritage Site,Lucknow,Uttar Pradesh,Tier-2,26.8467,80.9462,Lucknow,2021-22,2021,9,Sep,3,Monsoon,0,28.8,9.7,0.482,7741.0,9.0,7750.0,Medium,-1.0,-1.8369701987210297e-16,11.1,1,1,0,74.3
Monument,Residency Building,Other Heritage Site,Lucknow,Uttar Pradesh,Tier-2,26.8467,80.9462,Lucknow,2021-22,2021,10,Oct,4,Autumn,1,26.0,1.7,0.482,9585.0,11.0,9596.0,Medium,-0.8660254037844386,0.5000000000000001,11.1,1,1,1,74.3
Monument,Residency Building,Other Heritage Site,Lucknow,Uttar Pradesh,Tier-2,26.8467,80.9462,Lucknow,2021-22,2021,11,Nov,4,Autumn,1,20.7,0.4,0.482,10984.0,13.0,10997.0,Medium,-0.5000000000000004,0.8660254037844384,11.1,1,1,0,74.3
Monument,Residency Building,Other Heritage Site,Lucknow,Uttar Pradesh,Tier-2,26.8467,80.9462,Lucknow,2021-22,2021,12,Dec,4,Winter,1,15.8,0.9,0.482,12087.0,14.0,12101.0,Medium,-2.4492935982947064e-16,1.0,11.1,1,1,2,74.3
Monument,Residency Building,Other Heritage Site,Lucknow,Uttar Pradesh,Tier-2,26.8467,80.9462,Lucknow,2021-22,2022,1,Jan,1,Winter,1,14.1,1.4,0.482,11264.0,13.0,11277.0,Medium,0.49999999999999994,0.8660254037844387,11.1,2,1,0,78.6
Monument,Residency Building,Other Heritage Site,Lucknow,Uttar Pradesh,Tier-2,26.8467,80.9462,Lucknow,2021-22,2022,2,Feb,1,Winter,1,18.4,1.5,0.482,11780.0,14.0,11794.0,Medium,0.8660254037844386,0.5000000000000001,11.1,0,0,0,78.6
Monument,Residency Building,Other Heritage Site,Lucknow,Uttar Pradesh,Tier-2,26.8467,80.9462,Lucknow,2021-22,2022,3,Mar,1,Summer,1,23.9,0.8,0.482,9725.0,11.0,9736.0,Medium,1.0,6.123233995736766e-17,11.1,1,1,0,78.6
Monument,Residency Building,Other Heritage Site,Lucknow,Uttar Pradesh,Tier-2,26.8467,80.9462,Lucknow,2022-23,2022,4,Apr,2,Summer,0,30.0,0.4,0.482,10050.0,118.0,10168.0,Medium,0.8660254037844387,-0.4999999999999998,11.1,0,0,1,78.6
Monument,Residency Building,Other Heritage Site,Lucknow,Uttar Pradesh,Tier-2,26.8467,80.9462,Lucknow,2022-23,2022,5,May,2,Summer,0,32.6,3.1,0.482,9604.0,113.0,9716.0,Medium,0.49999999999999994,-0.8660254037844387,11.1,0,0,3,78.6
Monument,Residency Building,Other Heritage Site,Lucknow,Uttar Pradesh,Tier-2,26.8467,80.9462,Lucknow,2022-23,2022,6,Jun,2,Summer,0,32.6,4.8,0.482,10381.0,122.0,10503.0,Medium,1.2246467991473532e-16,-1.0,11.1,0,0,2,78.6
Monument,Residency Building,Other Heritage Site,Lucknow,Uttar Pradesh,Tier-2,26.8467,80.9462,Lucknow,2022-23,2022,7,Jul,3,Monsoon,0,30.1,9.7,0.482,12433.0,146.0,12579.0,Medium,-0.4999999999999997,-0.8660254037844388,11.1,0,0,0,78.6
Monument,Residency Building,Other Heritage Site,Lucknow,Uttar Pradesh,Tier-2,26.8467,80.9462,Lucknow,2022-23,2022,8,Aug,3,Monsoon,0,29.5,9.7,0.482,10248.0,120.0,10369.0,Medium,-0.8660254037844385,-0.5000000000000004,11.1,3,1,0,78.6
Monument,Residency Building,Other Heritage Site,Lucknow,Uttar Pradesh,Tier-2,26.8467,80.9462,Lucknow,2022-23,2022,9,Sep,3,Monsoon,0,28.8,9.7,0.482,10555.0,124.0,10679.0,Medium,-1.0,-1.8369701987210297e-16,11.1,1,1,0,78.6
Monument,Residency Building,Other Heritage Site,Lucknow,Uttar Pradesh,Tier-2,26.8467,80.9462,Lucknow,2022-23,2022,10,Oct,4,Autumn,1,26.0,1.7,0.482,13070.0,153.0,13223.0,Medium,-0.8660254037844386,0.5000000000000001,11.1,2,1,1,78.6
Monument,Residency Building,Other Heritage Site,Lucknow,Uttar Pradesh,Tier-2,26.8467,80.9462,Lucknow,2022-23,2022,11,Nov,4,Autumn,1,20.7,0.4,0.482,14977.0,176.0,15153.0,Medium,-0.5000000000000004,0.8660254037844384,11.1,0,0,0,78.6
Monument,Residency Building,Other Heritage Site,Lucknow,Uttar Pradesh,Tier-2,26.8467,80.9462,Lucknow,2022-23,2022,12,Dec,4,Winter,1,15.8,0.9,0.482,16480.0,193.0,16674.0,Medium,-2.4492935982947064e-16,1.0,11.1,1,1,2,78.6
Monument,Residency Building,Other Heritage Site,Lucknow,Uttar Pradesh,Tier-2,26.8467,80.9462,Lucknow,2022-23,2023,1,Jan,1,Winter,1,14.1,1.4,0.482,15359.0,180.0,15539.0,Medium,0.49999999999999994,0.8660254037844387,11.1,2,1,0,82.6
Monument,Residency Building,Other Heritage Site,Lucknow,Uttar Pradesh,Tier-2,26.8467,80.9462,Lucknow,2022-23,2023,2,Feb,1,Winter,1,18.4,1.5,0.482,16062.0,188.0,16251.0,Medium,0.8660254037844386,0.5000000000000001,11.1,0,0,0,82.6
Monument,Residency Building,Other Heritage Site,Lucknow,Uttar Pradesh,Tier-2,26.8467,80.9462,Lucknow,2022-23,2023,3,Mar,1,Summer,1,23.9,0.8,0.482,13260.0,156.0,13416.0,Medium,1.0,6.123233995736766e-17,11.1,1,1,0,82.6
Monument,"Rock-cut Jain Temple, Sittannavasasl",Temple,Thiruchirapalli,Tamil Nadu,Metro,10.7905,78.7047,Bangalore,2021-22,2021,4,Apr,2,Summer,0,27.4,4.6,0.305,2927.0,3.0,2930.0,Low,0.8660254037844387,-0.4999999999999998,183.3,0,0,1,74.3
Monument,"Rock-cut Jain Temple, Sittannavasasl",Temple,Thiruchirapalli,Tamil Nadu,Metro,10.7905,78.7047,Bangalore,2021-22,2021,5,May,2,Summer,0,26.4,5.8,0.305,2797.0,3.0,2800.0,Low,0.49999999999999994,-0.8660254037844387,183.3,0,0,3,74.3
Monument,"Rock-cut Jain Temple, Sittannavasasl",Temple,Thiruchirapalli,Tamil Nadu,Metro,10.7905,78.7047,Bangalore,2021-22,2021,6,Jun,2,Summer,0,24.3,4.2,0.305,3023.0,3.0,3027.0,Low,1.2246467991473532e-16,-1.0,183.3,0,0,2,74.3
Monument,"Rock-cut Jain Temple, Sittannavasasl",Temple,Thiruchirapalli,Tamil Nadu,Metro,10.7905,78.7047,Bangalore,2021-22,2021,7,Jul,3,Monsoon,0,23.3,4.8,0.305,3621.0,4.0,3625.0,Low,-0.4999999999999997,-0.8660254037844388,183.3,0,0,0,74.3
Monument,"Rock-cut Jain Temple, Sittannavasasl",Temple,Thiruchirapalli,Tamil Nadu,Metro,10.7905,78.7047,Bangalore,2021-22,2021,8,Aug,3,Monsoon,0,23.1,5.7,0.305,2985.0,3.0,2988.0,Low,-0.8660254037844385,-0.5000000000000004,183.3,3,1,0,74.3
Monument,"Rock-cut Jain Temple, Sittannavasasl",Temple,Thiruchirapalli,Tamil Nadu,Metro,10.7905,78.7047,Bangalore,2021-22,2021,9,Sep,3,Monsoon,0,23.6,8.0,0.305,3074.0,3.0,3077.0,Low,-1.0,-1.8369701987210297e-16,183.3,1,1,0,74.3
Monument,"Rock-cut Jain Temple, Sittannavasasl",Temple,Thiruchirapalli,Tamil Nadu,Metro,10.7905,78.7047,Bangalore,2021-22,2021,10,Oct,4,Autumn,1,23.2,8.0,0.305,3806.0,4.0,3811.0,Low,-0.8660254037844386,0.5000000000000001,183.3,1,1,1,74.3
Monument,"Rock-cut Jain Temple, Sittannavasasl",Temple,Thiruchirapalli,Tamil Nadu,Metro,10.7905,78.7047,Bangalore,2021-22,2021,11,Nov,4,Autumn,1,22.1,3.7,0.305,4362.0,5.0,4367.0,Medium,-0.5000000000000004,0.8660254037844384,183.3,1,1,0,74.3
Monument,"Rock-cut Jain Temple, Sittannavasasl",Temple,Thiruchirapalli,Tamil Nadu,Metro,10.7905,78.7047,Bangalore,2021-22,2021,12,Dec,4,Winter,1,21.0,1.2,0.305,4800.0,5.0,4805.0,Medium,-2.4492935982947064e-16,1.0,183.3,1,1,2,74.3
Monument,"Rock-cut Jain Temple, Sittannavasasl",Temple,Thiruchirapalli,Tamil Nadu,Metro,10.7905,78.7047,Bangalore,2021-22,2022,1,Jan,1,Winter,1,21.5,0.1,0.305,4473.0,5.0,4478.0,Medium,0.49999999999999994,0.8660254037844387,183.3,2,1,0,78.6
Monument,"Rock-cut Jain Temple, Sittannavasasl",Temple,Thiruchirapalli,Tamil Nadu,Metro,10.7905,78.7047,Bangalore,2021-22,2022,2,Feb,1,Winter,1,23.7,0.4,0.305,4678.0,5.0,4683.0,Medium,0.8660254037844386,0.5000000000000001,183.3,0,0,0,78.6
Monument,"Rock-cut Jain Temple, Sittannavasasl",Temple,Thiruchirapalli,Tamil Nadu,Metro,10.7905,78.7047,Bangalore,2021-22,2022,3,Mar,1,Summer,1,26.4,1.2,0.305,3862.0,4.0,3866.0,Low,1.0,6.123233995736766e-17,183.3,1,1,0,78.6
Monument,"Rock-cut Jain Temple, Sittannavasasl",Temple,Thiruchirapalli,Tamil Nadu,Metro,10.7905,78.7047,Bangalore,2022-23,2022,4,Apr,2,Summer,0,27.4,4.6,0.305,3719.0,8.0,3727.0,Low,0.8660254037844387,-0.4999999999999998,183.3,0,0,1,78.6
Monument,"Rock-cut Jain Temple, Sittannavasasl",Temple,Thiruchirapalli,Tamil Nadu,Metro,10.7905,78.7047,Bangalore,2022-23,2022,5,May,2,Summer,0,26.4,5.8,0.305,3554.0,7.0,3561.0,Low,0.49999999999999994,-0.8660254037844387,183.3,0,0,3,78.6
Monument,"Rock-cut Jain Temple, Sittannavasasl",Temple,Thiruchirapalli,Tamil Nadu,Metro,10.7905,78.7047,Bangalore,2022-23,2022,6,Jun,2,Summer,0,24.3,4.2,0.305,3841.0,8.0,3849.0,Low,1.2246467991473532e-16,-1.0,183.3,0,0,2,78.6
Monument,"Rock-cut Jain Temple, Sittannavasasl",Temple,Thiruchirapalli,Tamil Nadu,Metro,10.7905,78.7047,Bangalore,2022-23,2022,7,Jul,3,Monsoon,0,23.3,4.8,0.305,4601.0,9.0,4610.0,Medium,-0.4999999999999997,-0.8660254037844388,183.3,0,0,0,78.6
Monument,"Rock-cut Jain Temple, Sittannavasasl",Temple,Thiruchirapalli,Tamil Nadu,Metro,10.7905,78.7047,Bangalore,2022-23,2022,8,Aug,3,Monsoon,0,23.1,5.7,0.305,3792.0,8.0,3800.0,Low,-0.8660254037844385,-0.5000000000000004,183.3,3,1,0,78.6
Monument,"Rock-cut Jain Temple, Sittannavasasl",Temple,Thiruchirapalli,Tamil Nadu,Metro,10.7905,78.7047,Bangalore,2022-23,2022,9,Sep,3,Monsoon,0,23.6,8.0,0.305,3906.0,8.0,3914.0,Low,-1.0,-1.8369701987210297e-16,183.3,1,1,0,78.6
Monument,"Rock-cut Jain Temple, Sittannavasasl",Temple,Thiruchirapalli,Tamil Nadu,Metro,10.7905,78.7047,Bangalore,2022-23,2022,10,Oct,4,Autumn,1,23.2,8.0,0.305,4836.0,10.0,4846.0,Medium,-0.8660254037844386,0.5000000000000001,183.3,2,1,1,78.6
Monument,"Rock-cut Jain Temple, Sittannavasasl",Temple,Thiruchirapalli,Tamil Nadu,Metro,10.7905,78.7047,Bangalore,2022-23,2022,11,Nov,4,Autumn,1,22.1,3.7,0.305,5542.0,11.0,5554.0,Medium,-0.5000000000000004,0.8660254037844384,183.3,0,0,0,78.6
Monument,"Rock-cut Jain Temple, Sittannavasasl",Temple,Thiruchirapalli,Tamil Nadu,Metro,10.7905,78.7047,Bangalore,2022-23,2022,12,Dec,4,Winter,1,21.0,1.2,0.305,6099.0,13.0,6111.0,Medium,-2.4492935982947064e-16,1.0,183.3,1,1,2,78.6
Monument,"Rock-cut Jain Temple, Sittannavasasl",Temple,Thiruchirapalli,Tamil Nadu,Metro,10.7905,78.7047,Bangalore,2022-23,2023,1,Jan,1,Winter,1,21.5,0.1,0.305,5683.0,12.0,5695.0,Medium,0.49999999999999994,0.8660254037844387,183.3,2,1,0,82.6
Monument,"Rock-cut Jain Temple, Sittannavasasl",Temple,Thiruchirapalli,Tamil Nadu,Metro,10.7905,78.7047,Bangalore,2022-23,2023,2,Feb,1,Winter,1,23.7,0.4,0.305,5944.0,12.0,5956.0,Medium,0.8660254037844386,0.5000000000000001,183.3,0,0,0,82.6
Monument,"Rock-cut Jain Temple, Sittannavasasl",Temple,Thiruchirapalli,Tamil Nadu,Metro,10.7905,78.7047,Bangalore,2022-23,2023,3,Mar,1,Summer,1,26.4,1.2,0.305,4907.0,10.0,4917.0,Medium,1.0,6.123233995736766e-17,183.3,1,1,0,82.6
Monument,Rock-cut Temples and Sculptures,Temple,Shimla,Himachal Pradesh,Metro,31.1048,77.1734,Delhi,2021-22,2021,4,Apr,2,Summer,0,29.3,0.6,0.277,2687.0,18.0,2705.0,Low,0.8660254037844387,-0.4999999999999998,235.3,0,0,1,74.3
Monument,Rock-cut Temples and Sculptures,Temple,Shimla,Himachal Pradesh,Metro,31.1048,77.1734,Delhi,2021-22,2021,5,May,2,Summer,0,32.8,2.1,0.277,2568.0,17.0,2585.0,Low,0.49999999999999994,-0.8660254037844387,235.3,0,0,3,74.3
Monument,Rock-cut Temples and Sculptures,Temple,Shimla,Himachal Pradesh,Metro,31.1048,77.1734,Delhi,2021-22,2021,6,Jun,2,Summer,0,33.3,3.7,0.277,2776.0,19.0,2794.0,Low,1.2246467991473532e-16,-1.0,235.3,0,0,2,74.3
Monument,Rock-cut Temples and Sculptures,Temple,Shimla,Himachal Pradesh,Metro,31.1048,77.1734,Delhi,2021-22,2021,7,Jul,3,Monsoon,0,31.1,8.7,0.277,3324.0,22.0,3347.0,Low,-0.4999999999999997,-0.8660254037844388,235.3,0,0,0,74.3
Monument,Rock-cut Temples and Sculptures,Temple,Shimla,Himachal Pradesh,Metro,31.1048,77.1734,Delhi,2021-22,2021,8,Aug,3,Monsoon,0,30.2,9.2,0.277,2740.0,18.0,2759.0,Low,-0.8660254037844385,-0.5000000000000004,235.3,3,1,0,74.3
Monument,Rock-cut Temples and Sculptures,Temple,Shimla,Himachal Pradesh,Metro,31.1048,77.1734,Delhi,2021-22,2021,9,Sep,3,Monsoon,0,29.2,7.3,0.277,2822.0,19.0,2841.0,Low,-1.0,-1.8369701987210297e-16,235.3,1,1,0,74.3
Monument,Rock-cut Temples and Sculptures,Temple,Shimla,Himachal Pradesh,Metro,31.1048,77.1734,Delhi,2021-22,2021,10,Oct,4,Autumn,1,25.6,0.9,0.277,3495.0,23.0,3518.0,Low,-0.8660254037844386,0.5000000000000001,235.3,1,1,1,74.3
Monument,Rock-cut Temples and Sculptures,Temple,Shimla,Himachal Pradesh,Metro,31.1048,77.1734,Delhi,2021-22,2021,11,Nov,4,Autumn,1,19.7,0.2,0.277,4005.0,27.0,4031.0,Low,-0.5000000000000004,0.8660254037844384,235.3,1,1,0,74.3
Monument,Rock-cut Temples and Sculptures,Temple,Shimla,Himachal Pradesh,Metro,31.1048,77.1734,Delhi,2021-22,2021,12,Dec,4,Winter,1,14.7,0.6,0.277,4407.0,29.0,4436.0,Medium,-2.4492935982947064e-16,1.0,235.3,1,1,2,74.3
Monument,Rock-cut Temples and Sculptures,Temple,Shimla,Himachal Pradesh,Metro,31.1048,77.1734,Delhi,2021-22,2022,1,Jan,1,Winter,1,13.4,1.5,0.277,4107.0,27.0,4134.0,Medium,0.49999999999999994,0.8660254037844387,235.3,2,1,0,78.6
Monument,Rock-cut Temples and Sculptures,Temple,Shimla,Himachal Pradesh,Metro,31.1048,77.1734,Delhi,2021-22,2022,2,Feb,1,Winter,1,17.3,1.7,0.277,4295.0,29.0,4323.0,Medium,0.8660254037844386,0.5000000000000001,235.3,0,0,0,78.6
Monument,Rock-cut Temples and Sculptures,Temple,Shimla,Himachal Pradesh,Metro,31.1048,77.1734,Delhi,2021-22,2022,3,Mar,1,Summer,1,23.1,1.8,0.277,3546.0,24.0,3569.0,Low,1.0,6.123233995736766e-17,235.3,1,1,0,78.6
Monument,Rock-cut Temples and Sculptures,Temple,Shimla,Himachal Pradesh,Metro,31.1048,77.1734,Delhi,2022-23,2022,4,Apr,2,Summer,0,29.3,0.6,0.277,3385.0,69.0,3453.0,Low,0.8660254037844387,-0.4999999999999998,235.3,0,0,1,78.6
Monument,Rock-cut Temples and Sculptures,Temple,Shimla,Himachal Pradesh,Metro,31.1048,77.1734,Delhi,2022-23,2022,5,May,2,Summer,0,32.8,2.1,0.277,3234.0,66.0,3300.0,Low,0.49999999999999994,-0.8660254037844387,235.3,0,0,3,78.6
Monument,Rock-cut Temples and Sculptures,Temple,Shimla,Himachal Pradesh,Metro,31.1048,77.1734,Delhi,2022-23,2022,6,Jun,2,Summer,0,33.3,3.7,0.277,3496.0,71.0,3567.0,Low,1.2246467991473532e-16,-1.0,235.3,0,0,2,78.6
Monument,Rock-cut Temples and Sculptures,Temple,Shimla,Himachal Pradesh,Metro,31.1048,77.1734,Delhi,2022-23,2022,7,Jul,3,Monsoon,0,31.1,8.7,0.277,4187.0,85.0,4272.0,Medium,-0.4999999999999997,-0.8660254037844388,235.3,0,0,0,78.6
Monument,Rock-cut Temples and Sculptures,Temple,Shimla,Himachal Pradesh,Metro,31.1048,77.1734,Delhi,2022-23,2022,8,Aug,3,Monsoon,0,30.2,9.2,0.277,3452.0,70.0,3522.0,Low,-0.8660254037844385,-0.5000000000000004,235.3,3,1,0,78.6
Monument,Rock-cut Temples and Sculptures,Temple,Shimla,Himachal Pradesh,Metro,31.1048,77.1734,Delhi,2022-23,2022,9,Sep,3,Monsoon,0,29.2,7.3,0.277,3555.0,72.0,3627.0,Low,-1.0,-1.8369701987210297e-16,235.3,1,1,0,78.6
Monument,Rock-cut Temples and Sculptures,Temple,Shimla,Himachal Pradesh,Metro,31.1048,77.1734,Delhi,2022-23,2022,10,Oct,4,Autumn,1,25.6,0.9,0.277,4402.0,89.0,4491.0,Medium,-0.8660254037844386,0.5000000000000001,235.3,2,1,1,78.6
Monument,Rock-cut Temples and Sculptures,Temple,Shimla,Himachal Pradesh,Metro,31.1048,77.1734,Delhi,2022-23,2022,11,Nov,4,Autumn,1,19.7,0.2,0.277,5044.0,102.0,5147.0,Medium,-0.5000000000000004,0.8660254037844384,235.3,0,0,0,78.6
Monument,Rock-cut Temples and Sculptures,Temple,Shimla,Himachal Pradesh,Metro,31.1048,77.1734,Delhi,2022-23,2022,12,Dec,4,Winter,1,14.7,0.6,0.277,5551.0,112.0,5663.0,Medium,-2.4492935982947064e-16,1.0,235.3,1,1,2,78.6
Monument,Rock-cut Temples and Sculptures,Temple,Shimla,Himachal Pradesh,Metro,31.1048,77.1734,Delhi,2022-23,2023,1,Jan,1,Winter,1,13.4,1.5,0.277,5173.0,105.0,5277.0,Medium,0.49999999999999994,0.8660254037844387,235.3,2,1,0,82.6
Monument,Rock-cut Temples and Sculptures,Temple,Shimla,Himachal Pradesh,Metro,31.1048,77.1734,Delhi,2022-23,2023,2,Feb,1,Winter,1,17.3,1.7,0.277,5410.0,110.0,5519.0,Medium,0.8660254037844386,0.5000000000000001,235.3,0,0,0,82.6
Monument,Rock-cut Temples and Sculptures,Temple,Shimla,Himachal Pradesh,Metro,31.1048,77.1734,Delhi,2022-23,2023,3,Mar,1,Summer,1,23.1,1.8,0.277,4466.0,90.0,4557.0,Medium,1.0,6.123233995736766e-17,235.3,1,1,0,82.6
Monument,Roopmati's Pavilion,Other Heritage Site,Thiruchirapalli,Tamil Nadu,Metro,10.7905,78.7047,Bangalore,2021-22,2021,4,Apr,2,Summer,0,27.4,4.6,0.66,22162.0,4.0,22165.0,High,0.8660254037844387,-0.4999999999999998,183.3,0,0,1,74.3
Monument,Roopmati's Pavilion,Other Heritage Site,Thiruchirapalli,Tamil Nadu,Metro,10.7905,78.7047,Bangalore,2021-22,2021,5,May,2,Summer,0,26.4,5.8,0.66,21177.0,3.0,21180.0,High,0.49999999999999994,-0.8660254037844387,183.3,0,0,3,74.3
Monument,Roopmati's Pavilion,Other Heritage Site,Thiruchirapalli,Tamil Nadu,Metro,10.7905,78.7047,Bangalore,2021-22,2021,6,Jun,2,Summer,0,24.3,4.2,0.66,22891.0,4.0,22894.0,High,1.2246467991473532e-16,-1.0,183.3,0,0,2,74.3
Monument,Roopmati's Pavilion,Other Heritage Site,Thiruchirapalli,Tamil Nadu,Metro,10.7905,78.7047,Bangalore,2021-22,2021,7,Jul,3,Monsoon,0,23.3,4.8,0.66,27416.0,4.0,27420.0,High,-0.4999999999999997,-0.8660254037844388,183.3,0,0,0,74.3
Monument,Roopmati's Pavilion,Other Heritage Site,Thiruchirapalli,Tamil Nadu,Metro,10.7905,78.7047,Bangalore,2021-22,2021,8,Aug,3,Monsoon,0,23.1,5.7,0.66,22598.0,4.0,22602.0,High,-0.8660254037844385,-0.5000000000000004,183.3,3,1,0,74.3
Monument,Roopmati's Pavilion,Other Heritage Site,Thiruchirapalli,Tamil Nadu,Metro,10.7905,78.7047,Bangalore,2021-22,2021,9,Sep,3,Monsoon,0,23.6,8.0,0.66,23275.0,4.0,23279.0,High,-1.0,-1.8369701987210297e-16,183.3,1,1,0,74.3
Monument,Roopmati's Pavilion,Other Heritage Site,Thiruchirapalli,Tamil Nadu,Metro,10.7905,78.7047,Bangalore,2021-22,2021,10,Oct,4,Autumn,1,23.2,8.0,0.66,28820.0,5.0,28824.0,High,-0.8660254037844386,0.5000000000000001,183.3,1,1,1,74.3
Monument,Roopmati's Pavilion,Other Heritage Site,Thiruchirapalli,Tamil Nadu,Metro,10.7905,78.7047,Bangalore,2021-22,2021,11,Nov,4,Autumn,1,22.1,3.7,0.66,33026.0,5.0,33032.0,High,-0.5000000000000004,0.8660254037844384,183.3,1,1,0,74.3
Monument,Roopmati's Pavilion,Other Heritage Site,Thiruchirapalli,Tamil Nadu,Metro,10.7905,78.7047,Bangalore,2021-22,2021,12,Dec,4,Winter,1,21.0,1.2,0.66,36341.0,6.0,36347.0,High,-2.4492935982947064e-16,1.0,183.3,1,1,2,74.3
Monument,Roopmati's Pavilion,Other Heritage Site,Thiruchirapalli,Tamil Nadu,Metro,10.7905,78.7047,Bangalore,2021-22,2022,1,Jan,1,Winter,1,21.5,0.1,0.66,33867.0,6.0,33872.0,High,0.49999999999999994,0.8660254037844387,183.3,2,1,0,78.6
Monument,Roopmati's Pavilion,Other Heritage Site,Thiruchirapalli,Tamil Nadu,Metro,10.7905,78.7047,Bangalore,2021-22,2022,2,Feb,1,Winter,1,23.7,0.4,0.66,35419.0,6.0,35425.0,High,0.8660254037844386,0.5000000000000001,183.3,0,0,0,78.6
Monument,Roopmati's Pavilion,Other Heritage Site,Thiruchirapalli,Tamil Nadu,Metro,10.7905,78.7047,Bangalore,2021-22,2022,3,Mar,1,Summer,1,26.4,1.2,0.66,29240.0,5.0,29245.0,High,1.0,6.123233995736766e-17,183.3,1,1,0,78.6
Monument,Roopmati's Pavilion,Other Heritage Site,Thiruchirapalli,Tamil Nadu,Metro,10.7905,78.7047,Bangalore,2022-23,2022,4,Apr,2,Summer,0,27.4,4.6,0.66,18632.0,50.0,18682.0,High,0.8660254037844387,-0.4999999999999998,183.3,0,0,1,78.6
Monument,Roopmati's Pavilion,Other Heritage Site,Thiruchirapalli,Tamil Nadu,Metro,10.7905,78.7047,Bangalore,2022-23,2022,5,May,2,Summer,0,26.4,5.8,0.66,17804.0,48.0,17852.0,High,0.49999999999999994,-0.8660254037844387,183.3,0,0,3,78.6
Monument,Roopmati's Pavilion,Other Heritage Site,Thiruchirapalli,Tamil Nadu,Metro,10.7905,78.7047,Bangalore,2022-23,2022,6,Jun,2,Summer,0,24.3,4.2,0.66,19245.0,52.0,19297.0,High,1.2246467991473532e-16,-1.0,183.3,0,0,2,78.6
Monument,Roopmati's Pavilion,Other Heritage Site,Thiruchirapalli,Tamil Nadu,Metro,10.7905,78.7047,Bangalore,2022-23,2022,7,Jul,3,Monsoon,0,23.3,4.8,0.66,23049.0,62.0,23111.0,High,-0.4999999999999997,-0.8660254037844388,183.3,0,0,0,78.6
Monument,Roopmati's Pavilion,Other Heritage Site,Thiruchirapalli,Tamil Nadu,Metro,10.7905,78.7047,Bangalore,2022-23,2022,8,Aug,3,Monsoon,0,23.1,5.7,0.66,18999.0,51.0,19050.0,High,-0.8660254037844385,-0.5000000000000004,183.3,3,1,0,78.6
Monument,Roopmati's Pavilion,Other Heritage Site,Thiruchirapalli,Tamil Nadu,Metro,10.7905,78.7047,Bangalore,2022-23,2022,9,Sep,3,Monsoon,0,23.6,8.0,0.66,19568.0,53.0,19621.0,High,-1.0,-1.8369701987210297e-16,183.3,1,1,0,78.6
Monument,Roopmati's Pavilion,Other Heritage Site,Thiruchirapalli,Tamil Nadu,Metro,10.7905,78.7047,Bangalore,2022-23,2022,10,Oct,4,Autumn,1,23.2,8.0,0.66,24229.0,65.0,24295.0,High,-0.8660254037844386,0.5000000000000001,183.3,2,1,1,78.6
Monument,Roopmati's Pavilion,Other Heritage Site,Thiruchirapalli,Tamil Nadu,Metro,10.7905,78.7047,Bangalore,2022-23,2022,11,Nov,4,Autumn,1,22.1,3.7,0.66,27766.0,75.0,27841.0,High,-0.5000000000000004,0.8660254037844384,183.3,0,0,0,78.6
Monument,Roopmati's Pavilion,Other Heritage Site,Thiruchirapalli,Tamil Nadu,Metro,10.7905,78.7047,Bangalore,2022-23,2022,12,Dec,4,Winter,1,21.0,1.2,0.66,30553.0,82.0,30635.0,High,-2.4492935982947064e-16,1.0,183.3,1,1,2,78.6
Monument,Roopmati's Pavilion,Other Heritage Site,Thiruchirapalli,Tamil Nadu,Metro,10.7905,78.7047,Bangalore,2022-23,2023,1,Jan,1,Winter,1,21.5,0.1,0.66,28473.0,77.0,28550.0,High,0.49999999999999994,0.8660254037844387,183.3,2,1,0,82.6
Monument,Roopmati's Pavilion,Other Heritage Site,Thiruchirapalli,Tamil Nadu,Metro,10.7905,78.7047,Bangalore,2022-23,2023,2,Feb,1,Winter,1,23.7,0.4,0.66,29777.0,80.0,29858.0,High,0.8660254037844386,0.5000000000000001,183.3,0,0,0,82.6
Monument,Roopmati's Pavilion,Other Heritage Site,Thiruchirapalli,Tamil Nadu,Metro,10.7905,78.7047,Bangalore,2022-23,2023,3,Mar,1,Summer,1,26.4,1.2,0.66,24583.0,66.0,24649.0,High,1.0,6.123233995736766e-17,183.3,1,1,0,82.6
Monument,"Rudabai Step Well, Adalaj",Other Heritage Site,Vadodara,Gujarat,Metro,22.3072,73.1812,Mumbai,2021-22,2021,4,Apr,2,Summer,0,29.1,0.3,0.688,17645.0,34.0,17679.0,High,0.8660254037844387,-0.4999999999999998,102.3,0,0,1,74.3
Monument,"Rudabai Step Well, Adalaj",Other Heritage Site,Vadodara,Gujarat,Metro,22.3072,73.1812,Mumbai,2021-22,2021,5,May,2,Summer,0,30.2,1.6,0.688,16861.0,33.0,16894.0,High,0.49999999999999994,-0.8660254037844387,102.3,0,0,3,74.3
Monument,"Rudabai Step Well, Adalaj",Other Heritage Site,Vadodara,Gujarat,Metro,22.3072,73.1812,Mumbai,2021-22,2021,6,Jun,2,Summer,0,29.2,19.8,0.688,18226.0,36.0,18261.0,High,1.2246467991473532e-16,-1.0,102.3,0,0,2,74.3
Monument,"Rudabai Step Well, Adalaj",Other Heritage Site,Vadodara,Gujarat,Metro,22.3072,73.1812,Mumbai,2021-22,2021,7,Jul,3,Monsoon,0,28.0,29.3,0.688,21828.0,43.0,21871.0,High,-0.4999999999999997,-0.8660254037844388,102.3,0,0,0,74.3
Monument,"Rudabai Step Well, Adalaj",Other Heritage Site,Vadodara,Gujarat,Metro,22.3072,73.1812,Mumbai,2021-22,2021,8,Aug,3,Monsoon,0,27.7,17.0,0.688,17993.0,35.0,18028.0,High,-0.8660254037844385,-0.5000000000000004,102.3,3,1,0,74.3
Monument,"Rudabai Step Well, Adalaj",Other Heritage Site,Vadodara,Gujarat,Metro,22.3072,73.1812,Mumbai,2021-22,2021,9,Sep,3,Monsoon,0,27.9,15.1,0.688,18532.0,36.0,18568.0,High,-1.0,-1.8369701987210297e-16,102.3,1,1,0,74.3
Monument,"Rudabai Step Well, Adalaj",Other Heritage Site,Vadodara,Gujarat,Metro,22.3072,73.1812,Mumbai,2021-22,2021,10,Oct,4,Autumn,1,28.9,4.7,0.688,22946.0,45.0,22991.0,High,-0.8660254037844386,0.5000000000000001,102.3,1,1,1,74.3
Monument,"Rudabai Step Well, Adalaj",Other Heritage Site,Vadodara,Gujarat,Metro,22.3072,73.1812,Mumbai,2021-22,2021,11,Nov,4,Autumn,1,28.2,0.8,0.688,26296.0,51.0,26347.0,High,-0.5000000000000004,0.8660254037844384,102.3,1,1,0,74.3
Monument,"Rudabai Step Well, Adalaj",Other Heritage Site,Vadodara,Gujarat,Metro,22.3072,73.1812,Mumbai,2021-22,2021,12,Dec,4,Winter,1,25.9,0.9,0.688,28935.0,56.0,28991.0,High,-2.4492935982947064e-16,1.0,102.3,1,1,2,74.3
Monument,"Rudabai Step Well, Adalaj",Other Heritage Site,Vadodara,Gujarat,Metro,22.3072,73.1812,Mumbai,2021-22,2022,1,Jan,1,Winter,1,24.6,0.1,0.688,26965.0,53.0,27017.0,High,0.49999999999999994,0.8660254037844387,102.3,2,1,0,78.6
Monument,"Rudabai Step Well, Adalaj",Other Heritage Site,Vadodara,Gujarat,Metro,22.3072,73.1812,Mumbai,2021-22,2022,2,Feb,1,Winter,1,25.7,0.0,0.688,28200.0,55.0,28255.0,High,0.8660254037844386,0.5000000000000001,102.3,0,0,0,78.6
Monument,"Rudabai Step Well, Adalaj",Other Heritage Site,Vadodara,Gujarat,Metro,22.3072,73.1812,Mumbai,2021-22,2022,3,Mar,1,Summer,1,27.8,0.3,0.688,23281.0,45.0,23326.0,High,1.0,6.123233995736766e-17,102.3,1,1,0,78.6
Monument,"Rudabai Step Well, Adalaj",Other Heritage Site,Vadodara,Gujarat,Metro,22.3072,73.1812,Mumbai,2022-23,2022,4,Apr,2,Summer,0,29.1,0.3,0.688,24385.0,319.0,24704.0,High,0.8660254037844387,-0.4999999999999998,102.3,0,0,1,78.6
Monument,"Rudabai Step Well, Adalaj",Other Heritage Site,Vadodara,Gujarat,Metro,22.3072,73.1812,Mumbai,2022-23,2022,5,May,2,Summer,0,30.2,1.6,0.688,23301.0,305.0,23606.0,High,0.49999999999999994,-0.8660254037844387,102.3,0,0,3,78.6
Monument,"Rudabai Step Well, Adalaj",Other Heritage Site,Vadodara,Gujarat,Metro,22.3072,73.1812,Mumbai,2022-23,2022,6,Jun,2,Summer,0,29.2,19.8,0.688,25187.0,329.0,25516.0,High,1.2246467991473532e-16,-1.0,102.3,0,0,2,78.6
Monument,"Rudabai Step Well, Adalaj",Other Heritage Site,Vadodara,Gujarat,Metro,22.3072,73.1812,Mumbai,2022-23,2022,7,Jul,3,Monsoon,0,28.0,29.3,0.688,30166.0,394.0,30561.0,High,-0.4999999999999997,-0.8660254037844388,102.3,0,0,0,78.6
Monument,"Rudabai Step Well, Adalaj",Other Heritage Site,Vadodara,Gujarat,Metro,22.3072,73.1812,Mumbai,2022-23,2022,8,Aug,3,Monsoon,0,27.7,17.0,0.688,24865.0,325.0,25191.0,High,-0.8660254037844385,-0.5000000000000004,102.3,3,1,0,78.6
Monument,"Rudabai Step Well, Adalaj",Other Heritage Site,Vadodara,Gujarat,Metro,22.3072,73.1812,Mumbai,2022-23,2022,9,Sep,3,Monsoon,0,27.9,15.1,0.688,25610.0,335.0,25945.0,High,-1.0,-1.8369701987210297e-16,102.3,1,1,0,78.6
Monument,"Rudabai Step Well, Adalaj",Other Heritage Site,Vadodara,Gujarat,Metro,22.3072,73.1812,Mumbai,2022-23,2022,10,Oct,4,Autumn,1,28.9,4.7,0.688,31711.0,415.0,32125.0,High,-0.8660254037844386,0.5000000000000001,102.3,2,1,1,78.6
Monument,"Rudabai Step Well, Adalaj",Other Heritage Site,Vadodara,Gujarat,Metro,22.3072,73.1812,Mumbai,2022-23,2022,11,Nov,4,Autumn,1,28.2,0.8,0.688,36339.0,475.0,36815.0,High,-0.5000000000000004,0.8660254037844384,102.3,0,0,0,78.6
Monument,"Rudabai Step Well, Adalaj",Other Heritage Site,Vadodara,Gujarat,Metro,22.3072,73.1812,Mumbai,2022-23,2022,12,Dec,4,Winter,1,25.9,0.9,0.688,39986.0,523.0,40509.0,High,-2.4492935982947064e-16,1.0,102.3,1,1,2,78.6
Monument,"Rudabai Step Well, Adalaj",Other Heritage Site,Vadodara,Gujarat,Metro,22.3072,73.1812,Mumbai,2022-23,2023,1,Jan,1,Winter,1,24.6,0.1,0.688,37264.0,487.0,37752.0,High,0.49999999999999994,0.8660254037844387,102.3,2,1,0,82.6
Monument,"Rudabai Step Well, Adalaj",Other Heritage Site,Vadodara,Gujarat,Metro,22.3072,73.1812,Mumbai,2022-23,2023,2,Feb,1,Winter,1,25.7,0.0,0.688,38972.0,510.0,39481.0,High,0.8660254037844386,0.5000000000000001,102.3,0,0,0,82.6
Monument,"Rudabai Step Well, Adalaj",Other Heritage Site,Vadodara,Gujarat,Metro,22.3072,73.1812,Mumbai,2022-23,2023,3,Mar,1,Summer,1,27.8,0.3,0.688,32174.0,421.0,32594.0,High,1.0,6.123233995736766e-17,102.3,1,1,0,82.6
Monument,"Ruined Fort, kangra",Fort,Shimla,Himachal Pradesh,Metro,31.1048,77.1734,Delhi,2021-22,2021,4,Apr,2,Summer,0,29.3,0.6,0.433,5398.0,23.0,5421.0,Medium,0.8660254037844387,-0.4999999999999998,235.3,0,0,1,74.3
Monument,"Ruined Fort, kangra",Fort,Shimla,Himachal Pradesh,Metro,31.1048,77.1734,Delhi,2021-22,2021,5,May,2,Summer,0,32.8,2.1,0.433,5158.0,22.0,5180.0,Medium,0.49999999999999994,-0.8660254037844387,235.3,0,0,3,74.3
Monument,"Ruined Fort, kangra",Fort,Shimla,Himachal Pradesh,Metro,31.1048,77.1734,Delhi,2021-22,2021,6,Jun,2,Summer,0,33.3,3.7,0.433,5575.0,24.0,5599.0,Medium,1.2246467991473532e-16,-1.0,235.3,0,0,2,74.3
Monument,"Ruined Fort, kangra",Fort,Shimla,Himachal Pradesh,Metro,31.1048,77.1734,Delhi,2021-22,2021,7,Jul,3,Monsoon,0,31.1,8.7,0.433,6678.0,29.0,6706.0,Medium,-0.4999999999999997,-0.8660254037844388,235.3,0,0,0,74.3
Monument,"Ruined Fort, kangra",Fort,Shimla,Himachal Pradesh,Metro,31.1048,77.1734,Delhi,2021-22,2021,8,Aug,3,Monsoon,0,30.2,9.2,0.433,5504.0,24.0,5528.0,Medium,-0.8660254037844385,-0.5000000000000004,235.3,3,1,0,74.3
Monument,"Ruined Fort, kangra",Fort,Shimla,Himachal Pradesh,Metro,31.1048,77.1734,Delhi,2021-22,2021,9,Sep,3,Monsoon,0,29.2,7.3,0.433,5669.0,24.0,5693.0,Medium,-1.0,-1.8369701987210297e-16,235.3,1,1,0,74.3
Monument,"Ruined Fort, kangra",Fort,Shimla,Himachal Pradesh,Metro,31.1048,77.1734,Delhi,2021-22,2021,10,Oct,4,Autumn,1,25.6,0.9,0.433,7019.0,30.0,7050.0,Medium,-0.8660254037844386,0.5000000000000001,235.3,1,1,1,74.3
Monument,"Ruined Fort, kangra",Fort,Shimla,Himachal Pradesh,Metro,31.1048,77.1734,Delhi,2021-22,2021,11,Nov,4,Autumn,1,19.7,0.2,0.433,8044.0,34.0,8079.0,Medium,-0.5000000000000004,0.8660254037844384,235.3,1,1,0,74.3
Monument,"Ruined Fort, kangra",Fort,Shimla,Himachal Pradesh,Metro,31.1048,77.1734,Delhi,2021-22,2021,12,Dec,4,Winter,1,14.7,0.6,0.433,8851.0,38.0,8889.0,Medium,-2.4492935982947064e-16,1.0,235.3,1,1,2,74.3
Monument,"Ruined Fort, kangra",Fort,Shimla,Himachal Pradesh,Metro,31.1048,77.1734,Delhi,2021-22,2022,1,Jan,1,Winter,1,13.4,1.5,0.433,8249.0,35.0,8284.0,Medium,0.49999999999999994,0.8660254037844387,235.3,2,1,0,78.6
Monument,"Ruined Fort, kangra",Fort,Shimla,Himachal Pradesh,Metro,31.1048,77.1734,Delhi,2021-22,2022,2,Feb,1,Winter,1,17.3,1.7,0.433,8627.0,37.0,8664.0,Medium,0.8660254037844386,0.5000000000000001,235.3,0,0,0,78.6
Monument,"Ruined Fort, kangra",Fort,Shimla,Himachal Pradesh,Metro,31.1048,77.1734,Delhi,2021-22,2022,3,Mar,1,Summer,1,23.1,1.8,0.433,7122.0,31.0,7152.0,Medium,1.0,6.123233995736766e-17,235.3,1,1,0,78.6
Monument,"Ruined Fort, kangra",Fort,Shimla,Himachal Pradesh,Metro,31.1048,77.1734,Delhi,2022-23,2022,4,Apr,2,Summer,0,29.3,0.6,0.433,8231.0,81.0,8312.0,Medium,0.8660254037844387,-0.4999999999999998,235.3,0,0,1,78.6
Monument,"Ruined Fort, kangra",Fort,Shimla,Himachal Pradesh,Metro,31.1048,77.1734,Delhi,2022-23,2022,5,May,2,Summer,0,32.8,2.1,0.433,7865.0,78.0,7943.0,Medium,0.49999999999999994,-0.8660254037844387,235.3,0,0,3,78.6
Monument,"Ruined Fort, kangra",Fort,Shimla,Himachal Pradesh,Metro,31.1048,77.1734,Delhi,2022-23,2022,6,Jun,2,Summer,0,33.3,3.7,0.433,8502.0,84.0,8586.0,Medium,1.2246467991473532e-16,-1.0,235.3,0,0,2,78.6
Monument,"Ruined Fort, kangra",Fort,Shimla,Himachal Pradesh,Metro,31.1048,77.1734,Delhi,2022-23,2022,7,Jul,3,Monsoon,0,31.1,8.7,0.433,10183.0,101.0,10283.0,Medium,-0.4999999999999997,-0.8660254037844388,235.3,0,0,0,78.6
Monument,"Ruined Fort, kangra",Fort,Shimla,Himachal Pradesh,Metro,31.1048,77.1734,Delhi,2022-23,2022,8,Aug,3,Monsoon,0,30.2,9.2,0.433,8394.0,83.0,8476.0,Medium,-0.8660254037844385,-0.5000000000000004,235.3,3,1,0,78.6
Monument,"Ruined Fort, kangra",Fort,Shimla,Himachal Pradesh,Metro,31.1048,77.1734,Delhi,2022-23,2022,9,Sep,3,Monsoon,0,29.2,7.3,0.433,8645.0,85.0,8730.0,Medium,-1.0,-1.8369701987210297e-16,235.3,1,1,0,78.6
Monument,"Ruined Fort, kangra",Fort,Shimla,Himachal Pradesh,Metro,31.1048,77.1734,Delhi,2022-23,2022,10,Oct,4,Autumn,1,25.6,0.9,0.433,10704.0,106.0,10810.0,Medium,-0.8660254037844386,0.5000000000000001,235.3,2,1,1,78.6
Monument,"Ruined Fort, kangra",Fort,Shimla,Himachal Pradesh,Metro,31.1048,77.1734,Delhi,2022-23,2022,11,Nov,4,Autumn,1,19.7,0.2,0.433,12267.0,121.0,12388.0,Medium,-0.5000000000000004,0.8660254037844384,235.3,0,0,0,78.6
Monument,"Ruined Fort, kangra",Fort,Shimla,Himachal Pradesh,Metro,31.1048,77.1734,Delhi,2022-23,2022,12,Dec,4,Winter,1,14.7,0.6,0.433,13498.0,133.0,13631.0,Medium,-2.4492935982947064e-16,1.0,235.3,1,1,2,78.6
Monument,"Ruined Fort, kangra",Fort,Shimla,Himachal Pradesh,Metro,31.1048,77.1734,Delhi,2022-23,2023,1,Jan,1,Winter,1,13.4,1.5,0.433,12579.0,124.0,12703.0,Medium,0.49999999999999994,0.8660254037844387,235.3,2,1,0,82.6
Monument,"Ruined Fort, kangra",Fort,Shimla,Himachal Pradesh,Metro,31.1048,77.1734,Delhi,2022-23,2023,2,Feb,1,Winter,1,17.3,1.7,0.433,13155.0,130.0,13285.0,Medium,0.8660254037844386,0.5000000000000001,235.3,0,0,0,82.6
Monument,"Ruined Fort, kangra",Fort,Shimla,Himachal Pradesh,Metro,31.1048,77.1734,Delhi,2022-23,2023,3,Mar,1,Summer,1,23.1,1.8,0.433,10860.0,107.0,10968.0,Medium,1.0,6.123233995736766e-17,235.3,1,1,0,82.6
Monument,Safdarjung Tomb,Tomb/Mausoleum,Delhi,Delhi,Metro,28.7041,77.1025,Delhi,2021-22,2021,4,Apr,2,Summer,0,29.3,0.6,0.454,4937.0,41.0,4978.0,Medium,0.8660254037844387,-0.4999999999999998,16.4,0,0,1,74.3
Monument,Safdarjung Tomb,Tomb/Mausoleum,Delhi,Delhi,Metro,28.7041,77.1025,Delhi,2021-22,2021,5,May,2,Summer,0,32.8,2.1,0.454,4717.0,39.0,4757.0,Medium,0.49999999999999994,-0.8660254037844387,16.4,0,0,3,74.3
Monument,Safdarjung Tomb,Tomb/Mausoleum,Delhi,Delhi,Metro,28.7041,77.1025,Delhi,2021-22,2021,6,Jun,2,Summer,0,33.3,3.7,0.454,5099.0,43.0,5142.0,Medium,1.2246467991473532e-16,-1.0,16.4,0,0,2,74.3
Monument,Safdarjung Tomb,Tomb/Mausoleum,Delhi,Delhi,Metro,28.7041,77.1025,Delhi,2021-22,2021,7,Jul,3,Monsoon,0,31.1,8.7,0.454,6107.0,51.0,6158.0,Medium,-0.4999999999999997,-0.8660254037844388,16.4,0,0,0,74.3
Monument,Safdarjung Tomb,Tomb/Mausoleum,Delhi,Delhi,Metro,28.7041,77.1025,Delhi,2021-22,2021,8,Aug,3,Monsoon,0,30.2,9.2,0.454,5034.0,42.0,5076.0,Medium,-0.8660254037844385,-0.5000000000000004,16.4,3,1,0,74.3
Monument,Safdarjung Tomb,Tomb/Mausoleum,Delhi,Delhi,Metro,28.7041,77.1025,Delhi,2021-22,2021,9,Sep,3,Monsoon,0,29.2,7.3,0.454,5185.0,43.0,5228.0,Medium,-1.0,-1.8369701987210297e-16,16.4,1,1,0,74.3
Monument,Safdarjung Tomb,Tomb/Mausoleum,Delhi,Delhi,Metro,28.7041,77.1025,Delhi,2021-22,2021,10,Oct,4,Autumn,1,25.6,0.9,0.454,6420.0,54.0,6474.0,Medium,-0.8660254037844386,0.5000000000000001,16.4,1,1,1,74.3
Monument,Safdarjung Tomb,Tomb/Mausoleum,Delhi,Delhi,Metro,28.7041,77.1025,Delhi,2021-22,2021,11,Nov,4,Autumn,1,19.7,0.2,0.454,7357.0,62.0,7418.0,Medium,-0.5000000000000004,0.8660254037844384,16.4,1,1,0,74.3
Monument,Safdarjung Tomb,Tomb/Mausoleum,Delhi,Delhi,Metro,28.7041,77.1025,Delhi,2021-22,2021,12,Dec,4,Winter,1,14.7,0.6,0.454,8095.0,68.0,8163.0,Medium,-2.4492935982947064e-16,1.0,16.4,1,1,2,74.3
Monument,Safdarjung Tomb,Tomb/Mausoleum,Delhi,Delhi,Metro,28.7041,77.1025,Delhi,2021-22,2022,1,Jan,1,Winter,1,13.4,1.5,0.454,7544.0,63.0,7607.0,Medium,0.49999999999999994,0.8660254037844387,16.4,2,1,0,78.6
Monument,Safdarjung Tomb,Tomb/Mausoleum,Delhi,Delhi,Metro,28.7041,77.1025,Delhi,2021-22,2022,2,Feb,1,Winter,1,17.3,1.7,0.454,7890.0,66.0,7956.0,Medium,0.8660254037844386,0.5000000000000001,16.4,0,0,0,78.6
Monument,Safdarjung Tomb,Tomb/Mausoleum,Delhi,Delhi,Metro,28.7041,77.1025,Delhi,2021-22,2022,3,Mar,1,Summer,1,23.1,1.8,0.454,6513.0,55.0,6568.0,Medium,1.0,6.123233995736766e-17,16.4,1,1,0,78.6
Monument,Safdarjung Tomb,Tomb/Mausoleum,Delhi,Delhi,Metro,28.7041,77.1025,Delhi,2022-23,2022,4,Apr,2,Summer,0,29.3,0.6,0.454,9384.0,393.0,9778.0,Medium,0.8660254037844387,-0.4999999999999998,16.4,0,0,1,78.6
Monument,Safdarjung Tomb,Tomb/Mausoleum,Delhi,Delhi,Metro,28.7041,77.1025,Delhi,2022-23,2022,5,May,2,Summer,0,32.8,2.1,0.454,8967.0,376.0,9343.0,Medium,0.49999999999999994,-0.8660254037844387,16.4,0,0,3,78.6
Monument,Safdarjung Tomb,Tomb/Mausoleum,Delhi,Delhi,Metro,28.7041,77.1025,Delhi,2022-23,2022,6,Jun,2,Summer,0,33.3,3.7,0.454,9693.0,406.0,10099.0,Medium,1.2246467991473532e-16,-1.0,16.4,0,0,2,78.6
Monument,Safdarjung Tomb,Tomb/Mausoleum,Delhi,Delhi,Metro,28.7041,77.1025,Delhi,2022-23,2022,7,Jul,3,Monsoon,0,31.1,8.7,0.454,11609.0,487.0,12096.0,Medium,-0.4999999999999997,-0.8660254037844388,16.4,0,0,0,78.6
Monument,Safdarjung Tomb,Tomb/Mausoleum,Delhi,Delhi,Metro,28.7041,77.1025,Delhi,2022-23,2022,8,Aug,3,Monsoon,0,30.2,9.2,0.454,9569.0,401.0,9970.0,Medium,-0.8660254037844385,-0.5000000000000004,16.4,3,1,0,78.6
Monument,Safdarjung Tomb,Tomb/Mausoleum,Delhi,Delhi,Metro,28.7041,77.1025,Delhi,2022-23,2022,9,Sep,3,Monsoon,0,29.2,7.3,0.454,9856.0,413.0,10269.0,Medium,-1.0,-1.8369701987210297e-16,16.4,1,1,0,78.6
Monument,Safdarjung Tomb,Tomb/Mausoleum,Delhi,Delhi,Metro,28.7041,77.1025,Delhi,2022-23,2022,10,Oct,4,Autumn,1,25.6,0.9,0.454,12204.0,511.0,12715.0,Medium,-0.8660254037844386,0.5000000000000001,16.4,2,1,1,78.6
Monument,Safdarjung Tomb,Tomb/Mausoleum,Delhi,Delhi,Metro,28.7041,77.1025,Delhi,2022-23,2022,11,Nov,4,Autumn,1,19.7,0.2,0.454,13985.0,586.0,14571.0,Medium,-0.5000000000000004,0.8660254037844384,16.4,0,0,0,78.6
Monument,Safdarjung Tomb,Tomb/Mausoleum,Delhi,Delhi,Metro,28.7041,77.1025,Delhi,2022-23,2022,12,Dec,4,Winter,1,14.7,0.6,0.454,15389.0,645.0,16034.0,Medium,-2.4492935982947064e-16,1.0,16.4,1,1,2,78.6
Monument,Safdarjung Tomb,Tomb/Mausoleum,Delhi,Delhi,Metro,28.7041,77.1025,Delhi,2022-23,2023,1,Jan,1,Winter,1,13.4,1.5,0.454,14341.0,601.0,14942.0,Medium,0.49999999999999994,0.8660254037844387,16.4,2,1,0,82.6
Monument,Safdarjung Tomb,Tomb/Mausoleum,Delhi,Delhi,Metro,28.7041,77.1025,Delhi,2022-23,2023,2,Feb,1,Winter,1,17.3,1.7,0.454,14998.0,629.0,15627.0,Medium,0.8660254037844386,0.5000000000000001,16.4,0,0,0,82.6
Monument,Safdarjung Tomb,Tomb/Mausoleum,Delhi,Delhi,Metro,28.7041,77.1025,Delhi,2022-23,2023,3,Mar,1,Summer,1,23.1,1.8,0.454,12382.0,519.0,12901.0,Medium,1.0,6.123233995736766e-17,16.4,1,1,0,82.6
Monument,Shaniwarwada,Other Heritage Site,Mumbai,Maharashtra,Metro,19.076,72.8777,Mumbai,2021-22,2021,4,Apr,2,Summer,0,29.1,0.3,0.823,34040.0,32.0,34071.0,High,0.8660254037844387,-0.4999999999999998,2.0,0,0,1,74.3
Monument,Shaniwarwada,Other Heritage Site,Mumbai,Maharashtra,Metro,19.076,72.8777,Mumbai,2021-22,2021,5,May,2,Summer,0,30.2,1.6,0.823,32527.0,30.0,32557.0,High,0.49999999999999994,-0.8660254037844387,2.0,0,0,3,74.3
Monument,Shaniwarwada,Other Heritage Site,Mumbai,Maharashtra,Metro,19.076,72.8777,Mumbai,2021-22,2021,6,Jun,2,Summer,0,29.2,19.8,0.823,35160.0,33.0,35192.0,High,1.2246467991473532e-16,-1.0,2.0,0,0,2,74.3
Monument,Shaniwarwada,Other Heritage Site,Mumbai,Maharashtra,Metro,19.076,72.8777,Mumbai,2021-22,2021,7,Jul,3,Monsoon,0,28.0,29.3,0.823,42110.0,39.0,42149.0,High,-0.4999999999999997,-0.8660254037844388,2.0,0,0,0,74.3
Monument,Shaniwarwada,Other Heritage Site,Mumbai,Maharashtra,Metro,19.076,72.8777,Mumbai,2021-22,2021,8,Aug,3,Monsoon,0,27.7,17.0,0.823,34711.0,32.0,34743.0,High,-0.8660254037844385,-0.5000000000000004,2.0,3,1,0,74.3
Monument,Shaniwarwada,Other Heritage Site,Mumbai,Maharashtra,Metro,19.076,72.8777,Mumbai,2021-22,2021,9,Sep,3,Monsoon,0,27.9,15.1,0.823,35750.0,33.0,35784.0,High,-1.0,-1.8369701987210297e-16,2.0,1,1,0,74.3
Monument,Shaniwarwada,Other Heritage Site,Mumbai,Maharashtra,Metro,19.076,72.8777,Mumbai,2021-22,2021,10,Oct,4,Autumn,1,28.9,4.7,0.823,44267.0,41.0,44308.0,High,-0.8660254037844386,0.5000000000000001,2.0,1,1,1,74.3
Monument,Shaniwarwada,Other Heritage Site,Mumbai,Maharashtra,Metro,19.076,72.8777,Mumbai,2021-22,2021,11,Nov,4,Autumn,1,28.2,0.8,0.823,50728.0,47.0,50775.0,High,-0.5000000000000004,0.8660254037844384,2.0,1,1,0,74.3
Monument,Shaniwarwada,Other Heritage Site,Mumbai,Maharashtra,Metro,19.076,72.8777,Mumbai,2021-22,2021,12,Dec,4,Winter,1,25.9,0.9,0.823,55819.0,52.0,55871.0,High,-2.4492935982947064e-16,1.0,2.0,1,1,2,74.3
Monument,Shaniwarwada,Other Heritage Site,Mumbai,Maharashtra,Metro,19.076,72.8777,Mumbai,2021-22,2022,1,Jan,1,Winter,1,24.6,0.1,0.823,52019.0,48.0,52067.0,High,0.49999999999999994,0.8660254037844387,2.0,2,1,0,78.6
Monument,Shaniwarwada,Other Heritage Site,Mumbai,Maharashtra,Metro,19.076,72.8777,Mumbai,2021-22,2022,2,Feb,1,Winter,1,25.7,0.0,0.823,54403.0,50.0,54453.0,High,0.8660254037844386,0.5000000000000001,2.0,0,0,0,78.6
Monument,Shaniwarwada,Other Heritage Site,Mumbai,Maharashtra,Metro,19.076,72.8777,Mumbai,2021-22,2022,3,Mar,1,Summer,1,27.8,0.3,0.823,44913.0,42.0,44954.0,High,1.0,6.123233995736766e-17,2.0,1,1,0,78.6
Monument,Shaniwarwada,Other Heritage Site,Mumbai,Maharashtra,Metro,19.076,72.8777,Mumbai,2022-23,2022,4,Apr,2,Summer,0,29.1,0.3,0.823,71167.0,323.0,71490.0,High,0.8660254037844387,-0.4999999999999998,2.0,0,0,1,78.6
Monument,Shaniwarwada,Other Heritage Site,Mumbai,Maharashtra,Metro,19.076,72.8777,Mumbai,2022-23,2022,5,May,2,Summer,0,30.2,1.6,0.823,68005.0,309.0,68313.0,High,0.49999999999999994,-0.8660254037844387,2.0,0,0,3,78.6
Monument,Shaniwarwada,Other Heritage Site,Mumbai,Maharashtra,Metro,19.076,72.8777,Mumbai,2022-23,2022,6,Jun,2,Summer,0,29.2,19.8,0.823,73509.0,334.0,73842.0,High,1.2246467991473532e-16,-1.0,2.0,0,0,2,78.6
Monument,Shaniwarwada,Other Heritage Site,Mumbai,Maharashtra,Metro,19.076,72.8777,Mumbai,2022-23,2022,7,Jul,3,Monsoon,0,28.0,29.3,0.823,88041.0,399.0,88440.0,High,-0.4999999999999997,-0.8660254037844388,2.0,0,0,0,78.6
Monument,Shaniwarwada,Other Heritage Site,Mumbai,Maharashtra,Metro,19.076,72.8777,Mumbai,2022-23,2022,8,Aug,3,Monsoon,0,27.7,17.0,0.823,72571.0,329.0,72900.0,High,-0.8660254037844385,-0.5000000000000004,2.0,3,1,0,78.6
Monument,Shaniwarwada,Other Heritage Site,Mumbai,Maharashtra,Metro,19.076,72.8777,Mumbai,2022-23,2022,9,Sep,3,Monsoon,0,27.9,15.1,0.823,74744.0,339.0,75083.0,High,-1.0,-1.8369701987210297e-16,2.0,1,1,0,78.6
Monument,Shaniwarwada,Other Heritage Site,Mumbai,Maharashtra,Metro,19.076,72.8777,Mumbai,2022-23,2022,10,Oct,4,Autumn,1,28.9,4.7,0.823,92549.0,420.0,92969.0,High,-0.8660254037844386,0.5000000000000001,2.0,2,1,1,78.6
Monument,Shaniwarwada,Other Heritage Site,Mumbai,Maharashtra,Metro,19.076,72.8777,Mumbai,2022-23,2022,11,Nov,4,Autumn,1,28.2,0.8,0.823,106058.0,481.0,106539.0,High,-0.5000000000000004,0.8660254037844384,2.0,0,0,0,78.6
Monument,Shaniwarwada,Other Heritage Site,Mumbai,Maharashtra,Metro,19.076,72.8777,Mumbai,2022-23,2022,12,Dec,4,Winter,1,25.9,0.9,0.823,116701.0,529.0,117231.0,High,-2.4492935982947064e-16,1.0,2.0,1,1,2,78.6
Monument,Shaniwarwada,Other Heritage Site,Mumbai,Maharashtra,Metro,19.076,72.8777,Mumbai,2022-23,2023,1,Jan,1,Winter,1,24.6,0.1,0.823,108757.0,493.0,109250.0,High,0.49999999999999994,0.8660254037844387,2.0,2,1,0,82.6
Monument,Shaniwarwada,Other Heritage Site,Mumbai,Maharashtra,Metro,19.076,72.8777,Mumbai,2022-23,2023,2,Feb,1,Winter,1,25.7,0.0,0.823,113741.0,516.0,114257.0,High,0.8660254037844386,0.5000000000000001,2.0,0,0,0,82.6
Monument,Shaniwarwada,Other Heritage Site,Mumbai,Maharashtra,Metro,19.076,72.8777,Mumbai,2022-23,2023,3,Mar,1,Summer,1,27.8,0.3,0.823,93899.0,426.0,94325.0,High,1.0,6.123233995736766e-17,2.0,1,1,0,82.6
Monument,Sheikh Chilli's Tomb,Tomb/Mausoleum,Chandigarh,Chandigarh,Metro,30.7333,76.7794,Delhi,2021-22,2021,4,Apr,2,Summer,0,29.3,0.6,0.326,3490.0,10.0,3500.0,Low,0.8660254037844387,-0.4999999999999998,217.5,0,0,1,74.3
Monument,Sheikh Chilli's Tomb,Tomb/Mausoleum,Chandigarh,Chandigarh,Metro,30.7333,76.7794,Delhi,2021-22,2021,5,May,2,Summer,0,32.8,2.1,0.326,3335.0,9.0,3344.0,Low,0.49999999999999994,-0.8660254037844387,217.5,0,0,3,74.3
Monument,Sheikh Chilli's Tomb,Tomb/Mausoleum,Chandigarh,Chandigarh,Metro,30.7333,76.7794,Delhi,2021-22,2021,6,Jun,2,Summer,0,33.3,3.7,0.326,3605.0,10.0,3615.0,Low,1.2246467991473532e-16,-1.0,217.5,0,0,2,74.3
Monument,Sheikh Chilli's Tomb,Tomb/Mausoleum,Chandigarh,Chandigarh,Metro,30.7333,76.7794,Delhi,2021-22,2021,7,Jul,3,Monsoon,0,31.1,8.7,0.326,4318.0,12.0,4330.0,Medium,-0.4999999999999997,-0.8660254037844388,217.5,0,0,0,74.3
Monument,Sheikh Chilli's Tomb,Tomb/Mausoleum,Chandigarh,Chandigarh,Metro,30.7333,76.7794,Delhi,2021-22,2021,8,Aug,3,Monsoon,0,30.2,9.2,0.326,3559.0,10.0,3569.0,Low,-0.8660254037844385,-0.5000000000000004,217.5,3,1,0,74.3
Monument,Sheikh Chilli's Tomb,Tomb/Mausoleum,Chandigarh,Chandigarh,Metro,30.7333,76.7794,Delhi,2021-22,2021,9,Sep,3,Monsoon,0,29.2,7.3,0.326,3665.0,10.0,3676.0,Low,-1.0,-1.8369701987210297e-16,217.5,1,1,0,74.3
Monument,Sheikh Chilli's Tomb,Tomb/Mausoleum,Chandigarh,Chandigarh,Metro,30.7333,76.7794,Delhi,2021-22,2021,10,Oct,4,Autumn,1,25.6,0.9,0.326,4539.0,13.0,4551.0,Medium,-0.8660254037844386,0.5000000000000001,217.5,1,1,1,74.3
Monument,Sheikh Chilli's Tomb,Tomb/Mausoleum,Chandigarh,Chandigarh,Metro,30.7333,76.7794,Delhi,2021-22,2021,11,Nov,4,Autumn,1,19.7,0.2,0.326,5201.0,14.0,5216.0,Medium,-0.5000000000000004,0.8660254037844384,217.5,1,1,0,74.3
Monument,Sheikh Chilli's Tomb,Tomb/Mausoleum,Chandigarh,Chandigarh,Metro,30.7333,76.7794,Delhi,2021-22,2021,12,Dec,4,Winter,1,14.7,0.6,0.326,5723.0,16.0,5739.0,Medium,-2.4492935982947064e-16,1.0,217.5,1,1,2,74.3
Monument,Sheikh Chilli's Tomb,Tomb/Mausoleum,Chandigarh,Chandigarh,Metro,30.7333,76.7794,Delhi,2021-22,2022,1,Jan,1,Winter,1,13.4,1.5,0.326,5333.0,15.0,5348.0,Medium,0.49999999999999994,0.8660254037844387,217.5,2,1,0,78.6
Monument,Sheikh Chilli's Tomb,Tomb/Mausoleum,Chandigarh,Chandigarh,Metro,30.7333,76.7794,Delhi,2021-22,2022,2,Feb,1,Winter,1,17.3,1.7,0.326,5578.0,15.0,5593.0,Medium,0.8660254037844386,0.5000000000000001,217.5,0,0,0,78.6
Monument,Sheikh Chilli's Tomb,Tomb/Mausoleum,Chandigarh,Chandigarh,Metro,30.7333,76.7794,Delhi,2021-22,2022,3,Mar,1,Summer,1,23.1,1.8,0.326,4605.0,13.0,4618.0,Medium,1.0,6.123233995736766e-17,217.5,1,1,0,78.6
Monument,Sheikh Chilli's Tomb,Tomb/Mausoleum,Chandigarh,Chandigarh,Metro,30.7333,76.7794,Delhi,2022-23,2022,4,Apr,2,Summer,0,29.3,0.6,0.326,4636.0,19.0,4655.0,Medium,0.8660254037844387,-0.4999999999999998,217.5,0,0,1,78.6
Monument,Sheikh Chilli's Tomb,Tomb/Mausoleum,Chandigarh,Chandigarh,Metro,30.7333,76.7794,Delhi,2022-23,2022,5,May,2,Summer,0,32.8,2.1,0.326,4430.0,18.0,4448.0,Medium,0.49999999999999994,-0.8660254037844387,217.5,0,0,3,78.6
Monument,Sheikh Chilli's Tomb,Tomb/Mausoleum,Chandigarh,Chandigarh,Metro,30.7333,76.7794,Delhi,2022-23,2022,6,Jun,2,Summer,0,33.3,3.7,0.326,4788.0,19.0,4808.0,Medium,1.2246467991473532e-16,-1.0,217.5,0,0,2,78.6
Monument,Sheikh Chilli's Tomb,Tomb/Mausoleum,Chandigarh,Chandigarh,Metro,30.7333,76.7794,Delhi,2022-23,2022,7,Jul,3,Monsoon,0,31.1,8.7,0.326,5735.0,23.0,5758.0,Medium,-0.4999999999999997,-0.8660254037844388,217.5,0,0,0,78.6
Monument,Sheikh Chilli's Tomb,Tomb/Mausoleum,Chandigarh,Chandigarh,Metro,30.7333,76.7794,Delhi,2022-23,2022,8,Aug,3,Monsoon,0,30.2,9.2,0.326,4727.0,19.0,4746.0,Medium,-0.8660254037844385,-0.5000000000000004,217.5,3,1,0,78.6
Monument,Sheikh Chilli's Tomb,Tomb/Mausoleum,Chandigarh,Chandigarh,Metro,30.7333,76.7794,Delhi,2022-23,2022,9,Sep,3,Monsoon,0,29.2,7.3,0.326,4869.0,20.0,4888.0,Medium,-1.0,-1.8369701987210297e-16,217.5,1,1,0,78.6
Monument,Sheikh Chilli's Tomb,Tomb/Mausoleum,Chandigarh,Chandigarh,Metro,30.7333,76.7794,Delhi,2022-23,2022,10,Oct,4,Autumn,1,25.6,0.9,0.326,6028.0,25.0,6053.0,Medium,-0.8660254037844386,0.5000000000000001,217.5,2,1,1,78.6
Monument,Sheikh Chilli's Tomb,Tomb/Mausoleum,Chandigarh,Chandigarh,Metro,30.7333,76.7794,Delhi,2022-23,2022,11,Nov,4,Autumn,1,19.7,0.2,0.326,6908.0,28.0,6936.0,Medium,-0.5000000000000004,0.8660254037844384,217.5,0,0,0,78.6
Monument,Sheikh Chilli's Tomb,Tomb/Mausoleum,Chandigarh,Chandigarh,Metro,30.7333,76.7794,Delhi,2022-23,2022,12,Dec,4,Winter,1,14.7,0.6,0.326,7602.0,31.0,7633.0,Medium,-2.4492935982947064e-16,1.0,217.5,1,1,2,78.6
Monument,Sheikh Chilli's Tomb,Tomb/Mausoleum,Chandigarh,Chandigarh,Metro,30.7333,76.7794,Delhi,2022-23,2023,1,Jan,1,Winter,1,13.4,1.5,0.326,7084.0,29.0,7113.0,Medium,0.49999999999999994,0.8660254037844387,217.5,2,1,0,82.6
Monument,Sheikh Chilli's Tomb,Tomb/Mausoleum,Chandigarh,Chandigarh,Metro,30.7333,76.7794,Delhi,2022-23,2023,2,Feb,1,Winter,1,17.3,1.7,0.326,7409.0,30.0,7439.0,Medium,0.8660254037844386,0.5000000000000001,217.5,0,0,0,82.6
Monument,Sheikh Chilli's Tomb,Tomb/Mausoleum,Chandigarh,Chandigarh,Metro,30.7333,76.7794,Delhi,2022-23,2023,3,Mar,1,Summer,1,23.1,1.8,0.326,6116.0,25.0,6141.0,Medium,1.0,6.123233995736766e-17,217.5,1,1,0,82.6
Monument,Site of Sahet mahet,Archaeological Site,Lucknow,Uttar Pradesh,Tier-2,26.8467,80.9462,Lucknow,2021-22,2021,4,Apr,2,Summer,0,30.0,0.4,0.404,3414.0,20.0,3434.0,Low,0.8660254037844387,-0.4999999999999998,11.1,0,0,1,74.3
Monument,Site of Sahet mahet,Archaeological Site,Lucknow,Uttar Pradesh,Tier-2,26.8467,80.9462,Lucknow,2021-22,2021,5,May,2,Summer,0,32.6,3.1,0.404,3262.0,19.0,3282.0,Low,0.49999999999999994,-0.8660254037844387,11.1,0,0,3,74.3
Monument,Site of Sahet mahet,Archaeological Site,Lucknow,Uttar Pradesh,Tier-2,26.8467,80.9462,Lucknow,2021-22,2021,6,Jun,2,Summer,0,32.6,4.8,0.404,3526.0,21.0,3547.0,Low,1.2246467991473532e-16,-1.0,11.1,0,0,2,74.3
Monument,Site of Sahet mahet,Archaeological Site,Lucknow,Uttar Pradesh,Tier-2,26.8467,80.9462,Lucknow,2021-22,2021,7,Jul,3,Monsoon,0,30.1,9.7,0.404,4223.0,25.0,4248.0,Medium,-0.4999999999999997,-0.8660254037844388,11.1,0,0,0,74.3
Monument,Site of Sahet mahet,Archaeological Site,Lucknow,Uttar Pradesh,Tier-2,26.8467,80.9462,Lucknow,2021-22,2021,8,Aug,3,Monsoon,0,29.5,9.7,0.404,3481.0,21.0,3502.0,Low,-0.8660254037844385,-0.5000000000000004,11.1,3,1,0,74.3
Monument,Site of Sahet mahet,Archaeological Site,Lucknow,Uttar Pradesh,Tier-2,26.8467,80.9462,Lucknow,2021-22,2021,9,Sep,3,Monsoon,0,28.8,9.7,0.404,3586.0,21.0,3607.0,Low,-1.0,-1.8369701987210297e-16,11.1,1,1,0,74.3
Monument,Site of Sahet mahet,Archaeological Site,Lucknow,Uttar Pradesh,Tier-2,26.8467,80.9462,Lucknow,2021-22,2021,10,Oct,4,Autumn,1,26.0,1.7,0.404,4440.0,26.0,4466.0,Medium,-0.8660254037844386,0.5000000000000001,11.1,1,1,1,74.3
Monument,Site of Sahet mahet,Archaeological Site,Lucknow,Uttar Pradesh,Tier-2,26.8467,80.9462,Lucknow,2021-22,2021,11,Nov,4,Autumn,1,20.7,0.4,0.404,5088.0,30.0,5118.0,Medium,-0.5000000000000004,0.8660254037844384,11.1,1,1,0,74.3
Monument,Site of Sahet mahet,Archaeological Site,Lucknow,Uttar Pradesh,Tier-2,26.8467,80.9462,Lucknow,2021-22,2021,12,Dec,4,Winter,1,15.8,0.9,0.404,5598.0,33.0,5631.0,Medium,-2.4492935982947064e-16,1.0,11.1,1,1,2,74.3
Monument,Site of Sahet mahet,Archaeological Site,Lucknow,Uttar Pradesh,Tier-2,26.8467,80.9462,Lucknow,2021-22,2022,1,Jan,1,Winter,1,14.1,1.4,0.404,5217.0,31.0,5248.0,Medium,0.49999999999999994,0.8660254037844387,11.1,2,1,0,78.6
Monument,Site of Sahet mahet,Archaeological Site,Lucknow,Uttar Pradesh,Tier-2,26.8467,80.9462,Lucknow,2021-22,2022,2,Feb,1,Winter,1,18.4,1.5,0.404,5456.0,32.0,5488.0,Medium,0.8660254037844386,0.5000000000000001,11.1,0,0,0,78.6
Monument,Site of Sahet mahet,Archaeological Site,Lucknow,Uttar Pradesh,Tier-2,26.8467,80.9462,Lucknow,2021-22,2022,3,Mar,1,Summer,1,23.9,0.8,0.404,4504.0,27.0,4531.0,Medium,1.0,6.123233995736766e-17,11.1,1,1,0,78.6
Monument,Site of Sahet mahet,Archaeological Site,Lucknow,Uttar Pradesh,Tier-2,26.8467,80.9462,Lucknow,2022-23,2022,4,Apr,2,Summer,0,30.0,0.4,0.404,6182.0,2858.0,9040.0,Medium,0.8660254037844387,-0.4999999999999998,11.1,0,0,1,78.6
Monument,Site of Sahet mahet,Archaeological Site,Lucknow,Uttar Pradesh,Tier-2,26.8467,80.9462,Lucknow,2022-23,2022,5,May,2,Summer,0,32.6,3.1,0.404,5907.0,2731.0,8638.0,Medium,0.49999999999999994,-0.8660254037844387,11.1,0,0,3,78.6
Monument,Site of Sahet mahet,Archaeological Site,Lucknow,Uttar Pradesh,Tier-2,26.8467,80.9462,Lucknow,2022-23,2022,6,Jun,2,Summer,0,32.6,4.8,0.404,6385.0,2952.0,9337.0,Medium,1.2246467991473532e-16,-1.0,11.1,0,0,2,78.6
Monument,Site of Sahet mahet,Archaeological Site,Lucknow,Uttar Pradesh,Tier-2,26.8467,80.9462,Lucknow,2022-23,2022,7,Jul,3,Monsoon,0,30.1,9.7,0.404,7648.0,3536.0,11183.0,Medium,-0.4999999999999997,-0.8660254037844388,11.1,0,0,0,78.6
Monument,Site of Sahet mahet,Archaeological Site,Lucknow,Uttar Pradesh,Tier-2,26.8467,80.9462,Lucknow,2022-23,2022,8,Aug,3,Monsoon,0,29.5,9.7,0.404,6304.0,2914.0,9218.0,Medium,-0.8660254037844385,-0.5000000000000004,11.1,3,1,0,78.6
Monument,Site of Sahet mahet,Archaeological Site,Lucknow,Uttar Pradesh,Tier-2,26.8467,80.9462,Lucknow,2022-23,2022,9,Sep,3,Monsoon,0,28.8,9.7,0.404,6492.0,3002.0,9494.0,Medium,-1.0,-1.8369701987210297e-16,11.1,1,1,0,78.6
Monument,Site of Sahet mahet,Archaeological Site,Lucknow,Uttar Pradesh,Tier-2,26.8467,80.9462,Lucknow,2022-23,2022,10,Oct,4,Autumn,1,26.0,1.7,0.404,8039.0,3717.0,11756.0,Medium,-0.8660254037844386,0.5000000000000001,11.1,2,1,1,78.6
Monument,Site of Sahet mahet,Archaeological Site,Lucknow,Uttar Pradesh,Tier-2,26.8467,80.9462,Lucknow,2022-23,2022,11,Nov,4,Autumn,1,20.7,0.4,0.404,9213.0,4259.0,13472.0,Medium,-0.5000000000000004,0.8660254037844384,11.1,0,0,0,78.6
Monument,Site of Sahet mahet,Archaeological Site,Lucknow,Uttar Pradesh,Tier-2,26.8467,80.9462,Lucknow,2022-23,2022,12,Dec,4,Winter,1,15.8,0.9,0.404,10137.0,4686.0,14824.0,Medium,-2.4492935982947064e-16,1.0,11.1,1,1,2,78.6
Monument,Site of Sahet mahet,Archaeological Site,Lucknow,Uttar Pradesh,Tier-2,26.8467,80.9462,Lucknow,2022-23,2023,1,Jan,1,Winter,1,14.1,1.4,0.404,9447.0,4367.0,13814.0,Medium,0.49999999999999994,0.8660254037844387,11.1,2,1,0,82.6
Monument,Site of Sahet mahet,Archaeological Site,Lucknow,Uttar Pradesh,Tier-2,26.8467,80.9462,Lucknow,2022-23,2023,2,Feb,1,Winter,1,18.4,1.5,0.404,9880.0,4568.0,14447.0,Medium,0.8660254037844386,0.5000000000000001,11.1,0,0,0,82.6
Monument,Site of Sahet mahet,Archaeological Site,Lucknow,Uttar Pradesh,Tier-2,26.8467,80.9462,Lucknow,2022-23,2023,3,Mar,1,Summer,1,23.9,0.8,0.404,8156.0,3771.0,11927.0,Medium,1.0,6.123233995736766e-17,11.1,1,1,0,82.6
Monument,Sultanghari Tomb,Tomb/Mausoleum,Delhi,Delhi,Metro,28.7041,77.1025,Delhi,2021-22,2021,4,Apr,2,Summer,0,29.3,0.6,0.035,20.0,0.0,20.0,Low,0.8660254037844387,-0.4999999999999998,16.4,0,0,1,74.3
Monument,Sultanghari Tomb,Tomb/Mausoleum,Delhi,Delhi,Metro,28.7041,77.1025,Delhi,2021-22,2021,5,May,2,Summer,0,32.8,2.1,0.035,19.0,0.0,19.0,Low,0.49999999999999994,-0.8660254037844387,16.4,0,0,3,74.3
Monument,Sultanghari Tomb,Tomb/Mausoleum,Delhi,Delhi,Metro,28.7041,77.1025,Delhi,2021-22,2021,6,Jun,2,Summer,0,33.3,3.7,0.035,20.0,0.0,21.0,Low,1.2246467991473532e-16,-1.0,16.4,0,0,2,74.3
Monument,Sultanghari Tomb,Tomb/Mausoleum,Delhi,Delhi,Metro,28.7041,77.1025,Delhi,2021-22,2021,7,Jul,3,Monsoon,0,31.1,8.7,0.035,24.0,0.0,25.0,Low,-0.4999999999999997,-0.8660254037844388,16.4,0,0,0,74.3
Monument,Sultanghari Tomb,Tomb/Mausoleum,Delhi,Delhi,Metro,28.7041,77.1025,Delhi,2021-22,2021,8,Aug,3,Monsoon,0,30.2,9.2,0.035,20.0,0.0,20.0,Low,-0.8660254037844385,-0.5000000000000004,16.4,3,1,0,74.3
Monument,Sultanghari Tomb,Tomb/Mausoleum,Delhi,Delhi,Metro,28.7041,77.1025,Delhi,2021-22,2021,9,Sep,3,Monsoon,0,29.2,7.3,0.035,21.0,0.0,21.0,Low,-1.0,-1.8369701987210297e-16,16.4,1,1,0,74.3
Monument,Sultanghari Tomb,Tomb/Mausoleum,Delhi,Delhi,Metro,28.7041,77.1025,Delhi,2021-22,2021,10,Oct,4,Autumn,1,25.6,0.9,0.035,26.0,0.0,26.0,Low,-0.8660254037844386,0.5000000000000001,16.4,1,1,1,74.3
Monument,Sultanghari Tomb,Tomb/Mausoleum,Delhi,Delhi,Metro,28.7041,77.1025,Delhi,2021-22,2021,11,Nov,4,Autumn,1,19.7,0.2,0.035,29.0,0.0,30.0,Low,-0.5000000000000004,0.8660254037844384,16.4,1,1,0,74.3
Monument,Sultanghari Tomb,Tomb/Mausoleum,Delhi,Delhi,Metro,28.7041,77.1025,Delhi,2021-22,2021,12,Dec,4,Winter,1,14.7,0.6,0.035,32.0,1.0,33.0,Low,-2.4492935982947064e-16,1.0,16.4,1,1,2,74.3
Monument,Sultanghari Tomb,Tomb/Mausoleum,Delhi,Delhi,Metro,28.7041,77.1025,Delhi,2021-22,2022,1,Jan,1,Winter,1,13.4,1.5,0.035,30.0,1.0,31.0,Low,0.49999999999999994,0.8660254037844387,16.4,2,1,0,78.6
Monument,Sultanghari Tomb,Tomb/Mausoleum,Delhi,Delhi,Metro,28.7041,77.1025,Delhi,2021-22,2022,2,Feb,1,Winter,1,17.3,1.7,0.035,31.0,1.0,32.0,Low,0.8660254037844386,0.5000000000000001,16.4,0,0,0,78.6
Monument,Sultanghari Tomb,Tomb/Mausoleum,Delhi,Delhi,Metro,28.7041,77.1025,Delhi,2021-22,2022,3,Mar,1,Summer,1,23.1,1.8,0.035,26.0,0.0,26.0,Low,1.0,6.123233995736766e-17,16.4,1,1,0,78.6
Monument,Sultanghari Tomb,Tomb/Mausoleum,Delhi,Delhi,Metro,28.7041,77.1025,Delhi,2022-23,2022,4,Apr,2,Summer,0,29.3,0.6,0.035,139.0,0.0,139.0,Low,0.8660254037844387,-0.4999999999999998,16.4,0,0,1,78.6
Monument,Sultanghari Tomb,Tomb/Mausoleum,Delhi,Delhi,Metro,28.7041,77.1025,Delhi,2022-23,2022,5,May,2,Summer,0,32.8,2.1,0.035,133.0,0.0,133.0,Low,0.49999999999999994,-0.8660254037844387,16.4,0,0,3,78.6
Monument,Sultanghari Tomb,Tomb/Mausoleum,Delhi,Delhi,Metro,28.7041,77.1025,Delhi,2022-23,2022,6,Jun,2,Summer,0,33.3,3.7,0.035,144.0,0.0,144.0,Low,1.2246467991473532e-16,-1.0,16.4,0,0,2,78.6
Monument,Sultanghari Tomb,Tomb/Mausoleum,Delhi,Delhi,Metro,28.7041,77.1025,Delhi,2022-23,2022,7,Jul,3,Monsoon,0,31.1,8.7,0.035,172.0,0.0,172.0,Low,-0.4999999999999997,-0.8660254037844388,16.4,0,0,0,78.6
Monument,Sultanghari Tomb,Tomb/Mausoleum,Delhi,Delhi,Metro,28.7041,77.1025,Delhi,2022-23,2022,8,Aug,3,Monsoon,0,30.2,9.2,0.035,142.0,0.0,142.0,Low,-0.8660254037844385,-0.5000000000000004,16.4,3,1,0,78.6
Monument,Sultanghari Tomb,Tomb/Mausoleum,Delhi,Delhi,Metro,28.7041,77.1025,Delhi,2022-23,2022,9,Sep,3,Monsoon,0,29.2,7.3,0.035,146.0,0.0,146.0,Low,-1.0,-1.8369701987210297e-16,16.4,1,1,0,78.6
Monument,Sultanghari Tomb,Tomb/Mausoleum,Delhi,Delhi,Metro,28.7041,77.1025,Delhi,2022-23,2022,10,Oct,4,Autumn,1,25.6,0.9,0.035,181.0,0.0,181.0,Low,-0.8660254037844386,0.5000000000000001,16.4,2,1,1,78.6
Monument,Sultanghari Tomb,Tomb/Mausoleum,Delhi,Delhi,Metro,28.7041,77.1025,Delhi,2022-23,2022,11,Nov,4,Autumn,1,19.7,0.2,0.035,207.0,0.0,208.0,Low,-0.5000000000000004,0.8660254037844384,16.4,0,0,0,78.6
Monument,Sultanghari Tomb,Tomb/Mausoleum,Delhi,Delhi,Metro,28.7041,77.1025,Delhi,2022-23,2022,12,Dec,4,Winter,1,14.7,0.6,0.035,228.0,0.0,228.0,Low,-2.4492935982947064e-16,1.0,16.4,1,1,2,78.6
Monument,Sultanghari Tomb,Tomb/Mausoleum,Delhi,Delhi,Metro,28.7041,77.1025,Delhi,2022-23,2023,1,Jan,1,Winter,1,13.4,1.5,0.035,213.0,0.0,213.0,Low,0.49999999999999994,0.8660254037844387,16.4,2,1,0,82.6
Monument,Sultanghari Tomb,Tomb/Mausoleum,Delhi,Delhi,Metro,28.7041,77.1025,Delhi,2022-23,2023,2,Feb,1,Winter,1,17.3,1.7,0.035,222.0,0.0,223.0,Low,0.8660254037844386,0.5000000000000001,16.4,0,0,0,82.6
Monument,Sultanghari Tomb,Tomb/Mausoleum,Delhi,Delhi,Metro,28.7041,77.1025,Delhi,2022-23,2023,3,Mar,1,Summer,1,23.1,1.8,0.035,183.0,0.0,184.0,Low,1.0,6.123233995736766e-17,16.4,1,1,0,82.6
Monument,Suraj Kund,Other Heritage Site,Chandigarh,Chandigarh,Metro,30.7333,76.7794,Delhi,2021-22,2021,4,Apr,2,Summer,0,29.3,0.6,0.128,966.0,3.0,969.0,Low,0.8660254037844387,-0.4999999999999998,217.5,0,0,1,74.3
Monument,Suraj Kund,Other Heritage Site,Chandigarh,Chandigarh,Metro,30.7333,76.7794,Delhi,2021-22,2021,5,May,2,Summer,0,32.8,2.1,0.128,923.0,3.0,926.0,Low,0.49999999999999994,-0.8660254037844387,217.5,0,0,3,74.3
Monument,Suraj Kund,Other Heritage Site,Chandigarh,Chandigarh,Metro,30.7333,76.7794,Delhi,2021-22,2021,6,Jun,2,Summer,0,33.3,3.7,0.128,997.0,3.0,1001.0,Low,1.2246467991473532e-16,-1.0,217.5,0,0,2,74.3
Monument,Suraj Kund,Other Heritage Site,Chandigarh,Chandigarh,Metro,30.7333,76.7794,Delhi,2021-22,2021,7,Jul,3,Monsoon,0,31.1,8.7,0.128,1195.0,4.0,1199.0,Low,-0.4999999999999997,-0.8660254037844388,217.5,0,0,0,74.3
Monument,Suraj Kund,Other Heritage Site,Chandigarh,Chandigarh,Metro,30.7333,76.7794,Delhi,2021-22,2021,8,Aug,3,Monsoon,0,30.2,9.2,0.128,985.0,3.0,988.0,Low,-0.8660254037844385,-0.5000000000000004,217.5,3,1,0,74.3
Monument,Suraj Kund,Other Heritage Site,Chandigarh,Chandigarh,Metro,30.7333,76.7794,Delhi,2021-22,2021,9,Sep,3,Monsoon,0,29.2,7.3,0.128,1014.0,3.0,1018.0,Low,-1.0,-1.8369701987210297e-16,217.5,1,1,0,74.3
Monument,Suraj Kund,Other Heritage Site,Chandigarh,Chandigarh,Metro,30.7333,76.7794,Delhi,2021-22,2021,10,Oct,4,Autumn,1,25.6,0.9,0.128,1256.0,4.0,1260.0,Low,-0.8660254037844386,0.5000000000000001,217.5,1,1,1,74.3
Monument,Suraj Kund,Other Heritage Site,Chandigarh,Chandigarh,Metro,30.7333,76.7794,Delhi,2021-22,2021,11,Nov,4,Autumn,1,19.7,0.2,0.128,1439.0,5.0,1444.0,Low,-0.5000000000000004,0.8660254037844384,217.5,1,1,0,74.3
Monument,Suraj Kund,Other Heritage Site,Chandigarh,Chandigarh,Metro,30.7333,76.7794,Delhi,2021-22,2021,12,Dec,4,Winter,1,14.7,0.6,0.128,1584.0,5.0,1589.0,Low,-2.4492935982947064e-16,1.0,217.5,1,1,2,74.3
Monument,Suraj Kund,Other Heritage Site,Chandigarh,Chandigarh,Metro,30.7333,76.7794,Delhi,2021-22,2022,1,Jan,1,Winter,1,13.4,1.5,0.128,1476.0,5.0,1481.0,Low,0.49999999999999994,0.8660254037844387,217.5,2,1,0,78.6
Monument,Suraj Kund,Other Heritage Site,Chandigarh,Chandigarh,Metro,30.7333,76.7794,Delhi,2021-22,2022,2,Feb,1,Winter,1,17.3,1.7,0.128,1543.0,5.0,1549.0,Low,0.8660254037844386,0.5000000000000001,217.5,0,0,0,78.6
Monument,Suraj Kund,Other Heritage Site,Chandigarh,Chandigarh,Metro,30.7333,76.7794,Delhi,2021-22,2022,3,Mar,1,Summer,1,23.1,1.8,0.128,1274.0,4.0,1278.0,Low,1.0,6.123233995736766e-17,217.5,1,1,0,78.6
Monument,Suraj Kund,Other Heritage Site,Chandigarh,Chandigarh,Metro,30.7333,76.7794,Delhi,2022-23,2022,4,Apr,2,Summer,0,29.3,0.6,0.128,847.0,3.0,850.0,Low,0.8660254037844387,-0.4999999999999998,217.5,0,0,1,78.6
Monument,Suraj Kund,Other Heritage Site,Chandigarh,Chandigarh,Metro,30.7333,76.7794,Delhi,2022-23,2022,5,May,2,Summer,0,32.8,2.1,0.128,809.0,3.0,812.0,Low,0.49999999999999994,-0.8660254037844387,217.5,0,0,3,78.6
Monument,Suraj Kund,Other Heritage Site,Chandigarh,Chandigarh,Metro,30.7333,76.7794,Delhi,2022-23,2022,6,Jun,2,Summer,0,33.3,3.7,0.128,875.0,4.0,878.0,Low,1.2246467991473532e-16,-1.0,217.5,0,0,2,78.6
Monument,Suraj Kund,Other Heritage Site,Chandigarh,Chandigarh,Metro,30.7333,76.7794,Delhi,2022-23,2022,7,Jul,3,Monsoon,0,31.1,8.7,0.128,1047.0,4.0,1052.0,Low,-0.4999999999999997,-0.8660254037844388,217.5,0,0,0,78.6
Monument,Suraj Kund,Other Heritage Site,Chandigarh,Chandigarh,Metro,30.7333,76.7794,Delhi,2022-23,2022,8,Aug,3,Monsoon,0,30.2,9.2,0.128,863.0,4.0,867.0,Low,-0.8660254037844385,-0.5000000000000004,217.5,3,1,0,78.6
Monument,Suraj Kund,Other Heritage Site,Chandigarh,Chandigarh,Metro,30.7333,76.7794,Delhi,2022-23,2022,9,Sep,3,Monsoon,0,29.2,7.3,0.128,889.0,4.0,893.0,Low,-1.0,-1.8369701987210297e-16,217.5,1,1,0,78.6
Monument,Suraj Kund,Other Heritage Site,Chandigarh,Chandigarh,Metro,30.7333,76.7794,Delhi,2022-23,2022,10,Oct,4,Autumn,1,25.6,0.9,0.128,1101.0,5.0,1106.0,Low,-0.8660254037844386,0.5000000000000001,217.5,2,1,1,78.6
Monument,Suraj Kund,Other Heritage Site,Chandigarh,Chandigarh,Metro,30.7333,76.7794,Delhi,2022-23,2022,11,Nov,4,Autumn,1,19.7,0.2,0.128,1262.0,5.0,1267.0,Low,-0.5000000000000004,0.8660254037844384,217.5,0,0,0,78.6
Monument,Suraj Kund,Other Heritage Site,Chandigarh,Chandigarh,Metro,30.7333,76.7794,Delhi,2022-23,2022,12,Dec,4,Winter,1,14.7,0.6,0.128,1388.0,6.0,1394.0,Low,-2.4492935982947064e-16,1.0,217.5,1,1,2,78.6
Monument,Suraj Kund,Other Heritage Site,Chandigarh,Chandigarh,Metro,30.7333,76.7794,Delhi,2022-23,2023,1,Jan,1,Winter,1,13.4,1.5,0.128,1294.0,5.0,1299.0,Low,0.49999999999999994,0.8660254037844387,217.5,2,1,0,82.6
Monument,Suraj Kund,Other Heritage Site,Chandigarh,Chandigarh,Metro,30.7333,76.7794,Delhi,2022-23,2023,2,Feb,1,Winter,1,17.3,1.7,0.128,1353.0,6.0,1359.0,Low,0.8660254037844386,0.5000000000000001,217.5,0,0,0,82.6
Monument,Suraj Kund,Other Heritage Site,Chandigarh,Chandigarh,Metro,30.7333,76.7794,Delhi,2022-23,2023,3,Mar,1,Summer,1,23.1,1.8,0.128,1117.0,5.0,1122.0,Low,1.0,6.123233995736766e-17,217.5,1,1,0,82.6
Monument,Taj Mahal,Palace,Agra,Uttar Pradesh,Metro,27.1767,78.0081,Delhi,2021-22,2021,4,Apr,2,Summer,0,29.3,0.6,0.922,217153.0,2565.0,219718.0,High,0.8660254037844387,-0.4999999999999998,177.5,0,0,1,74.3
Monument,Taj Mahal,Palace,Agra,Uttar Pradesh,Metro,27.1767,78.0081,Delhi,2021-22,2021,5,May,2,Summer,0,32.8,2.1,0.922,207503.0,2451.0,209955.0,High,0.49999999999999994,-0.8660254037844387,177.5,0,0,3,74.3
Monument,Taj Mahal,Palace,Agra,Uttar Pradesh,Metro,27.1767,78.0081,Delhi,2021-22,2021,6,Jun,2,Summer,0,33.3,3.7,0.922,224298.0,2650.0,226947.0,High,1.2246467991473532e-16,-1.0,177.5,0,0,2,74.3
Monument,Taj Mahal,Palace,Agra,Uttar Pradesh,Metro,27.1767,78.0081,Delhi,2021-22,2021,7,Jul,3,Monsoon,0,31.1,8.7,0.922,268638.0,3174.0,271812.0,High,-0.4999999999999997,-0.8660254037844388,177.5,0,0,0,74.3
Monument,Taj Mahal,Palace,Agra,Uttar Pradesh,Metro,27.1767,78.0081,Delhi,2021-22,2021,8,Aug,3,Monsoon,0,30.2,9.2,0.922,221434.0,2616.0,224050.0,High,-0.8660254037844385,-0.5000000000000004,177.5,3,1,0,74.3
Monument,Taj Mahal,Palace,Agra,Uttar Pradesh,Metro,27.1767,78.0081,Delhi,2021-22,2021,9,Sep,3,Monsoon,0,29.2,7.3,0.922,228065.0,2694.0,230760.0,High,-1.0,-1.8369701987210297e-16,177.5,1,1,0,74.3
Monument,Taj Mahal,Palace,Agra,Uttar Pradesh,Metro,27.1767,78.0081,Delhi,2021-22,2021,10,Oct,4,Autumn,1,25.6,0.9,0.922,282394.0,3336.0,285730.0,High,-0.8660254037844386,0.5000000000000001,177.5,1,1,1,74.3
Monument,Taj Mahal,Palace,Agra,Uttar Pradesh,Metro,27.1767,78.0081,Delhi,2021-22,2021,11,Nov,4,Autumn,1,19.7,0.2,0.922,323614.0,3823.0,327437.0,High,-0.5000000000000004,0.8660254037844384,177.5,1,1,0,74.3
Monument,Taj Mahal,Palace,Agra,Uttar Pradesh,Metro,27.1767,78.0081,Delhi,2021-22,2021,12,Dec,4,Winter,1,14.7,0.6,0.922,356091.0,4207.0,360297.0,High,-2.4492935982947064e-16,1.0,177.5,1,1,2,74.3
Monument,Taj Mahal,Palace,Agra,Uttar Pradesh,Metro,27.1767,78.0081,Delhi,2021-22,2022,1,Jan,1,Winter,1,13.4,1.5,0.922,331850.0,3920.0,335771.0,High,0.49999999999999994,0.8660254037844387,177.5,2,1,0,78.6
Monument,Taj Mahal,Palace,Agra,Uttar Pradesh,Metro,27.1767,78.0081,Delhi,2021-22,2022,2,Feb,1,Winter,1,17.3,1.7,0.922,347056.0,4100.0,351156.0,High,0.8660254037844386,0.5000000000000001,177.5,0,0,0,78.6
Monument,Taj Mahal,Palace,Agra,Uttar Pradesh,Metro,27.1767,78.0081,Delhi,2021-22,2022,3,Mar,1,Summer,1,23.1,1.8,0.922,286515.0,3385.0,289900.0,High,1.0,6.123233995736766e-17,177.5,1,1,0,78.6
Monument,Taj Mahal,Palace,Agra,Uttar Pradesh,Metro,27.1767,78.0081,Delhi,2022-23,2022,4,Apr,2,Summer,0,29.3,0.6,0.922,333032.0,26160.0,359192.0,High,0.8660254037844387,-0.4999999999999998,177.5,0,0,1,78.6
Monument,Taj Mahal,Palace,Agra,Uttar Pradesh,Metro,27.1767,78.0081,Delhi,2022-23,2022,5,May,2,Summer,0,32.8,2.1,0.922,318233.0,24998.0,343231.0,High,0.49999999999999994,-0.8660254037844387,177.5,0,0,3,78.6
Monument,Taj Mahal,Palace,Agra,Uttar Pradesh,Metro,27.1767,78.0081,Delhi,2022-23,2022,6,Jun,2,Summer,0,33.3,3.7,0.922,343989.0,27021.0,371010.0,High,1.2246467991473532e-16,-1.0,177.5,0,0,2,78.6
Monument,Taj Mahal,Palace,Agra,Uttar Pradesh,Metro,27.1767,78.0081,Delhi,2022-23,2022,7,Jul,3,Monsoon,0,31.1,8.7,0.922,411991.0,32363.0,444354.0,High,-0.4999999999999997,-0.8660254037844388,177.5,0,0,0,78.6
Monument,Taj Mahal,Palace,Agra,Uttar Pradesh,Metro,27.1767,78.0081,Delhi,2022-23,2022,8,Aug,3,Monsoon,0,30.2,9.2,0.922,339598.0,26676.0,366274.0,High,-0.8660254037844385,-0.5000000000000004,177.5,3,1,0,78.6
Monument,Taj Mahal,Palace,Agra,Uttar Pradesh,Metro,27.1767,78.0081,Delhi,2022-23,2022,9,Sep,3,Monsoon,0,29.2,7.3,0.922,349768.0,27475.0,377242.0,High,-1.0,-1.8369701987210297e-16,177.5,1,1,0,78.6
Monument,Taj Mahal,Palace,Agra,Uttar Pradesh,Metro,27.1767,78.0081,Delhi,2022-23,2022,10,Oct,4,Autumn,1,25.6,0.9,0.922,433088.0,34020.0,467108.0,High,-0.8660254037844386,0.5000000000000001,177.5,2,1,1,78.6
Monument,Taj Mahal,Palace,Agra,Uttar Pradesh,Metro,27.1767,78.0081,Delhi,2022-23,2022,11,Nov,4,Autumn,1,19.7,0.2,0.922,496303.0,38986.0,535289.0,High,-0.5000000000000004,0.8660254037844384,177.5,0,0,0,78.6
Monument,Taj Mahal,Palace,Agra,Uttar Pradesh,Metro,27.1767,78.0081,Delhi,2022-23,2022,12,Dec,4,Winter,1,14.7,0.6,0.922,546111.0,42898.0,589009.0,High,-2.4492935982947064e-16,1.0,177.5,1,1,2,78.6
Monument,Taj Mahal,Palace,Agra,Uttar Pradesh,Metro,27.1767,78.0081,Delhi,2022-23,2023,1,Jan,1,Winter,1,13.4,1.5,0.922,508935.0,39978.0,548913.0,High,0.49999999999999994,0.8660254037844387,177.5,2,1,0,82.6
Monument,Taj Mahal,Palace,Agra,Uttar Pradesh,Metro,27.1767,78.0081,Delhi,2022-23,2023,2,Feb,1,Winter,1,17.3,1.7,0.922,532255.0,41810.0,574065.0,High,0.8660254037844386,0.5000000000000001,177.5,0,0,0,82.6
Monument,Taj Mahal,Palace,Agra,Uttar Pradesh,Metro,27.1767,78.0081,Delhi,2022-23,2023,3,Mar,1,Summer,1,23.1,1.8,0.922,439408.0,34516.0,473924.0,High,1.0,6.123233995736766e-17,177.5,1,1,0,82.6
Monument,"Temples & Sculpture Shed, lakkumdi",Temple,Dharwad,Karnataka,Metro,15.4589,75.0078,Bangalore,2021-22,2021,4,Apr,2,Summer,0,27.4,4.6,0.113,532.0,18.0,550.0,Low,0.8660254037844387,-0.4999999999999998,126.4,0,0,1,74.3
Monument,"Temples & Sculpture Shed, lakkumdi",Temple,Dharwad,Karnataka,Metro,15.4589,75.0078,Bangalore,2021-22,2021,5,May,2,Summer,0,26.4,5.8,0.113,508.0,17.0,525.0,Low,0.49999999999999994,-0.8660254037844387,126.4,0,0,3,74.3
Monument,"Temples & Sculpture Shed, lakkumdi",Temple,Dharwad,Karnataka,Metro,15.4589,75.0078,Bangalore,2021-22,2021,6,Jun,2,Summer,0,24.3,4.2,0.113,549.0,19.0,568.0,Low,1.2246467991473532e-16,-1.0,126.4,0,0,2,74.3
Monument,"Temples & Sculpture Shed, lakkumdi",Temple,Dharwad,Karnataka,Metro,15.4589,75.0078,Bangalore,2021-22,2021,7,Jul,3,Monsoon,0,23.3,4.8,0.113,658.0,22.0,680.0,Low,-0.4999999999999997,-0.8660254037844388,126.4,0,0,0,74.3
Monument,"Temples & Sculpture Shed, lakkumdi",Temple,Dharwad,Karnataka,Metro,15.4589,75.0078,Bangalore,2021-22,2021,8,Aug,3,Monsoon,0,23.1,5.7,0.113,542.0,18.0,561.0,Low,-0.8660254037844385,-0.5000000000000004,126.4,3,1,0,74.3
Monument,"Temples & Sculpture Shed, lakkumdi",Temple,Dharwad,Karnataka,Metro,15.4589,75.0078,Bangalore,2021-22,2021,9,Sep,3,Monsoon,0,23.6,8.0,0.113,558.0,19.0,577.0,Low,-1.0,-1.8369701987210297e-16,126.4,1,1,0,74.3
Monument,"Temples & Sculpture Shed, lakkumdi",Temple,Dharwad,Karnataka,Metro,15.4589,75.0078,Bangalore,2021-22,2021,10,Oct,4,Autumn,1,23.2,8.0,0.113,691.0,23.0,715.0,Low,-0.8660254037844386,0.5000000000000001,126.4,1,1,1,74.3
Monument,"Temples & Sculpture Shed, lakkumdi",Temple,Dharwad,Karnataka,Metro,15.4589,75.0078,Bangalore,2021-22,2021,11,Nov,4,Autumn,1,22.1,3.7,0.113,792.0,27.0,819.0,Low,-0.5000000000000004,0.8660254037844384,126.4,1,1,0,74.3
Monument,"Temples & Sculpture Shed, lakkumdi",Temple,Dharwad,Karnataka,Metro,15.4589,75.0078,Bangalore,2021-22,2021,12,Dec,4,Winter,1,21.0,1.2,0.113,872.0,30.0,901.0,Low,-2.4492935982947064e-16,1.0,126.4,1,1,2,74.3
Monument,"Temples & Sculpture Shed, lakkumdi",Temple,Dharwad,Karnataka,Metro,15.4589,75.0078,Bangalore,2021-22,2022,1,Jan,1,Winter,1,21.5,0.1,0.113,813.0,27.0,840.0,Low,0.49999999999999994,0.8660254037844387,126.4,2,1,0,78.6
Monument,"Temples & Sculpture Shed, lakkumdi",Temple,Dharwad,Karnataka,Metro,15.4589,75.0078,Bangalore,2021-22,2022,2,Feb,1,Winter,1,23.7,0.4,0.113,850.0,29.0,879.0,Low,0.8660254037844386,0.5000000000000001,126.4,0,0,0,78.6
Monument,"Temples & Sculpture Shed, lakkumdi",Temple,Dharwad,Karnataka,Metro,15.4589,75.0078,Bangalore,2021-22,2022,3,Mar,1,Summer,1,26.4,1.2,0.113,702.0,24.0,725.0,Low,1.0,6.123233995736766e-17,126.4,1,1,0,78.6
Monument,"Temples & Sculpture Shed, lakkumdi",Temple,Dharwad,Karnataka,Metro,15.4589,75.0078,Bangalore,2022-23,2022,4,Apr,2,Summer,0,27.4,4.6,0.113,1000.0,7.0,1007.0,Low,0.8660254037844387,-0.4999999999999998,126.4,0,0,1,78.6
Monument,"Temples & Sculpture Shed, lakkumdi",Temple,Dharwad,Karnataka,Metro,15.4589,75.0078,Bangalore,2022-23,2022,5,May,2,Summer,0,26.4,5.8,0.113,956.0,7.0,962.0,Low,0.49999999999999994,-0.8660254037844387,126.4,0,0,3,78.6
Monument,"Temples & Sculpture Shed, lakkumdi",Temple,Dharwad,Karnataka,Metro,15.4589,75.0078,Bangalore,2022-23,2022,6,Jun,2,Summer,0,24.3,4.2,0.113,1033.0,7.0,1040.0,Low,1.2246467991473532e-16,-1.0,126.4,0,0,2,78.6
Monument,"Temples & Sculpture Shed, lakkumdi",Temple,Dharwad,Karnataka,Metro,15.4589,75.0078,Bangalore,2022-23,2022,7,Jul,3,Monsoon,0,23.3,4.8,0.113,1237.0,8.0,1246.0,Low,-0.4999999999999997,-0.8660254037844388,126.4,0,0,0,78.6
Monument,"Temples & Sculpture Shed, lakkumdi",Temple,Dharwad,Karnataka,Metro,15.4589,75.0078,Bangalore,2022-23,2022,8,Aug,3,Monsoon,0,23.1,5.7,0.113,1020.0,7.0,1027.0,Low,-0.8660254037844385,-0.5000000000000004,126.4,3,1,0,78.6
Monument,"Temples & Sculpture Shed, lakkumdi",Temple,Dharwad,Karnataka,Metro,15.4589,75.0078,Bangalore,2022-23,2022,9,Sep,3,Monsoon,0,23.6,8.0,0.113,1050.0,7.0,1057.0,Low,-1.0,-1.8369701987210297e-16,126.4,1,1,0,78.6
Monument,"Temples & Sculpture Shed, lakkumdi",Temple,Dharwad,Karnataka,Metro,15.4589,75.0078,Bangalore,2022-23,2022,10,Oct,4,Autumn,1,23.2,8.0,0.113,1300.0,9.0,1309.0,Low,-0.8660254037844386,0.5000000000000001,126.4,2,1,1,78.6
Monument,"Temples & Sculpture Shed, lakkumdi",Temple,Dharwad,Karnataka,Metro,15.4589,75.0078,Bangalore,2022-23,2022,11,Nov,4,Autumn,1,22.1,3.7,0.113,1490.0,10.0,1500.0,Low,-0.5000000000000004,0.8660254037844384,126.4,0,0,0,78.6
Monument,"Temples & Sculpture Shed, lakkumdi",Temple,Dharwad,Karnataka,Metro,15.4589,75.0078,Bangalore,2022-23,2022,12,Dec,4,Winter,1,21.0,1.2,0.113,1640.0,11.0,1651.0,Low,-2.4492935982947064e-16,1.0,126.4,1,1,2,78.6
Monument,"Temples & Sculpture Shed, lakkumdi",Temple,Dharwad,Karnataka,Metro,15.4589,75.0078,Bangalore,2022-23,2023,1,Jan,1,Winter,1,21.5,0.1,0.113,1528.0,10.0,1539.0,Low,0.49999999999999994,0.8660254037844387,126.4,2,1,0,82.6
Monument,"Temples & Sculpture Shed, lakkumdi",Temple,Dharwad,Karnataka,Metro,15.4589,75.0078,Bangalore,2022-23,2023,2,Feb,1,Winter,1,23.7,0.4,0.113,1598.0,11.0,1609.0,Low,0.8660254037844386,0.5000000000000001,126.4,0,0,0,82.6
Monument,"Temples & Sculpture Shed, lakkumdi",Temple,Dharwad,Karnataka,Metro,15.4589,75.0078,Bangalore,2022-23,2023,3,Mar,1,Summer,1,26.4,1.2,0.113,1319.0,9.0,1328.0,Low,1.0,6.123233995736766e-17,126.4,1,1,0,82.6
Monument,"The palace situated in the fort, Burhanpur",Fort,Thiruchirapalli,Tamil Nadu,Metro,10.7905,78.7047,Bangalore,2021-22,2021,4,Apr,2,Summer,0,27.4,4.6,0.234,2062.0,5.0,2067.0,Low,0.8660254037844387,-0.4999999999999998,183.3,0,0,1,74.3
Monument,"The palace situated in the fort, Burhanpur",Fort,Thiruchirapalli,Tamil Nadu,Metro,10.7905,78.7047,Bangalore,2021-22,2021,5,May,2,Summer,0,26.4,5.8,0.234,1970.0,5.0,1975.0,Low,0.49999999999999994,-0.8660254037844387,183.3,0,0,3,74.3
Monument,"The palace situated in the fort, Burhanpur",Fort,Thiruchirapalli,Tamil Nadu,Metro,10.7905,78.7047,Bangalore,2021-22,2021,6,Jun,2,Summer,0,24.3,4.2,0.234,2130.0,5.0,2135.0,Low,1.2246467991473532e-16,-1.0,183.3,0,0,2,74.3
Monument,"The palace situated in the fort, Burhanpur",Fort,Thiruchirapalli,Tamil Nadu,Metro,10.7905,78.7047,Bangalore,2021-22,2021,7,Jul,3,Monsoon,0,23.3,4.8,0.234,2551.0,6.0,2557.0,Low,-0.4999999999999997,-0.8660254037844388,183.3,0,0,0,74.3
Monument,"The palace situated in the fort, Burhanpur",Fort,Thiruchirapalli,Tamil Nadu,Metro,10.7905,78.7047,Bangalore,2021-22,2021,8,Aug,3,Monsoon,0,23.1,5.7,0.234,2103.0,5.0,2108.0,Low,-0.8660254037844385,-0.5000000000000004,183.3,3,1,0,74.3
Monument,"The palace situated in the fort, Burhanpur",Fort,Thiruchirapalli,Tamil Nadu,Metro,10.7905,78.7047,Bangalore,2021-22,2021,9,Sep,3,Monsoon,0,23.6,8.0,0.234,2166.0,5.0,2171.0,Low,-1.0,-1.8369701987210297e-16,183.3,1,1,0,74.3
Monument,"The palace situated in the fort, Burhanpur",Fort,Thiruchirapalli,Tamil Nadu,Metro,10.7905,78.7047,Bangalore,2021-22,2021,10,Oct,4,Autumn,1,23.2,8.0,0.234,2681.0,7.0,2688.0,Low,-0.8660254037844386,0.5000000000000001,183.3,1,1,1,74.3
Monument,"The palace situated in the fort, Burhanpur",Fort,Thiruchirapalli,Tamil Nadu,Metro,10.7905,78.7047,Bangalore,2021-22,2021,11,Nov,4,Autumn,1,22.1,3.7,0.234,3073.0,7.0,3080.0,Low,-0.5000000000000004,0.8660254037844384,183.3,1,1,0,74.3
Monument,"The palace situated in the fort, Burhanpur",Fort,Thiruchirapalli,Tamil Nadu,Metro,10.7905,78.7047,Bangalore,2021-22,2021,12,Dec,4,Winter,1,21.0,1.2,0.234,3381.0,8.0,3389.0,Low,-2.4492935982947064e-16,1.0,183.3,1,1,2,74.3
Monument,"The palace situated in the fort, Burhanpur",Fort,Thiruchirapalli,Tamil Nadu,Metro,10.7905,78.7047,Bangalore,2021-22,2022,1,Jan,1,Winter,1,21.5,0.1,0.234,3151.0,8.0,3159.0,Low,0.49999999999999994,0.8660254037844387,183.3,2,1,0,78.6
Monument,"The palace situated in the fort, Burhanpur",Fort,Thiruchirapalli,Tamil Nadu,Metro,10.7905,78.7047,Bangalore,2021-22,2022,2,Feb,1,Winter,1,23.7,0.4,0.234,3295.0,8.0,3303.0,Low,0.8660254037844386,0.5000000000000001,183.3,0,0,0,78.6
Monument,"The palace situated in the fort, Burhanpur",Fort,Thiruchirapalli,Tamil Nadu,Metro,10.7905,78.7047,Bangalore,2021-22,2022,3,Mar,1,Summer,1,26.4,1.2,0.234,2721.0,7.0,2727.0,Low,1.0,6.123233995736766e-17,183.3,1,1,0,78.6
Monument,"The palace situated in the fort, Burhanpur",Fort,Thiruchirapalli,Tamil Nadu,Metro,10.7905,78.7047,Bangalore,2022-23,2022,4,Apr,2,Summer,0,27.4,4.6,0.234,2426.0,11.0,2437.0,Low,0.8660254037844387,-0.4999999999999998,183.3,0,0,1,78.6
Monument,"The palace situated in the fort, Burhanpur",Fort,Thiruchirapalli,Tamil Nadu,Metro,10.7905,78.7047,Bangalore,2022-23,2022,5,May,2,Summer,0,26.4,5.8,0.234,2318.0,10.0,2329.0,Low,0.49999999999999994,-0.8660254037844387,183.3,0,0,3,78.6
Monument,"The palace situated in the fort, Burhanpur",Fort,Thiruchirapalli,Tamil Nadu,Metro,10.7905,78.7047,Bangalore,2022-23,2022,6,Jun,2,Summer,0,24.3,4.2,0.234,2506.0,11.0,2517.0,Low,1.2246467991473532e-16,-1.0,183.3,0,0,2,78.6
Monument,"The palace situated in the fort, Burhanpur",Fort,Thiruchirapalli,Tamil Nadu,Metro,10.7905,78.7047,Bangalore,2022-23,2022,7,Jul,3,Monsoon,0,23.3,4.8,0.234,3001.0,13.0,3015.0,Low,-0.4999999999999997,-0.8660254037844388,183.3,0,0,0,78.6
Monument,"The palace situated in the fort, Burhanpur",Fort,Thiruchirapalli,Tamil Nadu,Metro,10.7905,78.7047,Bangalore,2022-23,2022,8,Aug,3,Monsoon,0,23.1,5.7,0.234,2474.0,11.0,2485.0,Low,-0.8660254037844385,-0.5000000000000004,183.3,3,1,0,78.6
Monument,"The palace situated in the fort, Burhanpur",Fort,Thiruchirapalli,Tamil Nadu,Metro,10.7905,78.7047,Bangalore,2022-23,2022,9,Sep,3,Monsoon,0,23.6,8.0,0.234,2548.0,11.0,2559.0,Low,-1.0,-1.8369701987210297e-16,183.3,1,1,0,78.6
Monument,"The palace situated in the fort, Burhanpur",Fort,Thiruchirapalli,Tamil Nadu,Metro,10.7905,78.7047,Bangalore,2022-23,2022,10,Oct,4,Autumn,1,23.2,8.0,0.234,3155.0,14.0,3169.0,Low,-0.8660254037844386,0.5000000000000001,183.3,2,1,1,78.6
Monument,"The palace situated in the fort, Burhanpur",Fort,Thiruchirapalli,Tamil Nadu,Metro,10.7905,78.7047,Bangalore,2022-23,2022,11,Nov,4,Autumn,1,22.1,3.7,0.234,3615.0,16.0,3632.0,Low,-0.5000000000000004,0.8660254037844384,183.3,0,0,0,78.6
Monument,"The palace situated in the fort, Burhanpur",Fort,Thiruchirapalli,Tamil Nadu,Metro,10.7905,78.7047,Bangalore,2022-23,2022,12,Dec,4,Winter,1,21.0,1.2,0.234,3978.0,18.0,3996.0,Low,-2.4492935982947064e-16,1.0,183.3,1,1,2,78.6
Monument,"The palace situated in the fort, Burhanpur",Fort,Thiruchirapalli,Tamil Nadu,Metro,10.7905,78.7047,Bangalore,2022-23,2023,1,Jan,1,Winter,1,21.5,0.1,0.234,3707.0,17.0,3724.0,Low,0.49999999999999994,0.8660254037844387,183.3,2,1,0,82.6
Monument,"The palace situated in the fort, Burhanpur",Fort,Thiruchirapalli,Tamil Nadu,Metro,10.7905,78.7047,Bangalore,2022-23,2023,2,Feb,1,Winter,1,23.7,0.4,0.234,3877.0,17.0,3895.0,Low,0.8660254037844386,0.5000000000000001,183.3,0,0,0,82.6
Monument,"The palace situated in the fort, Burhanpur",Fort,Thiruchirapalli,Tamil Nadu,Metro,10.7905,78.7047,Bangalore,2022-23,2023,3,Mar,1,Summer,1,26.4,1.2,0.234,3201.0,14.0,3215.0,Low,1.0,6.123233995736766e-17,183.3,1,1,0,82.6
Monument,"Tiger headed Rock cut temple & two other monuments, Saluvankuppam",Temple,Chennai,Tamil Nadu,Metro,13.0827,80.2707,Chennai,2021-22,2021,4,Apr,2,Summer,0,30.3,1.4,0.348,5359.0,17.0,5376.0,Medium,0.8660254037844387,-0.4999999999999998,14.6,0,0,1,74.3
Monument,"Tiger headed Rock cut temple & two other monuments, Saluvankuppam",Temple,Chennai,Tamil Nadu,Metro,13.0827,80.2707,Chennai,2021-22,2021,5,May,2,Summer,0,31.7,3.2,0.348,5121.0,16.0,5138.0,Medium,0.49999999999999994,-0.8660254037844387,14.6,0,0,3,74.3
Monument,"Tiger headed Rock cut temple & two other monuments, Saluvankuppam",Temple,Chennai,Tamil Nadu,Metro,13.0827,80.2707,Chennai,2021-22,2021,6,Jun,2,Summer,0,31.4,3.6,0.348,5536.0,18.0,5553.0,Medium,1.2246467991473532e-16,-1.0,14.6,0,0,2,74.3
Monument,"Tiger headed Rock cut temple & two other monuments, Saluvankuppam",Temple,Chennai,Tamil Nadu,Metro,13.0827,80.2707,Chennai,2021-22,2021,7,Jul,3,Monsoon,0,30.3,5.0,0.348,6630.0,21.0,6651.0,Medium,-0.4999999999999997,-0.8660254037844388,14.6,0,0,0,74.3
Monument,"Tiger headed Rock cut temple & two other monuments, Saluvankuppam",Temple,Chennai,Tamil Nadu,Metro,13.0827,80.2707,Chennai,2021-22,2021,8,Aug,3,Monsoon,0,29.6,6.0,0.348,5465.0,17.0,5482.0,Medium,-0.8660254037844385,-0.5000000000000004,14.6,3,1,0,74.3
Monument,"Tiger headed Rock cut temple & two other monuments, Saluvankuppam",Temple,Chennai,Tamil Nadu,Metro,13.0827,80.2707,Chennai,2021-22,2021,9,Sep,3,Monsoon,0,29.2,6.0,0.348,5629.0,18.0,5647.0,Medium,-1.0,-1.8369701987210297e-16,14.6,1,1,0,74.3
Monument,"Tiger headed Rock cut temple & two other monuments, Saluvankuppam",Temple,Chennai,Tamil Nadu,Metro,13.0827,80.2707,Chennai,2021-22,2021,10,Oct,4,Autumn,1,27.9,13.3,0.348,6970.0,22.0,6992.0,Medium,-0.8660254037844386,0.5000000000000001,14.6,1,1,1,74.3
Monument,"Tiger headed Rock cut temple & two other monuments, Saluvankuppam",Temple,Chennai,Tamil Nadu,Metro,13.0827,80.2707,Chennai,2021-22,2021,11,Nov,4,Autumn,1,26.3,16.4,0.348,7987.0,25.0,8012.0,Medium,-0.5000000000000004,0.8660254037844384,14.6,1,1,0,74.3
Monument,"Tiger headed Rock cut temple & two other monuments, Saluvankuppam",Temple,Chennai,Tamil Nadu,Metro,13.0827,80.2707,Chennai,2021-22,2021,12,Dec,4,Winter,1,25.3,8.7,0.348,8789.0,28.0,8816.0,Medium,-2.4492935982947064e-16,1.0,14.6,1,1,2,74.3
Monument,"Tiger headed Rock cut temple & two other monuments, Saluvankuppam",Temple,Chennai,Tamil Nadu,Metro,13.0827,80.2707,Chennai,2021-22,2022,1,Jan,1,Winter,1,25.0,1.3,0.348,8190.0,26.0,8216.0,Medium,0.49999999999999994,0.8660254037844387,14.6,2,1,0,78.6
Monument,"Tiger headed Rock cut temple & two other monuments, Saluvankuppam",Temple,Chennai,Tamil Nadu,Metro,13.0827,80.2707,Chennai,2021-22,2022,2,Feb,1,Winter,1,26.2,0.9,0.348,8566.0,27.0,8593.0,Medium,0.8660254037844386,0.5000000000000001,14.6,0,0,0,78.6
Monument,"Tiger headed Rock cut temple & two other monuments, Saluvankuppam",Temple,Chennai,Tamil Nadu,Metro,13.0827,80.2707,Chennai,2021-22,2022,3,Mar,1,Summer,1,28.3,0.9,0.348,7071.0,22.0,7094.0,Medium,1.0,6.123233995736766e-17,14.6,1,1,0,78.6
Monument,"Tiger headed Rock cut temple & two other monuments, Saluvankuppam",Temple,Chennai,Tamil Nadu,Metro,13.0827,80.2707,Chennai,2022-23,2022,4,Apr,2,Summer,0,30.3,1.4,0.348,4137.0,67.0,4204.0,Medium,0.8660254037844387,-0.4999999999999998,14.6,0,0,1,78.6
Monument,"Tiger headed Rock cut temple & two other monuments, Saluvankuppam",Temple,Chennai,Tamil Nadu,Metro,13.0827,80.2707,Chennai,2022-23,2022,5,May,2,Summer,0,31.7,3.2,0.348,3953.0,64.0,4017.0,Low,0.49999999999999994,-0.8660254037844387,14.6,0,0,3,78.6
Monument,"Tiger headed Rock cut temple & two other monuments, Saluvankuppam",Temple,Chennai,Tamil Nadu,Metro,13.0827,80.2707,Chennai,2022-23,2022,6,Jun,2,Summer,0,31.4,3.6,0.348,4273.0,69.0,4342.0,Medium,1.2246467991473532e-16,-1.0,14.6,0,0,2,78.6
Monument,"Tiger headed Rock cut temple & two other monuments, Saluvankuppam",Temple,Chennai,Tamil Nadu,Metro,13.0827,80.2707,Chennai,2022-23,2022,7,Jul,3,Monsoon,0,30.3,5.0,0.348,5118.0,83.0,5200.0,Medium,-0.4999999999999997,-0.8660254037844388,14.6,0,0,0,78.6
Monument,"Tiger headed Rock cut temple & two other monuments, Saluvankuppam",Temple,Chennai,Tamil Nadu,Metro,13.0827,80.2707,Chennai,2022-23,2022,8,Aug,3,Monsoon,0,29.6,6.0,0.348,4219.0,68.0,4287.0,Medium,-0.8660254037844385,-0.5000000000000004,14.6,3,1,0,78.6
Monument,"Tiger headed Rock cut temple & two other monuments, Saluvankuppam",Temple,Chennai,Tamil Nadu,Metro,13.0827,80.2707,Chennai,2022-23,2022,9,Sep,3,Monsoon,0,29.2,6.0,0.348,4345.0,70.0,4415.0,Medium,-1.0,-1.8369701987210297e-16,14.6,1,1,0,78.6
Monument,"Tiger headed Rock cut temple & two other monuments, Saluvankuppam",Temple,Chennai,Tamil Nadu,Metro,13.0827,80.2707,Chennai,2022-23,2022,10,Oct,4,Autumn,1,27.9,13.3,0.348,5380.0,87.0,5467.0,Medium,-0.8660254037844386,0.5000000000000001,14.6,2,1,1,78.6
Monument,"Tiger headed Rock cut temple & two other monuments, Saluvankuppam",Temple,Chennai,Tamil Nadu,Metro,13.0827,80.2707,Chennai,2022-23,2022,11,Nov,4,Autumn,1,26.3,16.4,0.348,6165.0,100.0,6265.0,Medium,-0.5000000000000004,0.8660254037844384,14.6,0,0,0,78.6
Monument,"Tiger headed Rock cut temple & two other monuments, Saluvankuppam",Temple,Chennai,Tamil Nadu,Metro,13.0827,80.2707,Chennai,2022-23,2022,12,Dec,4,Winter,1,25.3,8.7,0.348,6784.0,110.0,6893.0,Medium,-2.4492935982947064e-16,1.0,14.6,1,1,2,78.6
Monument,"Tiger headed Rock cut temple & two other monuments, Saluvankuppam",Temple,Chennai,Tamil Nadu,Metro,13.0827,80.2707,Chennai,2022-23,2023,1,Jan,1,Winter,1,25.0,1.3,0.348,6322.0,102.0,6424.0,Medium,0.49999999999999994,0.8660254037844387,14.6,2,1,0,82.6
Monument,"Tiger headed Rock cut temple & two other monuments, Saluvankuppam",Temple,Chennai,Tamil Nadu,Metro,13.0827,80.2707,Chennai,2022-23,2023,2,Feb,1,Winter,1,26.2,0.9,0.348,6612.0,107.0,6719.0,Medium,0.8660254037844386,0.5000000000000001,14.6,0,0,0,82.6
Monument,"Tiger headed Rock cut temple & two other monuments, Saluvankuppam",Temple,Chennai,Tamil Nadu,Metro,13.0827,80.2707,Chennai,2022-23,2023,3,Mar,1,Summer,1,28.3,0.9,0.348,5458.0,88.0,5547.0,Medium,1.0,6.123233995736766e-17,14.6,1,1,0,82.6
Monument,Tirumalai Nayak's Palace Srivilliputhur,Palace,Thiruchirapalli,Tamil Nadu,Metro,10.7905,78.7047,Bangalore,2021-22,2021,4,Apr,2,Summer,0,27.4,4.6,0.028,35.0,0.0,35.0,Low,0.8660254037844387,-0.4999999999999998,183.3,0,0,1,74.3
Monument,Tirumalai Nayak's Palace Srivilliputhur,Palace,Thiruchirapalli,Tamil Nadu,Metro,10.7905,78.7047,Bangalore,2021-22,2021,5,May,2,Summer,0,26.4,5.8,0.028,33.0,0.0,33.0,Low,0.49999999999999994,-0.8660254037844387,183.3,0,0,3,74.3
Monument,Tirumalai Nayak's Palace Srivilliputhur,Palace,Thiruchirapalli,Tamil Nadu,Metro,10.7905,78.7047,Bangalore,2021-22,2021,6,Jun,2,Summer,0,24.3,4.2,0.028,36.0,0.0,36.0,Low,1.2246467991473532e-16,-1.0,183.3,0,0,2,74.3
Monument,Tirumalai Nayak's Palace Srivilliputhur,Palace,Thiruchirapalli,Tamil Nadu,Metro,10.7905,78.7047,Bangalore,2021-22,2021,7,Jul,3,Monsoon,0,23.3,4.8,0.028,43.0,0.0,43.0,Low,-0.4999999999999997,-0.8660254037844388,183.3,0,0,0,74.3
Monument,Tirumalai Nayak's Palace Srivilliputhur,Palace,Thiruchirapalli,Tamil Nadu,Metro,10.7905,78.7047,Bangalore,2021-22,2021,8,Aug,3,Monsoon,0,23.1,5.7,0.028,36.0,0.0,36.0,Low,-0.8660254037844385,-0.5000000000000004,183.3,3,1,0,74.3
Monument,Tirumalai Nayak's Palace Srivilliputhur,Palace,Thiruchirapalli,Tamil Nadu,Metro,10.7905,78.7047,Bangalore,2021-22,2021,9,Sep,3,Monsoon,0,23.6,8.0,0.028,37.0,0.0,37.0,Low,-1.0,-1.8369701987210297e-16,183.3,1,1,0,74.3
Monument,Tirumalai Nayak's Palace Srivilliputhur,Palace,Thiruchirapalli,Tamil Nadu,Metro,10.7905,78.7047,Bangalore,2021-22,2021,10,Oct,4,Autumn,1,23.2,8.0,0.028,45.0,0.0,45.0,Low,-0.8660254037844386,0.5000000000000001,183.3,1,1,1,74.3
Monument,Tirumalai Nayak's Palace Srivilliputhur,Palace,Thiruchirapalli,Tamil Nadu,Metro,10.7905,78.7047,Bangalore,2021-22,2021,11,Nov,4,Autumn,1,22.1,3.7,0.028,52.0,0.0,52.0,Low,-0.5000000000000004,0.8660254037844384,183.3,1,1,0,74.3
Monument,Tirumalai Nayak's Palace Srivilliputhur,Palace,Thiruchirapalli,Tamil Nadu,Metro,10.7905,78.7047,Bangalore,2021-22,2021,12,Dec,4,Winter,1,21.0,1.2,0.028,57.0,0.0,57.0,Low,-2.4492935982947064e-16,1.0,183.3,1,1,2,74.3
Monument,Tirumalai Nayak's Palace Srivilliputhur,Palace,Thiruchirapalli,Tamil Nadu,Metro,10.7905,78.7047,Bangalore,2021-22,2022,1,Jan,1,Winter,1,21.5,0.1,0.028,53.0,0.0,53.0,Low,0.49999999999999994,0.8660254037844387,183.3,2,1,0,78.6
Monument,Tirumalai Nayak's Palace Srivilliputhur,Palace,Thiruchirapalli,Tamil Nadu,Metro,10.7905,78.7047,Bangalore,2021-22,2022,2,Feb,1,Winter,1,23.7,0.4,0.028,56.0,0.0,56.0,Low,0.8660254037844386,0.5000000000000001,183.3,0,0,0,78.6
Monument,Tirumalai Nayak's Palace Srivilliputhur,Palace,Thiruchirapalli,Tamil Nadu,Metro,10.7905,78.7047,Bangalore,2021-22,2022,3,Mar,1,Summer,1,26.4,1.2,0.028,46.0,0.0,46.0,Low,1.0,6.123233995736766e-17,183.3,1,1,0,78.6
Monument,Tirumalai Nayak's Palace Srivilliputhur,Palace,Thiruchirapalli,Tamil Nadu,Metro,10.7905,78.7047,Bangalore,2022-23,2022,4,Apr,2,Summer,0,27.4,4.6,0.028,56.0,0.0,56.0,Low,0.8660254037844387,-0.4999999999999998,183.3,0,0,1,78.6
Monument,Tirumalai Nayak's Palace Srivilliputhur,Palace,Thiruchirapalli,Tamil Nadu,Metro,10.7905,78.7047,Bangalore,2022-23,2022,5,May,2,Summer,0,26.4,5.8,0.028,54.0,0.0,54.0,Low,0.49999999999999994,-0.8660254037844387,183.3,0,0,3,78.6
Monument,Tirumalai Nayak's Palace Srivilliputhur,Palace,Thiruchirapalli,Tamil Nadu,Metro,10.7905,78.7047,Bangalore,2022-23,2022,6,Jun,2,Summer,0,24.3,4.2,0.028,58.0,0.0,58.0,Low,1.2246467991473532e-16,-1.0,183.3,0,0,2,78.6
Monument,Tirumalai Nayak's Palace Srivilliputhur,Palace,Thiruchirapalli,Tamil Nadu,Metro,10.7905,78.7047,Bangalore,2022-23,2022,7,Jul,3,Monsoon,0,23.3,4.8,0.028,70.0,0.0,70.0,Low,-0.4999999999999997,-0.8660254037844388,183.3,0,0,0,78.6
Monument,Tirumalai Nayak's Palace Srivilliputhur,Palace,Thiruchirapalli,Tamil Nadu,Metro,10.7905,78.7047,Bangalore,2022-23,2022,8,Aug,3,Monsoon,0,23.1,5.7,0.028,58.0,0.0,58.0,Low,-0.8660254037844385,-0.5000000000000004,183.3,3,1,0,78.6
Monument,Tirumalai Nayak's Palace Srivilliputhur,Palace,Thiruchirapalli,Tamil Nadu,Metro,10.7905,78.7047,Bangalore,2022-23,2022,9,Sep,3,Monsoon,0,23.6,8.0,0.028,59.0,0.0,59.0,Low,-1.0,-1.8369701987210297e-16,183.3,1,1,0,78.6
Monument,Tirumalai Nayak's Palace Srivilliputhur,Palace,Thiruchirapalli,Tamil Nadu,Metro,10.7905,78.7047,Bangalore,2022-23,2022,10,Oct,4,Autumn,1,23.2,8.0,0.028,73.0,0.0,73.0,Low,-0.8660254037844386,0.5000000000000001,183.3,2,1,1,78.6
Monument,Tirumalai Nayak's Palace Srivilliputhur,Palace,Thiruchirapalli,Tamil Nadu,Metro,10.7905,78.7047,Bangalore,2022-23,2022,11,Nov,4,Autumn,1,22.1,3.7,0.028,84.0,0.0,84.0,Low,-0.5000000000000004,0.8660254037844384,183.3,0,0,0,78.6
Monument,Tirumalai Nayak's Palace Srivilliputhur,Palace,Thiruchirapalli,Tamil Nadu,Metro,10.7905,78.7047,Bangalore,2022-23,2022,12,Dec,4,Winter,1,21.0,1.2,0.028,93.0,0.0,93.0,Low,-2.4492935982947064e-16,1.0,183.3,1,1,2,78.6
Monument,Tirumalai Nayak's Palace Srivilliputhur,Palace,Thiruchirapalli,Tamil Nadu,Metro,10.7905,78.7047,Bangalore,2022-23,2023,1,Jan,1,Winter,1,21.5,0.1,0.028,86.0,0.0,86.0,Low,0.49999999999999994,0.8660254037844387,183.3,2,1,0,82.6
Monument,Tirumalai Nayak's Palace Srivilliputhur,Palace,Thiruchirapalli,Tamil Nadu,Metro,10.7905,78.7047,Bangalore,2022-23,2023,2,Feb,1,Winter,1,23.7,0.4,0.028,90.0,0.0,90.0,Low,0.8660254037844386,0.5000000000000001,183.3,0,0,0,82.6
Monument,Tirumalai Nayak's Palace Srivilliputhur,Palace,Thiruchirapalli,Tamil Nadu,Metro,10.7905,78.7047,Bangalore,2022-23,2023,3,Mar,1,Summer,1,26.4,1.2,0.028,74.0,0.0,74.0,Low,1.0,6.123233995736766e-17,183.3,1,1,0,82.6
Monument,Tomb of Lal Khan,Tomb/Mausoleum,Sarnath,Uttar Pradesh,Tier-2,25.3176,82.9739,Lucknow,2021-22,2021,4,Apr,2,Summer,0,30.0,0.4,0.064,166.0,0.0,166.0,Low,0.8660254037844387,-0.4999999999999998,18.9,0,0,1,74.3
Monument,Tomb of Lal Khan,Tomb/Mausoleum,Sarnath,Uttar Pradesh,Tier-2,25.3176,82.9739,Lucknow,2021-22,2021,5,May,2,Summer,0,32.6,3.1,0.064,158.0,0.0,159.0,Low,0.49999999999999994,-0.8660254037844387,18.9,0,0,3,74.3
Monument,Tomb of Lal Khan,Tomb/Mausoleum,Sarnath,Uttar Pradesh,Tier-2,25.3176,82.9739,Lucknow,2021-22,2021,6,Jun,2,Summer,0,32.6,4.8,0.064,171.0,0.0,171.0,Low,1.2246467991473532e-16,-1.0,18.9,0,0,2,74.3
Monument,Tomb of Lal Khan,Tomb/Mausoleum,Sarnath,Uttar Pradesh,Tier-2,25.3176,82.9739,Lucknow,2021-22,2021,7,Jul,3,Monsoon,0,30.1,9.7,0.064,205.0,0.0,205.0,Low,-0.4999999999999997,-0.8660254037844388,18.9,0,0,0,74.3
Monument,Tomb of Lal Khan,Tomb/Mausoleum,Sarnath,Uttar Pradesh,Tier-2,25.3176,82.9739,Lucknow,2021-22,2021,8,Aug,3,Monsoon,0,29.5,9.7,0.064,169.0,0.0,169.0,Low,-0.8660254037844385,-0.5000000000000004,18.9,3,1,0,74.3
Monument,Tomb of Lal Khan,Tomb/Mausoleum,Sarnath,Uttar Pradesh,Tier-2,25.3176,82.9739,Lucknow,2021-22,2021,9,Sep,3,Monsoon,0,28.8,9.7,0.064,174.0,0.0,174.0,Low,-1.0,-1.8369701987210297e-16,18.9,1,1,0,74.3
Monument,Tomb of Lal Khan,Tomb/Mausoleum,Sarnath,Uttar Pradesh,Tier-2,25.3176,82.9739,Lucknow,2021-22,2021,10,Oct,4,Autumn,1,26.0,1.7,0.064,216.0,0.0,216.0,Low,-0.8660254037844386,0.5000000000000001,18.9,1,1,1,74.3
Monument,Tomb of Lal Khan,Tomb/Mausoleum,Sarnath,Uttar Pradesh,Tier-2,25.3176,82.9739,Lucknow,2021-22,2021,11,Nov,4,Autumn,1,20.7,0.4,0.064,247.0,0.0,247.0,Low,-0.5000000000000004,0.8660254037844384,18.9,1,1,0,74.3
Monument,Tomb of Lal Khan,Tomb/Mausoleum,Sarnath,Uttar Pradesh,Tier-2,25.3176,82.9739,Lucknow,2021-22,2021,12,Dec,4,Winter,1,15.8,0.9,0.064,272.0,0.0,272.0,Low,-2.4492935982947064e-16,1.0,18.9,1,1,2,74.3
Monument,Tomb of Lal Khan,Tomb/Mausoleum,Sarnath,Uttar Pradesh,Tier-2,25.3176,82.9739,Lucknow,2021-22,2022,1,Jan,1,Winter,1,14.1,1.4,0.064,253.0,0.0,254.0,Low,0.49999999999999994,0.8660254037844387,18.9,2,1,0,78.6
Monument,Tomb of Lal Khan,Tomb/Mausoleum,Sarnath,Uttar Pradesh,Tier-2,25.3176,82.9739,Lucknow,2021-22,2022,2,Feb,1,Winter,1,18.4,1.5,0.064,265.0,0.0,265.0,Low,0.8660254037844386,0.5000000000000001,18.9,0,0,0,78.6
Monument,Tomb of Lal Khan,Tomb/Mausoleum,Sarnath,Uttar Pradesh,Tier-2,25.3176,82.9739,Lucknow,2021-22,2022,3,Mar,1,Summer,1,23.9,0.8,0.064,219.0,0.0,219.0,Low,1.0,6.123233995736766e-17,18.9,1,1,0,78.6
Monument,Tomb of Lal Khan,Tomb/Mausoleum,Sarnath,Uttar Pradesh,Tier-2,25.3176,82.9739,Lucknow,2022-23,2022,4,Apr,2,Summer,0,30.0,0.4,0.064,317.0,2.0,319.0,Low,0.8660254037844387,-0.4999999999999998,18.9,0,0,1,78.6
Monument,Tomb of Lal Khan,Tomb/Mausoleum,Sarnath,Uttar Pradesh,Tier-2,25.3176,82.9739,Lucknow,2022-23,2022,5,May,2,Summer,0,32.6,3.1,0.064,303.0,2.0,305.0,Low,0.49999999999999994,-0.8660254037844387,18.9,0,0,3,78.6
Monument,Tomb of Lal Khan,Tomb/Mausoleum,Sarnath,Uttar Pradesh,Tier-2,25.3176,82.9739,Lucknow,2022-23,2022,6,Jun,2,Summer,0,32.6,4.8,0.064,327.0,2.0,329.0,Low,1.2246467991473532e-16,-1.0,18.9,0,0,2,78.6
Monument,Tomb of Lal Khan,Tomb/Mausoleum,Sarnath,Uttar Pradesh,Tier-2,25.3176,82.9739,Lucknow,2022-23,2022,7,Jul,3,Monsoon,0,30.1,9.7,0.064,392.0,3.0,394.0,Low,-0.4999999999999997,-0.8660254037844388,18.9,0,0,0,78.6
Monument,Tomb of Lal Khan,Tomb/Mausoleum,Sarnath,Uttar Pradesh,Tier-2,25.3176,82.9739,Lucknow,2022-23,2022,8,Aug,3,Monsoon,0,29.5,9.7,0.064,323.0,2.0,325.0,Low,-0.8660254037844385,-0.5000000000000004,18.9,3,1,0,78.6
Monument,Tomb of Lal Khan,Tomb/Mausoleum,Sarnath,Uttar Pradesh,Tier-2,25.3176,82.9739,Lucknow,2022-23,2022,9,Sep,3,Monsoon,0,28.8,9.7,0.064,333.0,2.0,335.0,Low,-1.0,-1.8369701987210297e-16,18.9,1,1,0,78.6
Monument,Tomb of Lal Khan,Tomb/Mausoleum,Sarnath,Uttar Pradesh,Tier-2,25.3176,82.9739,Lucknow,2022-23,2022,10,Oct,4,Autumn,1,26.0,1.7,0.064,412.0,3.0,415.0,Low,-0.8660254037844386,0.5000000000000001,18.9,2,1,1,78.6
Monument,Tomb of Lal Khan,Tomb/Mausoleum,Sarnath,Uttar Pradesh,Tier-2,25.3176,82.9739,Lucknow,2022-23,2022,11,Nov,4,Autumn,1,20.7,0.4,0.064,472.0,3.0,475.0,Low,-0.5000000000000004,0.8660254037844384,18.9,0,0,0,78.6
Monument,Tomb of Lal Khan,Tomb/Mausoleum,Sarnath,Uttar Pradesh,Tier-2,25.3176,82.9739,Lucknow,2022-23,2022,12,Dec,4,Winter,1,15.8,0.9,0.064,519.0,3.0,523.0,Low,-2.4492935982947064e-16,1.0,18.9,1,1,2,78.6
Monument,Tomb of Lal Khan,Tomb/Mausoleum,Sarnath,Uttar Pradesh,Tier-2,25.3176,82.9739,Lucknow,2022-23,2023,1,Jan,1,Winter,1,14.1,1.4,0.064,484.0,3.0,487.0,Low,0.49999999999999994,0.8660254037844387,18.9,2,1,0,82.6
Monument,Tomb of Lal Khan,Tomb/Mausoleum,Sarnath,Uttar Pradesh,Tier-2,25.3176,82.9739,Lucknow,2022-23,2023,2,Feb,1,Winter,1,18.4,1.5,0.064,506.0,3.0,509.0,Low,0.8660254037844386,0.5000000000000001,18.9,0,0,0,82.6
Monument,Tomb of Lal Khan,Tomb/Mausoleum,Sarnath,Uttar Pradesh,Tier-2,25.3176,82.9739,Lucknow,2022-23,2023,3,Mar,1,Summer,1,23.9,0.8,0.064,418.0,3.0,421.0,Low,1.0,6.123233995736766e-17,18.9,1,1,0,82.6
Monument,Tomb of Rabia Durani (Bibi ka Maqbara),Tomb/Mausoleum,Aurangabad,Maharashtra,Metro,19.8762,75.3433,Mumbai,2021-22,2021,4,Apr,2,Summer,0,29.1,0.3,0.816,26192.0,35.0,26227.0,High,0.8660254037844387,-0.4999999999999998,274.1,0,0,1,74.3
Monument,Tomb of Rabia Durani (Bibi ka Maqbara),Tomb/Mausoleum,Aurangabad,Maharashtra,Metro,19.8762,75.3433,Mumbai,2021-22,2021,5,May,2,Summer,0,30.2,1.6,0.816,25028.0,34.0,25061.0,High,0.49999999999999994,-0.8660254037844387,274.1,0,0,3,74.3
Monument,Tomb of Rabia Durani (Bibi ka Maqbara),Tomb/Mausoleum,Aurangabad,Maharashtra,Metro,19.8762,75.3433,Mumbai,2021-22,2021,6,Jun,2,Summer,0,29.2,19.8,0.816,27053.0,36.0,27090.0,High,1.2246467991473532e-16,-1.0,274.1,0,0,2,74.3
Monument,Tomb of Rabia Durani (Bibi ka Maqbara),Tomb/Mausoleum,Aurangabad,Maharashtra,Metro,19.8762,75.3433,Mumbai,2021-22,2021,7,Jul,3,Monsoon,0,28.0,29.3,0.816,32401.0,44.0,32445.0,High,-0.4999999999999997,-0.8660254037844388,274.1,0,0,0,74.3
Monument,Tomb of Rabia Durani (Bibi ka Maqbara),Tomb/Mausoleum,Aurangabad,Maharashtra,Metro,19.8762,75.3433,Mumbai,2021-22,2021,8,Aug,3,Monsoon,0,27.7,17.0,0.816,26708.0,36.0,26744.0,High,-0.8660254037844385,-0.5000000000000004,274.1,3,1,0,74.3
Monument,Tomb of Rabia Durani (Bibi ka Maqbara),Tomb/Mausoleum,Aurangabad,Maharashtra,Metro,19.8762,75.3433,Mumbai,2021-22,2021,9,Sep,3,Monsoon,0,27.9,15.1,0.816,27508.0,37.0,27545.0,High,-1.0,-1.8369701987210297e-16,274.1,1,1,0,74.3
Monument,Tomb of Rabia Durani (Bibi ka Maqbara),Tomb/Mausoleum,Aurangabad,Maharashtra,Metro,19.8762,75.3433,Mumbai,2021-22,2021,10,Oct,4,Autumn,1,28.9,4.7,0.816,34061.0,46.0,34106.0,High,-0.8660254037844386,0.5000000000000001,274.1,1,1,1,74.3
Monument,Tomb of Rabia Durani (Bibi ka Maqbara),Tomb/Mausoleum,Aurangabad,Maharashtra,Metro,19.8762,75.3433,Mumbai,2021-22,2021,11,Nov,4,Autumn,1,28.2,0.8,0.816,39032.0,53.0,39085.0,High,-0.5000000000000004,0.8660254037844384,274.1,1,1,0,74.3
Monument,Tomb of Rabia Durani (Bibi ka Maqbara),Tomb/Mausoleum,Aurangabad,Maharashtra,Metro,19.8762,75.3433,Mumbai,2021-22,2021,12,Dec,4,Winter,1,25.9,0.9,0.816,42949.0,58.0,43007.0,High,-2.4492935982947064e-16,1.0,274.1,1,1,2,74.3
Monument,Tomb of Rabia Durani (Bibi ka Maqbara),Tomb/Mausoleum,Aurangabad,Maharashtra,Metro,19.8762,75.3433,Mumbai,2021-22,2022,1,Jan,1,Winter,1,24.6,0.1,0.816,40026.0,54.0,40080.0,High,0.49999999999999994,0.8660254037844387,274.1,2,1,0,78.6
Monument,Tomb of Rabia Durani (Bibi ka Maqbara),Tomb/Mausoleum,Aurangabad,Maharashtra,Metro,19.8762,75.3433,Mumbai,2021-22,2022,2,Feb,1,Winter,1,25.7,0.0,0.816,41860.0,56.0,41916.0,High,0.8660254037844386,0.5000000000000001,274.1,0,0,0,78.6
Monument,Tomb of Rabia Durani (Bibi ka Maqbara),Tomb/Mausoleum,Aurangabad,Maharashtra,Metro,19.8762,75.3433,Mumbai,2021-22,2022,3,Mar,1,Summer,1,27.8,0.3,0.816,34558.0,47.0,34604.0,High,1.0,6.123233995736766e-17,274.1,1,1,0,78.6
Monument,Tomb of Rabia Durani (Bibi ka Maqbara),Tomb/Mausoleum,Aurangabad,Maharashtra,Metro,19.8762,75.3433,Mumbai,2022-23,2022,4,Apr,2,Summer,0,29.1,0.3,0.816,77991.0,370.0,78360.0,High,0.8660254037844387,-0.4999999999999998,274.1,0,0,1,78.6
Monument,Tomb of Rabia Durani (Bibi ka Maqbara),Tomb/Mausoleum,Aurangabad,Maharashtra,Metro,19.8762,75.3433,Mumbai,2022-23,2022,5,May,2,Summer,0,30.2,1.6,0.816,74525.0,353.0,74878.0,High,0.49999999999999994,-0.8660254037844387,274.1,0,0,3,78.6
Monument,Tomb of Rabia Durani (Bibi ka Maqbara),Tomb/Mausoleum,Aurangabad,Maharashtra,Metro,19.8762,75.3433,Mumbai,2022-23,2022,6,Jun,2,Summer,0,29.2,19.8,0.816,80557.0,382.0,80938.0,High,1.2246467991473532e-16,-1.0,274.1,0,0,2,78.6
Monument,Tomb of Rabia Durani (Bibi ka Maqbara),Tomb/Mausoleum,Aurangabad,Maharashtra,Metro,19.8762,75.3433,Mumbai,2022-23,2022,7,Jul,3,Monsoon,0,28.0,29.3,0.816,96482.0,457.0,96939.0,High,-0.4999999999999997,-0.8660254037844388,274.1,0,0,0,78.6
Monument,Tomb of Rabia Durani (Bibi ka Maqbara),Tomb/Mausoleum,Aurangabad,Maharashtra,Metro,19.8762,75.3433,Mumbai,2022-23,2022,8,Aug,3,Monsoon,0,27.7,17.0,0.816,79528.0,377.0,79905.0,High,-0.8660254037844385,-0.5000000000000004,274.1,3,1,0,78.6
Monument,Tomb of Rabia Durani (Bibi ka Maqbara),Tomb/Mausoleum,Aurangabad,Maharashtra,Metro,19.8762,75.3433,Mumbai,2022-23,2022,9,Sep,3,Monsoon,0,27.9,15.1,0.816,81910.0,388.0,82298.0,High,-1.0,-1.8369701987210297e-16,274.1,1,1,0,78.6
Monument,Tomb of Rabia Durani (Bibi ka Maqbara),Tomb/Mausoleum,Aurangabad,Maharashtra,Metro,19.8762,75.3433,Mumbai,2022-23,2022,10,Oct,4,Autumn,1,28.9,4.7,0.816,101422.0,481.0,101903.0,High,-0.8660254037844386,0.5000000000000001,274.1,2,1,1,78.6
Monument,Tomb of Rabia Durani (Bibi ka Maqbara),Tomb/Mausoleum,Aurangabad,Maharashtra,Metro,19.8762,75.3433,Mumbai,2022-23,2022,11,Nov,4,Autumn,1,28.2,0.8,0.816,116226.0,551.0,116777.0,High,-0.5000000000000004,0.8660254037844384,274.1,0,0,0,78.6
Monument,Tomb of Rabia Durani (Bibi ka Maqbara),Tomb/Mausoleum,Aurangabad,Maharashtra,Metro,19.8762,75.3433,Mumbai,2022-23,2022,12,Dec,4,Winter,1,25.9,0.9,0.816,127890.0,606.0,128496.0,High,-2.4492935982947064e-16,1.0,274.1,1,1,2,78.6
Monument,Tomb of Rabia Durani (Bibi ka Maqbara),Tomb/Mausoleum,Aurangabad,Maharashtra,Metro,19.8762,75.3433,Mumbai,2022-23,2023,1,Jan,1,Winter,1,24.6,0.1,0.816,119184.0,565.0,119749.0,High,0.49999999999999994,0.8660254037844387,274.1,2,1,0,82.6
Monument,Tomb of Rabia Durani (Bibi ka Maqbara),Tomb/Mausoleum,Aurangabad,Maharashtra,Metro,19.8762,75.3433,Mumbai,2022-23,2023,2,Feb,1,Winter,1,25.7,0.0,0.816,124646.0,591.0,125236.0,High,0.8660254037844386,0.5000000000000001,274.1,0,0,0,82.6
Monument,Tomb of Rabia Durani (Bibi ka Maqbara),Tomb/Mausoleum,Aurangabad,Maharashtra,Metro,19.8762,75.3433,Mumbai,2022-23,2023,3,Mar,1,Summer,1,27.8,0.3,0.816,102902.0,488.0,103390.0,High,1.0,6.123233995736766e-17,274.1,1,1,0,82.6
Monument,Tughluqabad,Other Heritage Site,Delhi,Delhi,Metro,28.7041,77.1025,Delhi,2021-22,2021,4,Apr,2,Summer,0,29.3,0.6,0.355,1379.0,9.0,1388.0,Low,0.8660254037844387,-0.4999999999999998,16.4,0,0,1,74.3
Monument,Tughluqabad,Other Heritage Site,Delhi,Delhi,Metro,28.7041,77.1025,Delhi,2021-22,2021,5,May,2,Summer,0,32.8,2.1,0.355,1318.0,8.0,1326.0,Low,0.49999999999999994,-0.8660254037844387,16.4,0,0,3,74.3
Monument,Tughluqabad,Other Heritage Site,Delhi,Delhi,Metro,28.7041,77.1025,Delhi,2021-22,2021,6,Jun,2,Summer,0,33.3,3.7,0.355,1425.0,9.0,1434.0,Low,1.2246467991473532e-16,-1.0,16.4,0,0,2,74.3
Monument,Tughluqabad,Other Heritage Site,Delhi,Delhi,Metro,28.7041,77.1025,Delhi,2021-22,2021,7,Jul,3,Monsoon,0,31.1,8.7,0.355,1706.0,11.0,1717.0,Low,-0.4999999999999997,-0.8660254037844388,16.4,0,0,0,74.3
Monument,Tughluqabad,Other Heritage Site,Delhi,Delhi,Metro,28.7041,77.1025,Delhi,2021-22,2021,8,Aug,3,Monsoon,0,30.2,9.2,0.355,1406.0,9.0,1415.0,Low,-0.8660254037844385,-0.5000000000000004,16.4,3,1,0,74.3
Monument,Tughluqabad,Other Heritage Site,Delhi,Delhi,Metro,28.7041,77.1025,Delhi,2021-22,2021,9,Sep,3,Monsoon,0,29.2,7.3,0.355,1449.0,9.0,1458.0,Low,-1.0,-1.8369701987210297e-16,16.4,1,1,0,74.3
Monument,Tughluqabad,Other Heritage Site,Delhi,Delhi,Metro,28.7041,77.1025,Delhi,2021-22,2021,10,Oct,4,Autumn,1,25.6,0.9,0.355,1794.0,11.0,1805.0,Low,-0.8660254037844386,0.5000000000000001,16.4,1,1,1,74.3
Monument,Tughluqabad,Other Heritage Site,Delhi,Delhi,Metro,28.7041,77.1025,Delhi,2021-22,2021,11,Nov,4,Autumn,1,19.7,0.2,0.355,2055.0,13.0,2068.0,Low,-0.5000000000000004,0.8660254037844384,16.4,1,1,0,74.3
Monument,Tughluqabad,Other Heritage Site,Delhi,Delhi,Metro,28.7041,77.1025,Delhi,2021-22,2021,12,Dec,4,Winter,1,14.7,0.6,0.355,2262.0,14.0,2276.0,Low,-2.4492935982947064e-16,1.0,16.4,1,1,2,74.3
Monument,Tughluqabad,Other Heritage Site,Delhi,Delhi,Metro,28.7041,77.1025,Delhi,2021-22,2022,1,Jan,1,Winter,1,13.4,1.5,0.355,2108.0,13.0,2121.0,Low,0.49999999999999994,0.8660254037844387,16.4,2,1,0,78.6
Monument,Tughluqabad,Other Heritage Site,Delhi,Delhi,Metro,28.7041,77.1025,Delhi,2021-22,2022,2,Feb,1,Winter,1,17.3,1.7,0.355,2204.0,14.0,2218.0,Low,0.8660254037844386,0.5000000000000001,16.4,0,0,0,78.6
Monument,Tughluqabad,Other Heritage Site,Delhi,Delhi,Metro,28.7041,77.1025,Delhi,2021-22,2022,3,Mar,1,Summer,1,23.1,1.8,0.355,1820.0,11.0,1831.0,Low,1.0,6.123233995736766e-17,16.4,1,1,0,78.6
Monument,Tughluqabad,Other Heritage Site,Delhi,Delhi,Metro,28.7041,77.1025,Delhi,2022-23,2022,4,Apr,2,Summer,0,29.3,0.6,0.355,8407.0,41.0,8448.0,Medium,0.8660254037844387,-0.4999999999999998,16.4,0,0,1,78.6
Monument,Tughluqabad,Other Heritage Site,Delhi,Delhi,Metro,28.7041,77.1025,Delhi,2022-23,2022,5,May,2,Summer,0,32.8,2.1,0.355,8034.0,39.0,8073.0,Medium,0.49999999999999994,-0.8660254037844387,16.4,0,0,3,78.6
Monument,Tughluqabad,Other Heritage Site,Delhi,Delhi,Metro,28.7041,77.1025,Delhi,2022-23,2022,6,Jun,2,Summer,0,33.3,3.7,0.355,8684.0,42.0,8726.0,Medium,1.2246467991473532e-16,-1.0,16.4,0,0,2,78.6
Monument,Tughluqabad,Other Heritage Site,Delhi,Delhi,Metro,28.7041,77.1025,Delhi,2022-23,2022,7,Jul,3,Monsoon,0,31.1,8.7,0.355,10401.0,50.0,10451.0,Medium,-0.4999999999999997,-0.8660254037844388,16.4,0,0,0,78.6
Monument,Tughluqabad,Other Heritage Site,Delhi,Delhi,Metro,28.7041,77.1025,Delhi,2022-23,2022,8,Aug,3,Monsoon,0,30.2,9.2,0.355,8573.0,42.0,8615.0,Medium,-0.8660254037844385,-0.5000000000000004,16.4,3,1,0,78.6
Monument,Tughluqabad,Other Heritage Site,Delhi,Delhi,Metro,28.7041,77.1025,Delhi,2022-23,2022,9,Sep,3,Monsoon,0,29.2,7.3,0.355,8830.0,43.0,8873.0,Medium,-1.0,-1.8369701987210297e-16,16.4,1,1,0,78.6
Monument,Tughluqabad,Other Heritage Site,Delhi,Delhi,Metro,28.7041,77.1025,Delhi,2022-23,2022,10,Oct,4,Autumn,1,25.6,0.9,0.355,10933.0,53.0,10986.0,Medium,-0.8660254037844386,0.5000000000000001,16.4,2,1,1,78.6
Monument,Tughluqabad,Other Heritage Site,Delhi,Delhi,Metro,28.7041,77.1025,Delhi,2022-23,2022,11,Nov,4,Autumn,1,19.7,0.2,0.355,12529.0,61.0,12590.0,Medium,-0.5000000000000004,0.8660254037844384,16.4,0,0,0,78.6
Monument,Tughluqabad,Other Heritage Site,Delhi,Delhi,Metro,28.7041,77.1025,Delhi,2022-23,2022,12,Dec,4,Winter,1,14.7,0.6,0.355,13787.0,67.0,13854.0,Medium,-2.4492935982947064e-16,1.0,16.4,1,1,2,78.6
Monument,Tughluqabad,Other Heritage Site,Delhi,Delhi,Metro,28.7041,77.1025,Delhi,2022-23,2023,1,Jan,1,Winter,1,13.4,1.5,0.355,12848.0,62.0,12910.0,Medium,0.49999999999999994,0.8660254037844387,16.4,2,1,0,82.6
Monument,Tughluqabad,Other Heritage Site,Delhi,Delhi,Metro,28.7041,77.1025,Delhi,2022-23,2023,2,Feb,1,Winter,1,17.3,1.7,0.355,13437.0,65.0,13502.0,Medium,0.8660254037844386,0.5000000000000001,16.4,0,0,0,82.6
Monument,Tughluqabad,Other Heritage Site,Delhi,Delhi,Metro,28.7041,77.1025,Delhi,2022-23,2023,3,Mar,1,Summer,1,23.1,1.8,0.355,11093.0,54.0,11147.0,Medium,1.0,6.123233995736766e-17,16.4,1,1,0,82.6
Monument,Undavalli caves,Caves,Amaravati,Andhra Pradesh,Metro,16.573,80.3572,Chennai,2021-22,2021,4,Apr,2,Summer,0,30.3,1.4,0.418,5084.0,3.0,5087.0,Medium,0.8660254037844387,-0.4999999999999998,218.1,0,0,1,74.3
Monument,Undavalli caves,Caves,Amaravati,Andhra Pradesh,Metro,16.573,80.3572,Chennai,2021-22,2021,5,May,2,Summer,0,31.7,3.2,0.418,4858.0,3.0,4861.0,Medium,0.49999999999999994,-0.8660254037844387,218.1,0,0,3,74.3
Monument,Undavalli caves,Caves,Amaravati,Andhra Pradesh,Metro,16.573,80.3572,Chennai,2021-22,2021,6,Jun,2,Summer,0,31.4,3.6,0.418,5251.0,3.0,5254.0,Medium,1.2246467991473532e-16,-1.0,218.1,0,0,2,74.3
Monument,Undavalli caves,Caves,Amaravati,Andhra Pradesh,Metro,16.573,80.3572,Chennai,2021-22,2021,7,Jul,3,Monsoon,0,30.3,5.0,0.418,6289.0,3.0,6293.0,Medium,-0.4999999999999997,-0.8660254037844388,218.1,0,0,0,74.3
Monument,Undavalli caves,Caves,Amaravati,Andhra Pradesh,Metro,16.573,80.3572,Chennai,2021-22,2021,8,Aug,3,Monsoon,0,29.6,6.0,0.418,5184.0,3.0,5187.0,Medium,-0.8660254037844385,-0.5000000000000004,218.1,3,1,0,74.3
Monument,Undavalli caves,Caves,Amaravati,Andhra Pradesh,Metro,16.573,80.3572,Chennai,2021-22,2021,9,Sep,3,Monsoon,0,29.2,6.0,0.418,5339.0,3.0,5342.0,Medium,-1.0,-1.8369701987210297e-16,218.1,1,1,0,74.3
Monument,Undavalli caves,Caves,Amaravati,Andhra Pradesh,Metro,16.573,80.3572,Chennai,2021-22,2021,10,Oct,4,Autumn,1,27.9,13.3,0.418,6611.0,3.0,6615.0,Medium,-0.8660254037844386,0.5000000000000001,218.1,1,1,1,74.3
Monument,Undavalli caves,Caves,Amaravati,Andhra Pradesh,Metro,16.573,80.3572,Chennai,2021-22,2021,11,Nov,4,Autumn,1,26.3,16.4,0.418,7576.0,4.0,7580.0,Medium,-0.5000000000000004,0.8660254037844384,218.1,1,1,0,74.3
Monument,Undavalli caves,Caves,Amaravati,Andhra Pradesh,Metro,16.573,80.3572,Chennai,2021-22,2021,12,Dec,4,Winter,1,25.3,8.7,0.418,8337.0,4.0,8341.0,Medium,-2.4492935982947064e-16,1.0,218.1,1,1,2,74.3
Monument,Undavalli caves,Caves,Amaravati,Andhra Pradesh,Metro,16.573,80.3572,Chennai,2021-22,2022,1,Jan,1,Winter,1,25.0,1.3,0.418,7769.0,4.0,7773.0,Medium,0.49999999999999994,0.8660254037844387,218.1,2,1,0,78.6
Monument,Undavalli caves,Caves,Amaravati,Andhra Pradesh,Metro,16.573,80.3572,Chennai,2021-22,2022,2,Feb,1,Winter,1,26.2,0.9,0.418,8125.0,4.0,8129.0,Medium,0.8660254037844386,0.5000000000000001,218.1,0,0,0,78.6
Monument,Undavalli caves,Caves,Amaravati,Andhra Pradesh,Metro,16.573,80.3572,Chennai,2021-22,2022,3,Mar,1,Summer,1,28.3,0.9,0.418,6708.0,3.0,6711.0,Medium,1.0,6.123233995736766e-17,218.1,1,1,0,78.6
Monument,Undavalli caves,Caves,Amaravati,Andhra Pradesh,Metro,16.573,80.3572,Chennai,2022-23,2022,4,Apr,2,Summer,0,30.3,1.4,0.418,8410.0,24.0,8434.0,Medium,0.8660254037844387,-0.4999999999999998,218.1,0,0,1,78.6
Monument,Undavalli caves,Caves,Amaravati,Andhra Pradesh,Metro,16.573,80.3572,Chennai,2022-23,2022,5,May,2,Summer,0,31.7,3.2,0.418,8036.0,23.0,8059.0,Medium,0.49999999999999994,-0.8660254037844387,218.1,0,0,3,78.6
Monument,Undavalli caves,Caves,Amaravati,Andhra Pradesh,Metro,16.573,80.3572,Chennai,2022-23,2022,6,Jun,2,Summer,0,31.4,3.6,0.418,8687.0,25.0,8711.0,Medium,1.2246467991473532e-16,-1.0,218.1,0,0,2,78.6
Monument,Undavalli caves,Caves,Amaravati,Andhra Pradesh,Metro,16.573,80.3572,Chennai,2022-23,2022,7,Jul,3,Monsoon,0,30.3,5.0,0.418,10404.0,30.0,10433.0,Medium,-0.4999999999999997,-0.8660254037844388,218.1,0,0,0,78.6
Monument,Undavalli caves,Caves,Amaravati,Andhra Pradesh,Metro,16.573,80.3572,Chennai,2022-23,2022,8,Aug,3,Monsoon,0,29.6,6.0,0.418,8576.0,24.0,8600.0,Medium,-0.8660254037844385,-0.5000000000000004,218.1,3,1,0,78.6
Monument,Undavalli caves,Caves,Amaravati,Andhra Pradesh,Metro,16.573,80.3572,Chennai,2022-23,2022,9,Sep,3,Monsoon,0,29.2,6.0,0.418,8833.0,25.0,8858.0,Medium,-1.0,-1.8369701987210297e-16,218.1,1,1,0,78.6
Monument,Undavalli caves,Caves,Amaravati,Andhra Pradesh,Metro,16.573,80.3572,Chennai,2022-23,2022,10,Oct,4,Autumn,1,27.9,13.3,0.418,10937.0,31.0,10968.0,Medium,-0.8660254037844386,0.5000000000000001,218.1,2,1,1,78.6
Monument,Undavalli caves,Caves,Amaravati,Andhra Pradesh,Metro,16.573,80.3572,Chennai,2022-23,2022,11,Nov,4,Autumn,1,26.3,16.4,0.418,12533.0,36.0,12568.0,Medium,-0.5000000000000004,0.8660254037844384,218.1,0,0,0,78.6
Monument,Undavalli caves,Caves,Amaravati,Andhra Pradesh,Metro,16.573,80.3572,Chennai,2022-23,2022,12,Dec,4,Winter,1,25.3,8.7,0.418,13791.0,39.0,13830.0,Medium,-2.4492935982947064e-16,1.0,218.1,1,1,2,78.6
Monument,Undavalli caves,Caves,Amaravati,Andhra Pradesh,Metro,16.573,80.3572,Chennai,2022-23,2023,1,Jan,1,Winter,1,25.0,1.3,0.418,12852.0,36.0,12888.0,Medium,0.49999999999999994,0.8660254037844387,218.1,2,1,0,82.6
Monument,Undavalli caves,Caves,Amaravati,Andhra Pradesh,Metro,16.573,80.3572,Chennai,2022-23,2023,2,Feb,1,Winter,1,26.2,0.9,0.418,13441.0,38.0,13479.0,Medium,0.8660254037844386,0.5000000000000001,218.1,0,0,0,82.6
Monument,Undavalli caves,Caves,Amaravati,Andhra Pradesh,Metro,16.573,80.3572,Chennai,2022-23,2023,3,Mar,1,Summer,1,28.3,0.9,0.418,11096.0,31.0,11128.0,Medium,1.0,6.123233995736766e-17,218.1,1,1,0,82.6
Monument,Upper Fort Aguada,Fort,Goa,Goa,Metro,15.2993,74.124,Mumbai,2021-22,2021,4,Apr,2,Summer,0,29.1,0.3,0.766,4329.0,70.0,4398.0,Medium,0.8660254037844387,-0.4999999999999998,32.7,0,0,1,74.3
Monument,Upper Fort Aguada,Fort,Goa,Goa,Metro,15.2993,74.124,Mumbai,2021-22,2021,5,May,2,Summer,0,30.2,1.6,0.766,4136.0,67.0,4203.0,Medium,0.49999999999999994,-0.8660254037844387,32.7,0,0,3,74.3
Monument,Upper Fort Aguada,Fort,Goa,Goa,Metro,15.2993,74.124,Mumbai,2021-22,2021,6,Jun,2,Summer,0,29.2,19.8,0.766,4471.0,72.0,4543.0,Medium,1.2246467991473532e-16,-1.0,32.7,0,0,2,74.3
Monument,Upper Fort Aguada,Fort,Goa,Goa,Metro,15.2993,74.124,Mumbai,2021-22,2021,7,Jul,3,Monsoon,0,28.0,29.3,0.766,5355.0,86.0,5441.0,Medium,-0.4999999999999997,-0.8660254037844388,32.7,0,0,0,74.3
Monument,Upper Fort Aguada,Fort,Goa,Goa,Metro,15.2993,74.124,Mumbai,2021-22,2021,8,Aug,3,Monsoon,0,27.7,17.0,0.766,4414.0,71.0,4485.0,Medium,-0.8660254037844385,-0.5000000000000004,32.7,3,1,0,74.3
Monument,Upper Fort Aguada,Fort,Goa,Goa,Metro,15.2993,74.124,Mumbai,2021-22,2021,9,Sep,3,Monsoon,0,27.9,15.1,0.766,4546.0,73.0,4620.0,Medium,-1.0,-1.8369701987210297e-16,32.7,1,1,0,74.3
Monument,Upper Fort Aguada,Fort,Goa,Goa,Metro,15.2993,74.124,Mumbai,2021-22,2021,10,Oct,4,Autumn,1,28.9,4.7,0.766,5629.0,91.0,5720.0,Medium,-0.8660254037844386,0.5000000000000001,32.7,1,1,1,74.3
Monument,Upper Fort Aguada,Fort,Goa,Goa,Metro,15.2993,74.124,Mumbai,2021-22,2021,11,Nov,4,Autumn,1,28.2,0.8,0.766,6451.0,104.0,6555.0,Medium,-0.5000000000000004,0.8660254037844384,32.7,1,1,0,74.3
Monument,Upper Fort Aguada,Fort,Goa,Goa,Metro,15.2993,74.124,Mumbai,2021-22,2021,12,Dec,4,Winter,1,25.9,0.9,0.766,7098.0,114.0,7213.0,Medium,-2.4492935982947064e-16,1.0,32.7,1,1,2,74.3
Monument,Upper Fort Aguada,Fort,Goa,Goa,Metro,15.2993,74.124,Mumbai,2021-22,2022,1,Jan,1,Winter,1,24.6,0.1,0.766,6615.0,106.0,6722.0,Medium,0.49999999999999994,0.8660254037844387,32.7,2,1,0,78.6
Monument,Upper Fort Aguada,Fort,Goa,Goa,Metro,15.2993,74.124,Mumbai,2021-22,2022,2,Feb,1,Winter,1,25.7,0.0,0.766,6918.0,111.0,7030.0,Medium,0.8660254037844386,0.5000000000000001,32.7,0,0,0,78.6
Monument,Upper Fort Aguada,Fort,Goa,Goa,Metro,15.2993,74.124,Mumbai,2021-22,2022,3,Mar,1,Summer,1,27.8,0.3,0.766,5711.0,92.0,5803.0,Medium,1.0,6.123233995736766e-17,32.7,1,1,0,78.6
Monument,Upper Fort Aguada,Fort,Goa,Goa,Metro,15.2993,74.124,Mumbai,2022-23,2022,4,Apr,2,Summer,0,29.1,0.3,0.766,66898.0,548.0,67447.0,High,0.8660254037844387,-0.4999999999999998,32.7,0,0,1,78.6
Monument,Upper Fort Aguada,Fort,Goa,Goa,Metro,15.2993,74.124,Mumbai,2022-23,2022,5,May,2,Summer,0,30.2,1.6,0.766,63925.0,524.0,64449.0,High,0.49999999999999994,-0.8660254037844387,32.7,0,0,3,78.6
Monument,Upper Fort Aguada,Fort,Goa,Goa,Metro,15.2993,74.124,Mumbai,2022-23,2022,6,Jun,2,Summer,0,29.2,19.8,0.766,69099.0,566.0,69666.0,High,1.2246467991473532e-16,-1.0,32.7,0,0,2,78.6
Monument,Upper Fort Aguada,Fort,Goa,Goa,Metro,15.2993,74.124,Mumbai,2022-23,2022,7,Jul,3,Monsoon,0,28.0,29.3,0.766,82759.0,678.0,83438.0,High,-0.4999999999999997,-0.8660254037844388,32.7,0,0,0,78.6
Monument,Upper Fort Aguada,Fort,Goa,Goa,Metro,15.2993,74.124,Mumbai,2022-23,2022,8,Aug,3,Monsoon,0,27.7,17.0,0.766,68217.0,559.0,68776.0,High,-0.8660254037844385,-0.5000000000000004,32.7,3,1,0,78.6
Monument,Upper Fort Aguada,Fort,Goa,Goa,Metro,15.2993,74.124,Mumbai,2022-23,2022,9,Sep,3,Monsoon,0,27.9,15.1,0.766,70260.0,576.0,70836.0,High,-1.0,-1.8369701987210297e-16,32.7,1,1,0,78.6
Monument,Upper Fort Aguada,Fort,Goa,Goa,Metro,15.2993,74.124,Mumbai,2022-23,2022,10,Oct,4,Autumn,1,28.9,4.7,0.766,86997.0,713.0,87710.0,High,-0.8660254037844386,0.5000000000000001,32.7,2,1,1,78.6
Monument,Upper Fort Aguada,Fort,Goa,Goa,Metro,15.2993,74.124,Mumbai,2022-23,2022,11,Nov,4,Autumn,1,28.2,0.8,0.766,99695.0,817.0,100513.0,High,-0.5000000000000004,0.8660254037844384,32.7,0,0,0,78.6
Monument,Upper Fort Aguada,Fort,Goa,Goa,Metro,15.2993,74.124,Mumbai,2022-23,2022,12,Dec,4,Winter,1,25.9,0.9,0.766,109701.0,899.0,110600.0,High,-2.4492935982947064e-16,1.0,32.7,1,1,2,78.6
Monument,Upper Fort Aguada,Fort,Goa,Goa,Metro,15.2993,74.124,Mumbai,2022-23,2023,1,Jan,1,Winter,1,24.6,0.1,0.766,102233.0,838.0,103071.0,High,0.49999999999999994,0.8660254037844387,32.7,2,1,0,82.6
Monument,Upper Fort Aguada,Fort,Goa,Goa,Metro,15.2993,74.124,Mumbai,2022-23,2023,2,Feb,1,Winter,1,25.7,0.0,0.766,106917.0,876.0,107794.0,High,0.8660254037844386,0.5000000000000001,32.7,0,0,0,82.6
Monument,Upper Fort Aguada,Fort,Goa,Goa,Metro,15.2993,74.124,Mumbai,2022-23,2023,3,Mar,1,Summer,1,27.8,0.3,0.766,88267.0,724.0,88990.0,High,1.0,6.123233995736766e-17,32.7,1,1,0,82.6
Monument,Warangal,Other Heritage Site,Hyderabad,Telangana,Metro,17.385,78.4867,Bangalore,2021-22,2021,4,Apr,2,Summer,0,27.4,4.6,0.447,5665.0,7.0,5672.0,Medium,0.8660254037844387,-0.4999999999999998,17.2,0,0,1,74.3
Monument,Warangal,Other Heritage Site,Hyderabad,Telangana,Metro,17.385,78.4867,Bangalore,2021-22,2021,5,May,2,Summer,0,26.4,5.8,0.447,5413.0,7.0,5420.0,Medium,0.49999999999999994,-0.8660254037844387,17.2,0,0,3,74.3
Monument,Warangal,Other Heritage Site,Hyderabad,Telangana,Metro,17.385,78.4867,Bangalore,2021-22,2021,6,Jun,2,Summer,0,24.3,4.2,0.447,5851.0,7.0,5858.0,Medium,1.2246467991473532e-16,-1.0,17.2,0,0,2,74.3
Monument,Warangal,Other Heritage Site,Hyderabad,Telangana,Metro,17.385,78.4867,Bangalore,2021-22,2021,7,Jul,3,Monsoon,0,23.3,4.8,0.447,7008.0,9.0,7017.0,Medium,-0.4999999999999997,-0.8660254037844388,17.2,0,0,0,74.3
Monument,Warangal,Other Heritage Site,Hyderabad,Telangana,Metro,17.385,78.4867,Bangalore,2021-22,2021,8,Aug,3,Monsoon,0,23.1,5.7,0.447,5777.0,7.0,5784.0,Medium,-0.8660254037844385,-0.5000000000000004,17.2,3,1,0,74.3
Monument,Warangal,Other Heritage Site,Hyderabad,Telangana,Metro,17.385,78.4867,Bangalore,2021-22,2021,9,Sep,3,Monsoon,0,23.6,8.0,0.447,5950.0,7.0,5957.0,Medium,-1.0,-1.8369701987210297e-16,17.2,1,1,0,74.3
Monument,Warangal,Other Heritage Site,Hyderabad,Telangana,Metro,17.385,78.4867,Bangalore,2021-22,2021,10,Oct,4,Autumn,1,23.2,8.0,0.447,7367.0,9.0,7376.0,Medium,-0.8660254037844386,0.5000000000000001,17.2,1,1,1,74.3
Monument,Warangal,Other Heritage Site,Hyderabad,Telangana,Metro,17.385,78.4867,Bangalore,2021-22,2021,11,Nov,4,Autumn,1,22.1,3.7,0.447,8442.0,10.0,8452.0,Medium,-0.5000000000000004,0.8660254037844384,17.2,1,1,0,74.3
Monument,Warangal,Other Heritage Site,Hyderabad,Telangana,Metro,17.385,78.4867,Bangalore,2021-22,2021,12,Dec,4,Winter,1,21.0,1.2,0.447,9289.0,11.0,9301.0,Medium,-2.4492935982947064e-16,1.0,17.2,1,1,2,74.3
Monument,Warangal,Other Heritage Site,Hyderabad,Telangana,Metro,17.385,78.4867,Bangalore,2021-22,2022,1,Jan,1,Winter,1,21.5,0.1,0.447,8657.0,11.0,8668.0,Medium,0.49999999999999994,0.8660254037844387,17.2,2,1,0,78.6
Monument,Warangal,Other Heritage Site,Hyderabad,Telangana,Metro,17.385,78.4867,Bangalore,2021-22,2022,2,Feb,1,Winter,1,23.7,0.4,0.447,9054.0,11.0,9065.0,Medium,0.8660254037844386,0.5000000000000001,17.2,0,0,0,78.6
Monument,Warangal,Other Heritage Site,Hyderabad,Telangana,Metro,17.385,78.4867,Bangalore,2021-22,2022,3,Mar,1,Summer,1,26.4,1.2,0.447,7474.0,9.0,7483.0,Medium,1.0,6.123233995736766e-17,17.2,1,1,0,78.6
Monument,Warangal,Other Heritage Site,Hyderabad,Telangana,Metro,17.385,78.4867,Bangalore,2022-23,2022,4,Apr,2,Summer,0,27.4,4.6,0.447,9045.0,16.0,9061.0,Medium,0.8660254037844387,-0.4999999999999998,17.2,0,0,1,78.6
Monument,Warangal,Other Heritage Site,Hyderabad,Telangana,Metro,17.385,78.4867,Bangalore,2022-23,2022,5,May,2,Summer,0,26.4,5.8,0.447,8643.0,15.0,8658.0,Medium,0.49999999999999994,-0.8660254037844387,17.2,0,0,3,78.6
Monument,Warangal,Other Heritage Site,Hyderabad,Telangana,Metro,17.385,78.4867,Bangalore,2022-23,2022,6,Jun,2,Summer,0,24.3,4.2,0.447,9343.0,16.0,9359.0,Medium,1.2246467991473532e-16,-1.0,17.2,0,0,2,78.6
Monument,Warangal,Other Heritage Site,Hyderabad,Telangana,Metro,17.385,78.4867,Bangalore,2022-23,2022,7,Jul,3,Monsoon,0,23.3,4.8,0.447,11190.0,19.0,11209.0,Medium,-0.4999999999999997,-0.8660254037844388,17.2,0,0,0,78.6
Monument,Warangal,Other Heritage Site,Hyderabad,Telangana,Metro,17.385,78.4867,Bangalore,2022-23,2022,8,Aug,3,Monsoon,0,23.1,5.7,0.447,9224.0,16.0,9240.0,Medium,-0.8660254037844385,-0.5000000000000004,17.2,3,1,0,78.6
Monument,Warangal,Other Heritage Site,Hyderabad,Telangana,Metro,17.385,78.4867,Bangalore,2022-23,2022,9,Sep,3,Monsoon,0,23.6,8.0,0.447,9500.0,17.0,9516.0,Medium,-1.0,-1.8369701987210297e-16,17.2,1,1,0,78.6
Monument,Warangal,Other Heritage Site,Hyderabad,Telangana,Metro,17.385,78.4867,Bangalore,2022-23,2022,10,Oct,4,Autumn,1,23.2,8.0,0.447,11763.0,20.0,11783.0,Medium,-0.8660254037844386,0.5000000000000001,17.2,2,1,1,78.6
Monument,Warangal,Other Heritage Site,Hyderabad,Telangana,Metro,17.385,78.4867,Bangalore,2022-23,2022,11,Nov,4,Autumn,1,22.1,3.7,0.447,13480.0,23.0,13503.0,Medium,-0.5000000000000004,0.8660254037844384,17.2,0,0,0,78.6
Monument,Warangal,Other Heritage Site,Hyderabad,Telangana,Metro,17.385,78.4867,Bangalore,2022-23,2022,12,Dec,4,Winter,1,21.0,1.2,0.447,14833.0,26.0,14859.0,Medium,-2.4492935982947064e-16,1.0,17.2,1,1,2,78.6
Monument,Warangal,Other Heritage Site,Hyderabad,Telangana,Metro,17.385,78.4867,Bangalore,2022-23,2023,1,Jan,1,Winter,1,21.5,0.1,0.447,13823.0,24.0,13847.0,Medium,0.49999999999999994,0.8660254037844387,17.2,2,1,0,82.6
Monument,Warangal,Other Heritage Site,Hyderabad,Telangana,Metro,17.385,78.4867,Bangalore,2022-23,2023,2,Feb,1,Winter,1,23.7,0.4,0.447,14456.0,25.0,14482.0,Medium,0.8660254037844386,0.5000000000000001,17.2,0,0,0,82.6
Monument,Warangal,Other Heritage Site,Hyderabad,Telangana,Metro,17.385,78.4867,Bangalore,2022-23,2023,3,Mar,1,Summer,1,26.4,1.2,0.447,11935.0,21.0,11955.0,Medium,1.0,6.123233995736766e-17,17.2,1,1,0,82.6
Monument,"Western Group of Temples, Khajuraho",Temple,Jabalpur,Madhya Pradesh,Tier-2,23.1815,79.9864,Lucknow,2021-22,2021,4,Apr,2,Summer,0,30.0,0.4,0.716,16048.0,52.0,16100.0,Medium,0.8660254037844387,-0.4999999999999998,251.7,0,0,1,74.3
Monument,"Western Group of Temples, Khajuraho",Temple,Jabalpur,Madhya Pradesh,Tier-2,23.1815,79.9864,Lucknow,2021-22,2021,5,May,2,Summer,0,32.6,3.1,0.716,15335.0,50.0,15385.0,Medium,0.49999999999999994,-0.8660254037844387,251.7,0,0,3,74.3
Monument,"Western Group of Temples, Khajuraho",Temple,Jabalpur,Madhya Pradesh,Tier-2,23.1815,79.9864,Lucknow,2021-22,2021,6,Jun,2,Summer,0,32.6,4.8,0.716,16576.0,54.0,16630.0,Medium,1.2246467991473532e-16,-1.0,251.7,0,0,2,74.3
Monument,"Western Group of Temples, Khajuraho",Temple,Jabalpur,Madhya Pradesh,Tier-2,23.1815,79.9864,Lucknow,2021-22,2021,7,Jul,3,Monsoon,0,30.1,9.7,0.716,19853.0,65.0,19917.0,High,-0.4999999999999997,-0.8660254037844388,251.7,0,0,0,74.3
Monument,"Western Group of Temples, Khajuraho",Temple,Jabalpur,Madhya Pradesh,Tier-2,23.1815,79.9864,Lucknow,2021-22,2021,8,Aug,3,Monsoon,0,29.5,9.7,0.716,16364.0,53.0,16418.0,Medium,-0.8660254037844385,-0.5000000000000004,251.7,3,1,0,74.3
Monument,"Western Group of Temples, Khajuraho",Temple,Jabalpur,Madhya Pradesh,Tier-2,23.1815,79.9864,Lucknow,2021-22,2021,9,Sep,3,Monsoon,0,28.8,9.7,0.716,16854.0,55.0,16909.0,High,-1.0,-1.8369701987210297e-16,251.7,1,1,0,74.3
Monument,"Western Group of Temples, Khajuraho",Temple,Jabalpur,Madhya Pradesh,Tier-2,23.1815,79.9864,Lucknow,2021-22,2021,10,Oct,4,Autumn,1,26.0,1.7,0.716,20869.0,68.0,20937.0,High,-0.8660254037844386,0.5000000000000001,251.7,1,1,1,74.3
Monument,"Western Group of Temples, Khajuraho",Temple,Jabalpur,Madhya Pradesh,Tier-2,23.1815,79.9864,Lucknow,2021-22,2021,11,Nov,4,Autumn,1,20.7,0.4,0.716,23915.0,78.0,23993.0,High,-0.5000000000000004,0.8660254037844384,251.7,1,1,0,74.3
Monument,"Western Group of Temples, Khajuraho",Temple,Jabalpur,Madhya Pradesh,Tier-2,23.1815,79.9864,Lucknow,2021-22,2021,12,Dec,4,Winter,1,15.8,0.9,0.716,26315.0,86.0,26401.0,High,-2.4492935982947064e-16,1.0,251.7,1,1,2,74.3
Monument,"Western Group of Temples, Khajuraho",Temple,Jabalpur,Madhya Pradesh,Tier-2,23.1815,79.9864,Lucknow,2021-22,2022,1,Jan,1,Winter,1,14.1,1.4,0.716,24524.0,80.0,24604.0,High,0.49999999999999994,0.8660254037844387,251.7,2,1,0,78.6
Monument,"Western Group of Temples, Khajuraho",Temple,Jabalpur,Madhya Pradesh,Tier-2,23.1815,79.9864,Lucknow,2021-22,2022,2,Feb,1,Winter,1,18.4,1.5,0.716,25648.0,84.0,25732.0,High,0.8660254037844386,0.5000000000000001,251.7,0,0,0,78.6
Monument,"Western Group of Temples, Khajuraho",Temple,Jabalpur,Madhya Pradesh,Tier-2,23.1815,79.9864,Lucknow,2021-22,2022,3,Mar,1,Summer,1,23.9,0.8,0.716,21174.0,69.0,21243.0,High,1.0,6.123233995736766e-17,251.7,1,1,0,78.6
Monument,"Western Group of Temples, Khajuraho",Temple,Jabalpur,Madhya Pradesh,Tier-2,23.1815,79.9864,Lucknow,2022-23,2022,4,Apr,2,Summer,0,30.0,0.4,0.716,27634.0,1007.0,28641.0,High,0.8660254037844387,-0.4999999999999998,251.7,0,0,1,78.6
Monument,"Western Group of Temples, Khajuraho",Temple,Jabalpur,Madhya Pradesh,Tier-2,23.1815,79.9864,Lucknow,2022-23,2022,5,May,2,Summer,0,32.6,3.1,0.716,26406.0,962.0,27368.0,High,0.49999999999999994,-0.8660254037844387,251.7,0,0,3,78.6
Monument,"Western Group of Temples, Khajuraho",Temple,Jabalpur,Madhya Pradesh,Tier-2,23.1815,79.9864,Lucknow,2022-23,2022,6,Jun,2,Summer,0,32.6,4.8,0.716,28543.0,1040.0,29583.0,High,1.2246467991473532e-16,-1.0,251.7,0,0,2,78.6
Monument,"Western Group of Temples, Khajuraho",Temple,Jabalpur,Madhya Pradesh,Tier-2,23.1815,79.9864,Lucknow,2022-23,2022,7,Jul,3,Monsoon,0,30.1,9.7,0.716,34186.0,1245.0,35431.0,High,-0.4999999999999997,-0.8660254037844388,251.7,0,0,0,78.6
Monument,"Western Group of Temples, Khajuraho",Temple,Jabalpur,Madhya Pradesh,Tier-2,23.1815,79.9864,Lucknow,2022-23,2022,8,Aug,3,Monsoon,0,29.5,9.7,0.716,28179.0,1026.0,29205.0,High,-0.8660254037844385,-0.5000000000000004,251.7,3,1,0,78.6
Monument,"Western Group of Temples, Khajuraho",Temple,Jabalpur,Madhya Pradesh,Tier-2,23.1815,79.9864,Lucknow,2022-23,2022,9,Sep,3,Monsoon,0,28.8,9.7,0.716,29023.0,1057.0,30080.0,High,-1.0,-1.8369701987210297e-16,251.7,1,1,0,78.6
Monument,"Western Group of Temples, Khajuraho",Temple,Jabalpur,Madhya Pradesh,Tier-2,23.1815,79.9864,Lucknow,2022-23,2022,10,Oct,4,Autumn,1,26.0,1.7,0.716,35936.0,1309.0,37245.0,High,-0.8660254037844386,0.5000000000000001,251.7,2,1,1,78.6
Monument,"Western Group of Temples, Khajuraho",Temple,Jabalpur,Madhya Pradesh,Tier-2,23.1815,79.9864,Lucknow,2022-23,2022,11,Nov,4,Autumn,1,20.7,0.4,0.716,41182.0,1500.0,42682.0,High,-0.5000000000000004,0.8660254037844384,251.7,0,0,0,78.6
Monument,"Western Group of Temples, Khajuraho",Temple,Jabalpur,Madhya Pradesh,Tier-2,23.1815,79.9864,Lucknow,2022-23,2022,12,Dec,4,Winter,1,15.8,0.9,0.716,45315.0,1651.0,46965.0,High,-2.4492935982947064e-16,1.0,251.7,1,1,2,78.6
Monument,"Western Group of Temples, Khajuraho",Temple,Jabalpur,Madhya Pradesh,Tier-2,23.1815,79.9864,Lucknow,2022-23,2023,1,Jan,1,Winter,1,14.1,1.4,0.716,42230.0,1538.0,43768.0,High,0.49999999999999994,0.8660254037844387,251.7,2,1,0,82.6
Monument,"Western Group of Temples, Khajuraho",Temple,Jabalpur,Madhya Pradesh,Tier-2,23.1815,79.9864,Lucknow,2022-23,2023,2,Feb,1,Winter,1,18.4,1.5,0.716,44165.0,1609.0,45774.0,High,0.8660254037844386,0.5000000000000001,251.7,0,0,0,82.6
Monument,"Western Group of Temples, Khajuraho",Temple,Jabalpur,Madhya Pradesh,Tier-2,23.1815,79.9864,Lucknow,2022-23,2023,3,Mar,1,Summer,1,23.9,0.8,0.716,36461.0,1328.0,37789.0,High,1.0,6.123233995736766e-17,251.7,1,1,0,82.6
Monument,"| Ministry of Tourism 71 Sun temple, Modhera",Temple,Vadodara,Gujarat,Metro,22.3072,73.1812,Mumbai,2021-22,2021,4,Apr,2,Summer,0,29.1,0.3,0.681,14829.0,40.0,14869.0,Medium,0.8660254037844387,-0.4999999999999998,102.3,0,0,1,74.3
Monument,"| Ministry of Tourism 71 Sun temple, Modhera",Temple,Vadodara,Gujarat,Metro,22.3072,73.1812,Mumbai,2021-22,2021,5,May,2,Summer,0,30.2,1.6,0.681,14170.0,38.0,14208.0,Medium,0.49999999999999994,-0.8660254037844387,102.3,0,0,3,74.3
Monument,"| Ministry of Tourism 71 Sun temple, Modhera",Temple,Vadodara,Gujarat,Metro,22.3072,73.1812,Mumbai,2021-22,2021,6,Jun,2,Summer,0,29.2,19.8,0.681,15317.0,41.0,15358.0,Medium,1.2246467991473532e-16,-1.0,102.3,0,0,2,74.3
Monument,"| Ministry of Tourism 71 Sun temple, Modhera",Temple,Vadodara,Gujarat,Metro,22.3072,73.1812,Mumbai,2021-22,2021,7,Jul,3,Monsoon,0,28.0,29.3,0.681,18345.0,49.0,18394.0,High,-0.4999999999999997,-0.8660254037844388,102.3,0,0,0,74.3
Monument,"| Ministry of Tourism 71 Sun temple, Modhera",Temple,Vadodara,Gujarat,Metro,22.3072,73.1812,Mumbai,2021-22,2021,8,Aug,3,Monsoon,0,27.7,17.0,0.681,15121.0,41.0,15162.0,Medium,-0.8660254037844385,-0.5000000000000004,102.3,3,1,0,74.3
Monument,"| Ministry of Tourism 71 Sun temple, Modhera",Temple,Vadodara,Gujarat,Metro,22.3072,73.1812,Mumbai,2021-22,2021,9,Sep,3,Monsoon,0,27.9,15.1,0.681,15574.0,42.0,15616.0,Medium,-1.0,-1.8369701987210297e-16,102.3,1,1,0,74.3
Monument,"| Ministry of Tourism 71 Sun temple, Modhera",Temple,Vadodara,Gujarat,Metro,22.3072,73.1812,Mumbai,2021-22,2021,10,Oct,4,Autumn,1,28.9,4.7,0.681,19284.0,52.0,19336.0,High,-0.8660254037844386,0.5000000000000001,102.3,1,1,1,74.3
Monument,"| Ministry of Tourism 71 Sun temple, Modhera",Temple,Vadodara,Gujarat,Metro,22.3072,73.1812,Mumbai,2021-22,2021,11,Nov,4,Autumn,1,28.2,0.8,0.681,22099.0,59.0,22158.0,High,-0.5000000000000004,0.8660254037844384,102.3,1,1,0,74.3
Monument,"| Ministry of Tourism 71 Sun temple, Modhera",Temple,Vadodara,Gujarat,Metro,22.3072,73.1812,Mumbai,2021-22,2021,12,Dec,4,Winter,1,25.9,0.9,0.681,24317.0,65.0,24382.0,High,-2.4492935982947064e-16,1.0,102.3,1,1,2,74.3
Monument,"| Ministry of Tourism 71 Sun temple, Modhera",Temple,Vadodara,Gujarat,Metro,22.3072,73.1812,Mumbai,2021-22,2022,1,Jan,1,Winter,1,24.6,0.1,0.681,22661.0,61.0,22722.0,High,0.49999999999999994,0.8660254037844387,102.3,2,1,0,78.6
Monument,"| Ministry of Tourism 71 Sun temple, Modhera",Temple,Vadodara,Gujarat,Metro,22.3072,73.1812,Mumbai,2021-22,2022,2,Feb,1,Winter,1,25.7,0.0,0.681,23700.0,64.0,23763.0,High,0.8660254037844386,0.5000000000000001,102.3,0,0,0,78.6
Monument,"| Ministry of Tourism 71 Sun temple, Modhera",Temple,Vadodara,Gujarat,Metro,22.3072,73.1812,Mumbai,2021-22,2022,3,Mar,1,Summer,1,27.8,0.3,0.681,19566.0,52.0,19618.0,High,1.0,6.123233995736766e-17,102.3,1,1,0,78.6
Monument,"| Ministry of Tourism 71 Sun temple, Modhera",Temple,Vadodara,Gujarat,Metro,22.3072,73.1812,Mumbai,2022-23,2022,4,Apr,2,Summer,0,29.1,0.3,0.681,25017.0,1593.0,26610.0,High,0.8660254037844387,-0.4999999999999998,102.3,0,0,1,78.6
Monument,"| Ministry of Tourism 71 Sun temple, Modhera",Temple,Vadodara,Gujarat,Metro,22.3072,73.1812,Mumbai,2022-23,2022,5,May,2,Summer,0,30.2,1.6,0.681,23906.0,1522.0,25428.0,High,0.49999999999999994,-0.8660254037844387,102.3,0,0,3,78.6
Monument,"| Ministry of Tourism 71 Sun temple, Modhera",Temple,Vadodara,Gujarat,Metro,22.3072,73.1812,Mumbai,2022-23,2022,6,Jun,2,Summer,0,29.2,19.8,0.681,25841.0,1645.0,27486.0,High,1.2246467991473532e-16,-1.0,102.3,0,0,2,78.6
Monument,"| Ministry of Tourism 71 Sun temple, Modhera",Temple,Vadodara,Gujarat,Metro,22.3072,73.1812,Mumbai,2022-23,2022,7,Jul,3,Monsoon,0,28.0,29.3,0.681,30949.0,1970.0,32919.0,High,-0.4999999999999997,-0.8660254037844388,102.3,0,0,0,78.6
Monument,"| Ministry of Tourism 71 Sun temple, Modhera",Temple,Vadodara,Gujarat,Metro,22.3072,73.1812,Mumbai,2022-23,2022,8,Aug,3,Monsoon,0,27.7,17.0,0.681,25511.0,1624.0,27135.0,High,-0.8660254037844385,-0.5000000000000004,102.3,3,1,0,78.6
Monument,"| Ministry of Tourism 71 Sun temple, Modhera",Temple,Vadodara,Gujarat,Metro,22.3072,73.1812,Mumbai,2022-23,2022,9,Sep,3,Monsoon,0,27.9,15.1,0.681,26275.0,1673.0,27947.0,High,-1.0,-1.8369701987210297e-16,102.3,1,1,0,78.6
Monument,"| Ministry of Tourism 71 Sun temple, Modhera",Temple,Vadodara,Gujarat,Metro,22.3072,73.1812,Mumbai,2022-23,2022,10,Oct,4,Autumn,1,28.9,4.7,0.681,32534.0,2071.0,34605.0,High,-0.8660254037844386,0.5000000000000001,102.3,2,1,1,78.6
Monument,"| Ministry of Tourism 71 Sun temple, Modhera",Temple,Vadodara,Gujarat,Metro,22.3072,73.1812,Mumbai,2022-23,2022,11,Nov,4,Autumn,1,28.2,0.8,0.681,37282.0,2374.0,39656.0,High,-0.5000000000000004,0.8660254037844384,102.3,0,0,0,78.6
Monument,"| Ministry of Tourism 71 Sun temple, Modhera",Temple,Vadodara,Gujarat,Metro,22.3072,73.1812,Mumbai,2022-23,2022,12,Dec,4,Winter,1,25.9,0.9,0.681,41024.0,2612.0,43636.0,High,-2.4492935982947064e-16,1.0,102.3,1,1,2,78.6
Monument,"| Ministry of Tourism 71 Sun temple, Modhera",Temple,Vadodara,Gujarat,Metro,22.3072,73.1812,Mumbai,2022-23,2023,1,Jan,1,Winter,1,24.6,0.1,0.681,38231.0,2434.0,40665.0,High,0.49999999999999994,0.8660254037844387,102.3,2,1,0,82.6
Monument,"| Ministry of Tourism 71 Sun temple, Modhera",Temple,Vadodara,Gujarat,Metro,22.3072,73.1812,Mumbai,2022-23,2023,2,Feb,1,Winter,1,25.7,0.0,0.681,39983.0,2546.0,42529.0,High,0.8660254037844386,0.5000000000000001,102.3,0,0,0,82.6
Monument,"| Ministry of Tourism 71 Sun temple, Modhera",Temple,Vadodara,Gujarat,Metro,22.3072,73.1812,Mumbai,2022-23,2023,3,Mar,1,Summer,1,27.8,0.3,0.681,33008.0,2102.0,35110.0,High,1.0,6.123233995736766e-17,102.3,1,1,0,82.6
Monument,| Ministry of Tourism Bhopal 37 Buddhist Caves,Caves,Thiruchirapalli,Tamil Nadu,Metro,10.7905,78.7047,Bangalore,2021-22,2021,4,Apr,2,Summer,0,27.4,4.6,0.184,1797.0,0.0,1797.0,Low,0.8660254037844387,-0.4999999999999998,183.3,0,0,1,74.3
Monument,| Ministry of Tourism Bhopal 37 Buddhist Caves,Caves,Thiruchirapalli,Tamil Nadu,Metro,10.7905,78.7047,Bangalore,2021-22,2021,5,May,2,Summer,0,26.4,5.8,0.184,1717.0,0.0,1717.0,Low,0.49999999999999994,-0.8660254037844387,183.3,0,0,3,74.3
Monument,| Ministry of Tourism Bhopal 37 Buddhist Caves,Caves,Thiruchirapalli,Tamil Nadu,Metro,10.7905,78.7047,Bangalore,2021-22,2021,6,Jun,2,Summer,0,24.3,4.2,0.184,1856.0,0.0,1856.0,Low,1.2246467991473532e-16,-1.0,183.3,0,0,2,74.3
Monument,| Ministry of Tourism Bhopal 37 Buddhist Caves,Caves,Thiruchirapalli,Tamil Nadu,Metro,10.7905,78.7047,Bangalore,2021-22,2021,7,Jul,3,Monsoon,0,23.3,4.8,0.184,2223.0,0.0,2223.0,Low,-0.4999999999999997,-0.8660254037844388,183.3,0,0,0,74.3
Monument,| Ministry of Tourism Bhopal 37 Buddhist Caves,Caves,Thiruchirapalli,Tamil Nadu,Metro,10.7905,78.7047,Bangalore,2021-22,2021,8,Aug,3,Monsoon,0,23.1,5.7,0.184,1832.0,0.0,1832.0,Low,-0.8660254037844385,-0.5000000000000004,183.3,3,1,0,74.3
Monument,| Ministry of Tourism Bhopal 37 Buddhist Caves,Caves,Thiruchirapalli,Tamil Nadu,Metro,10.7905,78.7047,Bangalore,2021-22,2021,9,Sep,3,Monsoon,0,23.6,8.0,0.184,1887.0,0.0,1887.0,Low,-1.0,-1.8369701987210297e-16,183.3,1,1,0,74.3
Monument,| Ministry of Tourism Bhopal 37 Buddhist Caves,Caves,Thiruchirapalli,Tamil Nadu,Metro,10.7905,78.7047,Bangalore,2021-22,2021,10,Oct,4,Autumn,1,23.2,8.0,0.184,2337.0,0.0,2337.0,Low,-0.8660254037844386,0.5000000000000001,183.3,1,1,1,74.3
Monument,| Ministry of Tourism Bhopal 37 Buddhist Caves,Caves,Thiruchirapalli,Tamil Nadu,Metro,10.7905,78.7047,Bangalore,2021-22,2021,11,Nov,4,Autumn,1,22.1,3.7,0.184,2678.0,0.0,2678.0,Low,-0.5000000000000004,0.8660254037844384,183.3,1,1,0,74.3
Monument,| Ministry of Tourism Bhopal 37 Buddhist Caves,Caves,Thiruchirapalli,Tamil Nadu,Metro,10.7905,78.7047,Bangalore,2021-22,2021,12,Dec,4,Winter,1,21.0,1.2,0.184,2946.0,0.0,2946.0,Low,-2.4492935982947064e-16,1.0,183.3,1,1,2,74.3
Monument,| Ministry of Tourism Bhopal 37 Buddhist Caves,Caves,Thiruchirapalli,Tamil Nadu,Metro,10.7905,78.7047,Bangalore,2021-22,2022,1,Jan,1,Winter,1,21.5,0.1,0.184,2746.0,0.0,2746.0,Low,0.49999999999999994,0.8660254037844387,183.3,2,1,0,78.6
Monument,| Ministry of Tourism Bhopal 37 Buddhist Caves,Caves,Thiruchirapalli,Tamil Nadu,Metro,10.7905,78.7047,Bangalore,2021-22,2022,2,Feb,1,Winter,1,23.7,0.4,0.184,2872.0,0.0,2872.0,Low,0.8660254037844386,0.5000000000000001,183.3,0,0,0,78.6
Monument,| Ministry of Tourism Bhopal 37 Buddhist Caves,Caves,Thiruchirapalli,Tamil Nadu,Metro,10.7905,78.7047,Bangalore,2021-22,2022,3,Mar,1,Summer,1,26.4,1.2,0.184,2371.0,0.0,2371.0,Low,1.0,6.123233995736766e-17,183.3,1,1,0,78.6
Monument,| Ministry of Tourism Bhopal 37 Buddhist Caves,Caves,Thiruchirapalli,Tamil Nadu,Metro,10.7905,78.7047,Bangalore,2022-23,2022,4,Apr,2,Summer,0,27.4,4.6,0.184,1915.0,0.0,1916.0,Low,0.8660254037844387,-0.4999999999999998,183.3,0,0,1,78.6
Monument,| Ministry of Tourism Bhopal 37 Buddhist Caves,Caves,Thiruchirapalli,Tamil Nadu,Metro,10.7905,78.7047,Bangalore,2022-23,2022,5,May,2,Summer,0,26.4,5.8,0.184,1830.0,0.0,1830.0,Low,0.49999999999999994,-0.8660254037844387,183.3,0,0,3,78.6
Monument,| Ministry of Tourism Bhopal 37 Buddhist Caves,Caves,Thiruchirapalli,Tamil Nadu,Metro,10.7905,78.7047,Bangalore,2022-23,2022,6,Jun,2,Summer,0,24.3,4.2,0.184,1978.0,0.0,1979.0,Low,1.2246467991473532e-16,-1.0,183.3,0,0,2,78.6
Monument,| Ministry of Tourism Bhopal 37 Buddhist Caves,Caves,Thiruchirapalli,Tamil Nadu,Metro,10.7905,78.7047,Bangalore,2022-23,2022,7,Jul,3,Monsoon,0,23.3,4.8,0.184,2369.0,0.0,2370.0,Low,-0.4999999999999997,-0.8660254037844388,183.3,0,0,0,78.6
Monument,| Ministry of Tourism Bhopal 37 Buddhist Caves,Caves,Thiruchirapalli,Tamil Nadu,Metro,10.7905,78.7047,Bangalore,2022-23,2022,8,Aug,3,Monsoon,0,23.1,5.7,0.184,1953.0,0.0,1953.0,Low,-0.8660254037844385,-0.5000000000000004,183.3,3,1,0,78.6
Monument,| Ministry of Tourism Bhopal 37 Buddhist Caves,Caves,Thiruchirapalli,Tamil Nadu,Metro,10.7905,78.7047,Bangalore,2022-23,2022,9,Sep,3,Monsoon,0,23.6,8.0,0.184,2011.0,0.0,2012.0,Low,-1.0,-1.8369701987210297e-16,183.3,1,1,0,78.6
Monument,| Ministry of Tourism Bhopal 37 Buddhist Caves,Caves,Thiruchirapalli,Tamil Nadu,Metro,10.7905,78.7047,Bangalore,2022-23,2022,10,Oct,4,Autumn,1,23.2,8.0,0.184,2491.0,1.0,2491.0,Low,-0.8660254037844386,0.5000000000000001,183.3,2,1,1,78.6
Monument,| Ministry of Tourism Bhopal 37 Buddhist Caves,Caves,Thiruchirapalli,Tamil Nadu,Metro,10.7905,78.7047,Bangalore,2022-23,2022,11,Nov,4,Autumn,1,22.1,3.7,0.184,2854.0,1.0,2855.0,Low,-0.5000000000000004,0.8660254037844384,183.3,0,0,0,78.6
Monument,| Ministry of Tourism Bhopal 37 Buddhist Caves,Caves,Thiruchirapalli,Tamil Nadu,Metro,10.7905,78.7047,Bangalore,2022-23,2022,12,Dec,4,Winter,1,21.0,1.2,0.184,3140.0,1.0,3141.0,Low,-2.4492935982947064e-16,1.0,183.3,1,1,2,78.6
Monument,| Ministry of Tourism Bhopal 37 Buddhist Caves,Caves,Thiruchirapalli,Tamil Nadu,Metro,10.7905,78.7047,Bangalore,2022-23,2023,1,Jan,1,Winter,1,21.5,0.1,0.184,2927.0,1.0,2927.0,Low,0.49999999999999994,0.8660254037844387,183.3,2,1,0,82.6
Monument,| Ministry of Tourism Bhopal 37 Buddhist Caves,Caves,Thiruchirapalli,Tamil Nadu,Metro,10.7905,78.7047,Bangalore,2022-23,2023,2,Feb,1,Winter,1,23.7,0.4,0.184,3061.0,1.0,3061.0,Low,0.8660254037844386,0.5000000000000001,183.3,0,0,0,82.6
Monument,| Ministry of Tourism Bhopal 37 Buddhist Caves,Caves,Thiruchirapalli,Tamil Nadu,Metro,10.7905,78.7047,Bangalore,2022-23,2023,3,Mar,1,Summer,1,26.4,1.2,0.184,2527.0,1.0,2527.0,Low,1.0,6.123233995736766e-17,183.3,1,1,0,82.6
